{
  "type": "FeatureCollection",
  "features": [
    {
      "type": "Feature",
      "geometry": {
        "type": "MultiLineString",
        "coordinates": [
          [
            [
              24.306457,
              48.395917
            ],
            [
              24.306859,
              48.395676
            ],
            [
              24.307506,
              48.395421
            ],
            [
              24.308403,
              48.395174
            ],
            [
              24.308764,
              48.395066
            ],
            [
              24.310058,
              48.394546
            ],
            [
              24.311447,
              48.394017
            ],
            [
              24.312097,
              48.393803
            ],
            [
              24.312446,
              48.393666
            ],
            [
              24.312684,
              48.393633
            ],
            [
              24.31311,
              48.393581
            ],
            [
              24.314241,
              48.39358
            ],
            [
              24.314434,
              48.393573
            ],
            [
              24.314942,
              48.393492
            ],
            [
              24.315416,
              48.393381
            ],
            [
              24.315703,
              48.393293
            ],
            [
              24.315867,
              48.393226
            ],
            [
              24.316266,
              48.39294
            ],
            [
              24.316585,
              48.392541
            ],
            [
              24.317091,
              48.391723
            ],
            [
              24.317203,
              48.391535
            ],
            [
              24.317852,
              48.390765
            ],
            [
              24.318093,
              48.39049
            ],
            [
              24.318582,
              48.38999
            ],
            [
              24.318944,
              48.389792
            ],
            [
              24.319547,
              48.389548
            ],
            [
              24.320237,
              48.389365
            ],
            [
              24.321146,
              48.389238
            ],
            [
              24.322851,
              48.388969
            ],
            [
              24.3239,
              48.388808
            ],
            [
              24.325128,
              48.388757
            ],
            [
              24.327715,
              48.388772
            ],
            [
              24.328123,
              48.388801
            ],
            [
              24.328387,
              48.388823
            ],
            [
              24.328752,
              48.388893
            ],
            [
              24.329328,
              48.388999
            ],
            [
              24.329772,
              48.389127
            ],
            [
              24.330105,
              48.389227
            ],
            [
              24.330584,
              48.38926
            ],
            [
              24.331037,
              48.389143
            ],
            [
              24.331689,
              48.388876
            ],
            [
              24.332518,
              48.388457
            ],
            [
              24.333077,
              48.388246
            ],
            [
              24.333505,
              48.38809
            ],
            [
              24.333669,
              48.388054
            ],
            [
              24.334585,
              48.387602
            ],
            [
              24.334813,
              48.387444
            ],
            [
              24.335426,
              48.386812
            ],
            [
              24.33568,
              48.386609
            ],
            [
              24.336229,
              48.386321
            ],
            [
              24.336638,
              48.386203
            ],
            [
              24.337748,
              48.386041
            ],
            [
              24.339743,
              48.385846
            ],
            [
              24.340876,
              48.385732
            ],
            [
              24.34204,
              48.385557
            ],
            [
              24.34284,
              48.385442
            ],
            [
              24.343344,
              48.385192
            ],
            [
              24.344028,
              48.384493
            ],
            [
              24.344635,
              48.383325
            ],
            [
              24.344656,
              48.383038
            ],
            [
              24.344688,
              48.3826
            ],
            [
              24.344715,
              48.382269
            ],
            [
              24.344598,
              48.381872
            ],
            [
              24.34446,
              48.381529
            ],
            [
              24.34493,
              48.381385
            ],
            [
              24.347218,
              48.381473
            ],
            [
              24.348169,
              48.381503
            ],
            [
              24.349231,
              48.38175
            ],
            [
              24.349771,
              48.381643
            ],
            [
              24.350406,
              48.381247
            ],
            [
              24.350914,
              48.380945
            ],
            [
              24.351432,
              48.380599
            ],
            [
              24.351942,
              48.380237
            ],
            [
              24.352777,
              48.379669
            ],
            [
              24.35371,
              48.379013
            ],
            [
              24.353878,
              48.378901
            ],
            [
              24.354624,
              48.378262
            ],
            [
              24.355312,
              48.377659
            ],
            [
              24.355875,
              48.377178
            ],
            [
              24.356451,
              48.37656
            ],
            [
              24.356979,
              48.375896
            ],
            [
              24.357215,
              48.37529
            ],
            [
              24.35745,
              48.374773
            ],
            [
              24.357805,
              48.374045
            ],
            [
              24.358382,
              48.373273
            ],
            [
              24.358099,
              48.372907
            ],
            [
              24.356936,
              48.372018
            ],
            [
              24.356609,
              48.371758
            ],
            [
              24.355865,
              48.371129
            ],
            [
              24.354974,
              48.370753
            ],
            [
              24.354248,
              48.370459
            ],
            [
              24.353965,
              48.370243
            ],
            [
              24.353851,
              48.369695
            ],
            [
              24.353924,
              48.36918
            ],
            [
              24.353839,
              48.368776
            ],
            [
              24.353476,
              48.368305
            ],
            [
              24.353317,
              48.368075
            ],
            [
              24.352993,
              48.367646
            ],
            [
              24.352323,
              48.366757
            ],
            [
              24.351911,
              48.365523
            ],
            [
              24.351779,
              48.365026
            ],
            [
              24.351866,
              48.364758
            ],
            [
              24.352127,
              48.364502
            ],
            [
              24.352387,
              48.364157
            ],
            [
              24.352473,
              48.363928
            ],
            [
              24.352243,
              48.36227
            ],
            [
              24.352143,
              48.361037
            ],
            [
              24.352133,
              48.360761
            ],
            [
              24.352166,
              48.360472
            ],
            [
              24.352171,
              48.360402
            ],
            [
              24.352721,
              48.359653
            ],
            [
              24.353321,
              48.35879
            ],
            [
              24.354236,
              48.357402
            ],
            [
              24.354575,
              48.35688
            ],
            [
              24.354924,
              48.356493
            ],
            [
              24.355478,
              48.355398
            ],
            [
              24.355977,
              48.354247
            ],
            [
              24.356215,
              48.35391
            ],
            [
              24.356724,
              48.353175
            ],
            [
              24.357806,
              48.35201
            ],
            [
              24.358489,
              48.351664
            ],
            [
              24.35929,
              48.351378
            ],
            [
              24.360029,
              48.351075
            ],
            [
              24.361489,
              48.350439
            ],
            [
              24.363091,
              48.349682
            ],
            [
              24.366961,
              48.348967
            ],
            [
              24.367148,
              48.348974
            ],
            [
              24.367499,
              48.349007
            ],
            [
              24.368415,
              48.349193
            ],
            [
              24.369878,
              48.349555
            ],
            [
              24.370879,
              48.34981
            ],
            [
              24.371089,
              48.349954
            ],
            [
              24.37125,
              48.350013
            ],
            [
              24.371864,
              48.349954
            ],
            [
              24.373419,
              48.34911
            ],
            [
              24.374701,
              48.348459
            ],
            [
              24.375814,
              48.34792
            ],
            [
              24.376512,
              48.347721
            ],
            [
              24.377568,
              48.347485
            ],
            [
              24.378043,
              48.347349
            ],
            [
              24.378433,
              48.347092
            ],
            [
              24.379402,
              48.346272
            ],
            [
              24.380666,
              48.345649
            ],
            [
              24.381466,
              48.345454
            ],
            [
              24.382315,
              48.345396
            ],
            [
              24.38344,
              48.345425
            ],
            [
              24.383986,
              48.345433
            ],
            [
              24.384411,
              48.345359
            ],
            [
              24.384671,
              48.345234
            ],
            [
              24.384908,
              48.345014
            ],
            [
              24.385095,
              48.344743
            ],
            [
              24.385232,
              48.344393
            ],
            [
              24.385308,
              48.343911
            ],
            [
              24.385323,
              48.342891
            ],
            [
              24.385318,
              48.342455
            ],
            [
              24.385416,
              48.342249
            ],
            [
              24.385601,
              48.342051
            ],
            [
              24.385876,
              48.34197
            ],
            [
              24.386592,
              48.341944
            ],
            [
              24.387495,
              48.341911
            ],
            [
              24.388671,
              48.341816
            ],
            [
              24.389004,
              48.341794
            ],
            [
              24.389476,
              48.341642
            ],
            [
              24.389738,
              48.341473
            ],
            [
              24.389918,
              48.341244
            ],
            [
              24.39002,
              48.340983
            ],
            [
              24.390055,
              48.340859
            ],
            [
              24.390002,
              48.340705
            ],
            [
              24.390137,
              48.340413
            ],
            [
              24.390447,
              48.340209
            ],
            [
              24.391097,
              48.339875
            ],
            [
              24.39152,
              48.339657
            ],
            [
              24.391832,
              48.339375
            ],
            [
              24.392013,
              48.33903
            ],
            [
              24.392052,
              48.338782
            ],
            [
              24.391998,
              48.338606
            ],
            [
              24.391787,
              48.337816
            ],
            [
              24.391792,
              48.337709
            ],
            [
              24.391855,
              48.337383
            ],
            [
              24.392091,
              48.336716
            ],
            [
              24.392195,
              48.33616
            ],
            [
              24.392309,
              48.335672
            ],
            [
              24.392698,
              48.335281
            ],
            [
              24.393066,
              48.335014
            ],
            [
              24.393379,
              48.334834
            ],
            [
              24.39389,
              48.334672
            ],
            [
              24.394953,
              48.334453
            ],
            [
              24.396136,
              48.334206
            ],
            [
              24.396677,
              48.334158
            ],
            [
              24.398232,
              48.33386
            ],
            [
              24.398541,
              48.333934
            ],
            [
              24.400141,
              48.334756
            ],
            [
              24.401545,
              48.33541
            ],
            [
              24.401808,
              48.335504
            ],
            [
              24.402297,
              48.335496
            ],
            [
              24.40243,
              48.335489
            ],
            [
              24.40264,
              48.33544
            ],
            [
              24.402882,
              48.335336
            ],
            [
              24.403192,
              48.335174
            ],
            [
              24.40346,
              48.334883
            ],
            [
              24.403616,
              48.334729
            ],
            [
              24.403807,
              48.334356
            ],
            [
              24.404546,
              48.333886
            ],
            [
              24.40561,
              48.333495
            ],
            [
              24.407209,
              48.332957
            ],
            [
              24.408692,
              48.332544
            ],
            [
              24.409721,
              48.332282
            ],
            [
              24.410374,
              48.332153
            ],
            [
              24.41128,
              48.332013
            ],
            [
              24.412331,
              48.332105
            ],
            [
              24.412641,
              48.332127
            ],
            [
              24.413239,
              48.332242
            ],
            [
              24.414125,
              48.332304
            ],
            [
              24.414645,
              48.332316
            ],
            [
              24.415783,
              48.332245
            ],
            [
              24.416191,
              48.332182
            ],
            [
              24.4165,
              48.33213
            ],
            [
              24.416826,
              48.33203
            ],
            [
              24.416997,
              48.331979
            ],
            [
              24.417361,
              48.331755
            ],
            [
              24.417503,
              48.331505
            ],
            [
              24.417612,
              48.330933
            ],
            [
              24.417463,
              48.330584
            ],
            [
              24.416437,
              48.329391
            ],
            [
              24.416021,
              48.328995
            ],
            [
              24.415725,
              48.328512
            ],
            [
              24.415596,
              48.328068
            ],
            [
              24.415578,
              48.327575
            ],
            [
              24.415747,
              48.327143
            ],
            [
              24.416236,
              48.326343
            ],
            [
              24.416778,
              48.325692
            ],
            [
              24.417363,
              48.32523
            ],
            [
              24.418031,
              48.324699
            ],
            [
              24.418827,
              48.324207
            ],
            [
              24.419658,
              48.323747
            ],
            [
              24.42036,
              48.32355
            ],
            [
              24.422002,
              48.323307
            ],
            [
              24.422931,
              48.323166
            ],
            [
              24.423203,
              48.323097
            ],
            [
              24.423421,
              48.323017
            ],
            [
              24.423593,
              48.322862
            ],
            [
              24.423644,
              48.322718
            ],
            [
              24.423699,
              48.322229
            ],
            [
              24.423744,
              48.321756
            ],
            [
              24.42375,
              48.321568
            ],
            [
              24.423873,
              48.321329
            ],
            [
              24.424386,
              48.32098
            ],
            [
              24.424656,
              48.32079
            ],
            [
              24.424848,
              48.320611
            ],
            [
              24.424925,
              48.320476
            ],
            [
              24.42493,
              48.32025
            ],
            [
              24.424941,
              48.31992
            ],
            [
              24.425077,
              48.319548
            ],
            [
              24.425158,
              48.319288
            ],
            [
              24.425283,
              48.319162
            ],
            [
              24.425811,
              48.318951
            ],
            [
              24.426154,
              48.318879
            ],
            [
              24.426752,
              48.318818
            ],
            [
              24.427021,
              48.318751
            ],
            [
              24.427289,
              48.318598
            ],
            [
              24.427501,
              48.318464
            ],
            [
              24.42774,
              48.31826
            ],
            [
              24.427852,
              48.318126
            ],
            [
              24.427958,
              48.317871
            ],
            [
              24.428086,
              48.317605
            ],
            [
              24.428158,
              48.317443
            ],
            [
              24.428319,
              48.317211
            ],
            [
              24.428556,
              48.3169
            ],
            [
              24.4286,
              48.316761
            ],
            [
              24.428606,
              48.316586
            ],
            [
              24.42837,
              48.316247
            ],
            [
              24.428201,
              48.316011
            ],
            [
              24.428092,
              48.315754
            ],
            [
              24.428126,
              48.31562
            ],
            [
              24.428328,
              48.315339
            ],
            [
              24.428618,
              48.315001
            ],
            [
              24.429263,
              48.314497
            ],
            [
              24.429575,
              48.31433
            ],
            [
              24.42997,
              48.314112
            ],
            [
              24.430181,
              48.314009
            ],
            [
              24.430665,
              48.313634
            ],
            [
              24.431102,
              48.313308
            ],
            [
              24.431471,
              48.313122
            ],
            [
              24.431933,
              48.313067
            ],
            [
              24.432405,
              48.313144
            ],
            [
              24.433224,
              48.313246
            ],
            [
              24.434128,
              48.313473
            ],
            [
              24.434907,
              48.313675
            ],
            [
              24.43646,
              48.313959
            ],
            [
              24.436976,
              48.313946
            ],
            [
              24.437432,
              48.313846
            ],
            [
              24.437622,
              48.313767
            ],
            [
              24.437762,
              48.313678
            ],
            [
              24.437858,
              48.313485
            ],
            [
              24.437838,
              48.313334
            ],
            [
              24.437747,
              48.313064
            ],
            [
              24.437656,
              48.312865
            ],
            [
              24.43752,
              48.312673
            ],
            [
              24.43755,
              48.312494
            ],
            [
              24.437661,
              48.312435
            ],
            [
              24.437849,
              48.312402
            ],
            [
              24.438356,
              48.312336
            ],
            [
              24.438812,
              48.312376
            ],
            [
              24.439055,
              48.312391
            ],
            [
              24.439291,
              48.312373
            ],
            [
              24.43944,
              48.312314
            ],
            [
              24.439572,
              48.312244
            ],
            [
              24.43965,
              48.312076
            ],
            [
              24.439706,
              48.311759
            ],
            [
              24.439925,
              48.311577
            ],
            [
              24.440013,
              48.311486
            ],
            [
              24.440068,
              48.311338
            ],
            [
              24.440079,
              48.311001
            ],
            [
              24.440084,
              48.310551
            ],
            [
              24.440046,
              48.310389
            ],
            [
              24.439997,
              48.310192
            ],
            [
              24.439896,
              48.309831
            ],
            [
              24.439744,
              48.309286
            ],
            [
              24.439613,
              48.30892
            ],
            [
              24.439505,
              48.308655
            ],
            [
              24.43952,
              48.308047
            ],
            [
              24.440082,
              48.307548
            ],
            [
              24.440598,
              48.307139
            ],
            [
              24.441418,
              48.306843
            ],
            [
              24.441685,
              48.306709
            ],
            [
              24.442373,
              48.306138
            ],
            [
              24.443581,
              48.305175
            ],
            [
              24.443714,
              48.305072
            ],
            [
              24.444094,
              48.304504
            ],
            [
              24.444581,
              48.304155
            ],
            [
              24.444873,
              48.303939
            ],
            [
              24.445132,
              48.303607
            ],
            [
              24.445258,
              48.303012
            ],
            [
              24.445335,
              48.302621
            ],
            [
              24.445466,
              48.302459
            ],
            [
              24.445705,
              48.302276
            ],
            [
              24.446178,
              48.301971
            ],
            [
              24.447,
              48.301491
            ],
            [
              24.447496,
              48.301198
            ],
            [
              24.448085,
              48.300968
            ],
            [
              24.448644,
              48.300772
            ],
            [
              24.449037,
              48.300654
            ],
            [
              24.449357,
              48.300473
            ],
            [
              24.449539,
              48.300286
            ],
            [
              24.449957,
              48.300036
            ],
            [
              24.451139,
              48.299327
            ],
            [
              24.452671,
              48.299095
            ],
            [
              24.453669,
              48.298945
            ],
            [
              24.454988,
              48.298813
            ],
            [
              24.45576,
              48.298721
            ],
            [
              24.456443,
              48.298614
            ],
            [
              24.457161,
              48.298422
            ],
            [
              24.457517,
              48.298206
            ],
            [
              24.457877,
              48.29766
            ],
            [
              24.458062,
              48.29745
            ],
            [
              24.458383,
              48.297269
            ],
            [
              24.458803,
              48.297114
            ],
            [
              24.459101,
              48.296962
            ],
            [
              24.459215,
              48.296862
            ],
            [
              24.459452,
              48.296646
            ],
            [
              24.459599,
              48.296326
            ],
            [
              24.459717,
              48.296125
            ],
            [
              24.459823,
              48.295996
            ],
            [
              24.460062,
              48.295844
            ],
            [
              24.460193,
              48.295166
            ],
            [
              24.460063,
              48.294737
            ],
            [
              24.459869,
              48.294171
            ],
            [
              24.459744,
              48.294048
            ],
            [
              24.459564,
              48.293939
            ],
            [
              24.459003,
              48.293686
            ],
            [
              24.458906,
              48.293508
            ],
            [
              24.458908,
              48.29335
            ],
            [
              24.45906,
              48.293092
            ],
            [
              24.459534,
              48.292548
            ],
            [
              24.459682,
              48.292468
            ],
            [
              24.459841,
              48.292428
            ],
            [
              24.460132,
              48.292403
            ],
            [
              24.460669,
              48.292355
            ],
            [
              24.461134,
              48.292283
            ],
            [
              24.461993,
              48.292138
            ],
            [
              24.462452,
              48.292065
            ],
            [
              24.463754,
              48.291794
            ],
            [
              24.463895,
              48.291704
            ],
            [
              24.464092,
              48.291477
            ],
            [
              24.46417,
              48.291329
            ],
            [
              24.464192,
              48.291071
            ],
            [
              24.464312,
              48.290928
            ],
            [
              24.464623,
              48.290802
            ],
            [
              24.465289,
              48.290558
            ],
            [
              24.465615,
              48.290466
            ],
            [
              24.465825,
              48.290418
            ],
            [
              24.466272,
              48.290404
            ],
            [
              24.466813,
              48.29044
            ],
            [
              24.467398,
              48.290485
            ],
            [
              24.468039,
              48.290514
            ],
            [
              24.468409,
              48.290492
            ],
            [
              24.468646,
              48.2904
            ],
            [
              24.468771,
              48.290256
            ],
            [
              24.46883,
              48.290109
            ],
            [
              24.468812,
              48.289926
            ],
            [
              24.468782,
              48.289677
            ],
            [
              24.468735,
              48.289392
            ],
            [
              24.468711,
              48.289166
            ],
            [
              24.468775,
              48.288948
            ],
            [
              24.468921,
              48.288847
            ],
            [
              24.469672,
              48.288696
            ],
            [
              24.470036,
              48.288554
            ],
            [
              24.470247,
              48.288406
            ],
            [
              24.470504,
              48.288153
            ],
            [
              24.470618,
              48.287837
            ],
            [
              24.470801,
              48.287151
            ],
            [
              24.470888,
              48.28684
            ],
            [
              24.471184,
              48.286589
            ],
            [
              24.471378,
              48.286533
            ],
            [
              24.471886,
              48.286515
            ],
            [
              24.472439,
              48.286478
            ],
            [
              24.472627,
              48.286419
            ],
            [
              24.472991,
              48.286265
            ],
            [
              24.473328,
              48.286055
            ],
            [
              24.473785,
              48.285795
            ],
            [
              24.474202,
              48.285543
            ],
            [
              24.474596,
              48.285197
            ],
            [
              24.474759,
              48.285008
            ],
            [
              24.47502,
              48.284682
            ],
            [
              24.475224,
              48.284213
            ],
            [
              24.475395,
              48.283843
            ],
            [
              24.475462,
              48.283471
            ],
            [
              24.475497,
              48.283247
            ],
            [
              24.475587,
              48.28308
            ],
            [
              24.475926,
              48.282779
            ],
            [
              24.476087,
              48.282708
            ],
            [
              24.476707,
              48.282627
            ],
            [
              24.478036,
              48.282642
            ],
            [
              24.478379,
              48.282657
            ],
            [
              24.478778,
              48.282753
            ],
            [
              24.47909,
              48.282879
            ],
            [
              24.479349,
              48.283169
            ],
            [
              24.479495,
              48.283333
            ],
            [
              24.480127,
              48.283561
            ],
            [
              24.480597,
              48.283692
            ],
            [
              24.481105,
              48.283801
            ],
            [
              24.481898,
              48.283704
            ],
            [
              24.482297,
              48.283585
            ],
            [
              24.482761,
              48.283372
            ],
            [
              24.482944,
              48.283291
            ],
            [
              24.483402,
              48.283155
            ],
            [
              24.483638,
              48.283088
            ],
            [
              24.48371,
              48.282978
            ],
            [
              24.483847,
              48.282696
            ],
            [
              24.483869,
              48.282481
            ],
            [
              24.483874,
              48.282324
            ],
            [
              24.483994,
              48.282113
            ],
            [
              24.484125,
              48.281993
            ],
            [
              24.484399,
              48.28187
            ],
            [
              24.484819,
              48.281736
            ],
            [
              24.485076,
              48.281656
            ],
            [
              24.485299,
              48.281569
            ],
            [
              24.485498,
              48.281339
            ],
            [
              24.485759,
              48.281028
            ],
            [
              24.486253,
              48.280361
            ],
            [
              24.486446,
              48.280211
            ],
            [
              24.486677,
              48.280119
            ],
            [
              24.487073,
              48.280038
            ],
            [
              24.487425,
              48.279987
            ],
            [
              24.487766,
              48.279943
            ],
            [
              24.488013,
              48.279896
            ],
            [
              24.488139,
              48.279874
            ],
            [
              24.488232,
              48.279834
            ],
            [
              24.488292,
              48.279775
            ],
            [
              24.488308,
              48.279684
            ],
            [
              24.488282,
              48.279298
            ],
            [
              24.48824,
              48.278932
            ],
            [
              24.488493,
              48.278362
            ],
            [
              24.488629,
              48.277854
            ],
            [
              24.488809,
              48.277078
            ],
            [
              24.488943,
              48.276504
            ],
            [
              24.489125,
              48.276227
            ],
            [
              24.489306,
              48.276067
            ],
            [
              24.489553,
              48.275951
            ],
            [
              24.489755,
              48.275777
            ],
            [
              24.48981,
              48.275705
            ],
            [
              24.489957,
              48.275402
            ],
            [
              24.490043,
              48.275194
            ],
            [
              24.490048,
              48.275015
            ],
            [
              24.489988,
              48.274682
            ],
            [
              24.489901,
              48.274372
            ],
            [
              24.489791,
              48.274159
            ],
            [
              24.489616,
              48.273924
            ],
            [
              24.489555,
              48.273836
            ],
            [
              24.489518,
              48.27366
            ],
            [
              24.489551,
              48.273576
            ],
            [
              24.489838,
              48.273251
            ],
            [
              24.490129,
              48.272949
            ],
            [
              24.490277,
              48.272692
            ],
            [
              24.49043,
              48.272467
            ],
            [
              24.490354,
              48.272128
            ],
            [
              24.489835,
              48.271665
            ],
            [
              24.488938,
              48.271003
            ],
            [
              24.488441,
              48.270658
            ],
            [
              24.487936,
              48.270397
            ],
            [
              24.487475,
              48.270196
            ],
            [
              24.487245,
              48.270098
            ],
            [
              24.48712,
              48.269999
            ],
            [
              24.486952,
              48.269657
            ],
            [
              24.4867,
              48.26911
            ],
            [
              24.486648,
              48.26893
            ],
            [
              24.486721,
              48.26871
            ],
            [
              24.486891,
              48.268585
            ],
            [
              24.487175,
              48.268445
            ],
            [
              24.487377,
              48.268303
            ],
            [
              24.487655,
              48.268024
            ],
            [
              24.487882,
              48.267777
            ],
            [
              24.487982,
              48.267636
            ],
            [
              24.488048,
              48.267356
            ],
            [
              24.488004,
              48.267066
            ],
            [
              24.4879,
              48.266715
            ],
            [
              24.487867,
              48.266682
            ],
            [
              24.487933,
              48.266379
            ],
            [
              24.488016,
              48.266172
            ],
            [
              24.488322,
              48.265824
            ],
            [
              24.488388,
              48.265661
            ],
            [
              24.488415,
              48.265362
            ],
            [
              24.488381,
              48.265074
            ],
            [
              24.488327,
              48.26483
            ],
            [
              24.488188,
              48.264348
            ],
            [
              24.488178,
              48.264225
            ],
            [
              24.488416,
              48.263406
            ],
            [
              24.48863,
              48.262438
            ],
            [
              24.488653,
              48.262274
            ],
            [
              24.488599,
              48.262078
            ],
            [
              24.488265,
              48.261392
            ],
            [
              24.488125,
              48.261119
            ],
            [
              24.487492,
              48.260136
            ],
            [
              24.487463,
              48.259409
            ],
            [
              24.487344,
              48.257566
            ],
            [
              24.487386,
              48.257337
            ],
            [
              24.487705,
              48.255972
            ],
            [
              24.487694,
              48.255587
            ],
            [
              24.487417,
              48.253997
            ],
            [
              24.487315,
              48.253499
            ],
            [
              24.487164,
              48.252933
            ],
            [
              24.48682,
              48.252566
            ],
            [
              24.485946,
              48.252009
            ],
            [
              24.485497,
              48.251703
            ],
            [
              24.484945,
              48.251153
            ],
            [
              24.484683,
              48.250631
            ],
            [
              24.484265,
              48.2497
            ],
            [
              24.484055,
              48.249215
            ],
            [
              24.483888,
              48.24894
            ],
            [
              24.483538,
              48.247914
            ],
            [
              24.483498,
              48.24697
            ],
            [
              24.483896,
              48.245639
            ],
            [
              24.48441,
              48.244569
            ],
            [
              24.484763,
              48.243978
            ],
            [
              24.485402,
              48.243302
            ],
            [
              24.486126,
              48.243132
            ],
            [
              24.486881,
              48.243106
            ],
            [
              24.488215,
              48.243263
            ],
            [
              24.488664,
              48.24331
            ],
            [
              24.489634,
              48.243315
            ],
            [
              24.490817,
              48.243247
            ],
            [
              24.491845,
              48.243065
            ],
            [
              24.492691,
              48.24284
            ],
            [
              24.494313,
              48.242504
            ],
            [
              24.494684,
              48.242436
            ],
            [
              24.496743,
              48.242326
            ],
            [
              24.497344,
              48.242297
            ],
            [
              24.498158,
              48.242163
            ],
            [
              24.499085,
              48.241953
            ],
            [
              24.500245,
              48.241696
            ],
            [
              24.500877,
              48.241553
            ],
            [
              24.502122,
              48.241164
            ],
            [
              24.503152,
              48.240824
            ],
            [
              24.503663,
              48.240672
            ],
            [
              24.504998,
              48.240116
            ],
            [
              24.505657,
              48.239801
            ],
            [
              24.506498,
              48.239363
            ],
            [
              24.506939,
              48.239092
            ],
            [
              24.507067,
              48.239012
            ],
            [
              24.50782,
              48.238784
            ],
            [
              24.50878,
              48.238699
            ],
            [
              24.51125,
              48.238487
            ],
            [
              24.512476,
              48.238383
            ],
            [
              24.512648,
              48.238361
            ],
            [
              24.515582,
              48.237707
            ],
            [
              24.516169,
              48.237592
            ],
            [
              24.517413,
              48.237291
            ],
            [
              24.518376,
              48.237086
            ],
            [
              24.519288,
              48.236857
            ],
            [
              24.520091,
              48.236624
            ],
            [
              24.52077,
              48.236339
            ],
            [
              24.521376,
              48.236032
            ],
            [
              24.521797,
              48.235781
            ],
            [
              24.522421,
              48.235122
            ],
            [
              24.523468,
              48.234602
            ],
            [
              24.525437,
              48.233342
            ],
            [
              24.527139,
              48.23224
            ],
            [
              24.529813,
              48.23064
            ],
            [
              24.531025,
              48.229907
            ],
            [
              24.532287,
              48.229069
            ],
            [
              24.533349,
              48.228346
            ],
            [
              24.534486,
              48.227868
            ],
            [
              24.535384,
              48.227438
            ],
            [
              24.536194,
              48.227024
            ],
            [
              24.537182,
              48.226443
            ],
            [
              24.537788,
              48.226042
            ],
            [
              24.538065,
              48.225767
            ],
            [
              24.53832,
              48.225567
            ],
            [
              24.539493,
              48.224022
            ],
            [
              24.540327,
              48.222736
            ],
            [
              24.541,
              48.221757
            ],
            [
              24.541404,
              48.221165
            ],
            [
              24.542079,
              48.220205
            ],
            [
              24.542953,
              48.218989
            ],
            [
              24.543761,
              48.217964
            ],
            [
              24.544509,
              48.217131
            ],
            [
              24.545188,
              48.21641
            ],
            [
              24.545357,
              48.216133
            ],
            [
              24.545446,
              48.215921
            ],
            [
              24.545285,
              48.2157
            ],
            [
              24.544974,
              48.215522
            ],
            [
              24.544059,
              48.215153
            ],
            [
              24.542604,
              48.214708
            ],
            [
              24.540912,
              48.214213
            ],
            [
              24.539602,
              48.213905
            ],
            [
              24.538188,
              48.213715
            ],
            [
              24.53543,
              48.213611
            ],
            [
              24.53482,
              48.21353
            ],
            [
              24.534007,
              48.213383
            ],
            [
              24.533046,
              48.213102
            ],
            [
              24.532002,
              48.212752
            ],
            [
              24.531351,
              48.212483
            ],
            [
              24.530387,
              48.211922
            ],
            [
              24.529762,
              48.211561
            ],
            [
              24.529447,
              48.211354
            ],
            [
              24.529043,
              48.210801
            ],
            [
              24.528741,
              48.210336
            ],
            [
              24.528191,
              48.209284
            ],
            [
              24.527315,
              48.207513
            ],
            [
              24.52709,
              48.207089
            ],
            [
              24.526585,
              48.205806
            ],
            [
              24.525987,
              48.204414
            ],
            [
              24.525473,
              48.203205
            ],
            [
              24.525199,
              48.202618
            ],
            [
              24.524649,
              48.201941
            ],
            [
              24.524249,
              48.201697
            ],
            [
              24.524021,
              48.201554
            ],
            [
              24.523088,
              48.201264
            ],
            [
              24.522412,
              48.201126
            ],
            [
              24.521473,
              48.201012
            ],
            [
              24.520891,
              48.200869
            ],
            [
              24.520694,
              48.200717
            ],
            [
              24.520677,
              48.2005
            ],
            [
              24.520909,
              48.200235
            ],
            [
              24.521618,
              48.199802
            ],
            [
              24.522382,
              48.199323
            ],
            [
              24.522593,
              48.199179
            ],
            [
              24.522799,
              48.198917
            ],
            [
              24.523222,
              48.198424
            ],
            [
              24.523991,
              48.197683
            ],
            [
              24.524309,
              48.197376
            ],
            [
              24.524785,
              48.196751
            ],
            [
              24.525474,
              48.195769
            ],
            [
              24.525695,
              48.19549
            ],
            [
              24.524664,
              48.195072
            ],
            [
              24.523043,
              48.194154
            ],
            [
              24.522138,
              48.19301
            ],
            [
              24.521395,
              48.192077
            ],
            [
              24.519431,
              48.190395
            ],
            [
              24.518832,
              48.189861
            ],
            [
              24.517925,
              48.189167
            ],
            [
              24.516027,
              48.187725
            ],
            [
              24.51447,
              48.187218
            ],
            [
              24.51224,
              48.186516
            ],
            [
              24.511949,
              48.186412
            ],
            [
              24.510978,
              48.185945
            ],
            [
              24.510952,
              48.185733
            ],
            [
              24.512245,
              48.184409
            ],
            [
              24.513568,
              48.183084
            ],
            [
              24.514493,
              48.182391
            ],
            [
              24.514972,
              48.182024
            ],
            [
              24.516136,
              48.180875
            ],
            [
              24.517143,
              48.179877
            ],
            [
              24.518246,
              48.178754
            ],
            [
              24.519692,
              48.177333
            ],
            [
              24.520281,
              48.176745
            ],
            [
              24.519089,
              48.175048
            ],
            [
              24.517443,
              48.172721
            ],
            [
              24.516646,
              48.172084
            ],
            [
              24.515061,
              48.171373
            ],
            [
              24.512068,
              48.170307
            ],
            [
              24.508593,
              48.169072
            ],
            [
              24.505763,
              48.168053
            ],
            [
              24.50421,
              48.164693
            ],
            [
              24.504104,
              48.164389
            ],
            [
              24.502917,
              48.16323
            ],
            [
              24.501471,
              48.162162
            ],
            [
              24.501154,
              48.161865
            ],
            [
              24.500396,
              48.160678
            ],
            [
              24.500237,
              48.160412
            ],
            [
              24.500191,
              48.160179
            ],
            [
              24.500231,
              48.159744
            ],
            [
              24.500649,
              48.159146
            ],
            [
              24.501585,
              48.157862
            ],
            [
              24.50201,
              48.157277
            ],
            [
              24.502531,
              48.156459
            ],
            [
              24.502889,
              48.155866
            ],
            [
              24.503234,
              48.154997
            ],
            [
              24.503824,
              48.153796
            ],
            [
              24.504433,
              48.152775
            ],
            [
              24.504844,
              48.152367
            ],
            [
              24.505347,
              48.152163
            ],
            [
              24.507529,
              48.151433
            ],
            [
              24.508817,
              48.151029
            ],
            [
              24.509838,
              48.150727
            ],
            [
              24.510971,
              48.150616
            ],
            [
              24.511601,
              48.150495
            ],
            [
              24.511929,
              48.150375
            ],
            [
              24.512667,
              48.149904
            ],
            [
              24.513462,
              48.14924
            ],
            [
              24.514567,
              48.148289
            ],
            [
              24.514838,
              48.148088
            ],
            [
              24.515585,
              48.147577
            ],
            [
              24.517796,
              48.146443
            ],
            [
              24.518621,
              48.146081
            ],
            [
              24.519198,
              48.145844
            ],
            [
              24.521891,
              48.14485
            ],
            [
              24.522213,
              48.144744
            ],
            [
              24.523087,
              48.14423
            ],
            [
              24.523439,
              48.143904
            ],
            [
              24.523509,
              48.143818
            ],
            [
              24.5237,
              48.143331
            ],
            [
              24.523867,
              48.142694
            ],
            [
              24.523929,
              48.142345
            ],
            [
              24.524143,
              48.141842
            ],
            [
              24.524326,
              48.141302
            ],
            [
              24.524445,
              48.140837
            ],
            [
              24.524541,
              48.140254
            ],
            [
              24.524596,
              48.139868
            ],
            [
              24.524926,
              48.139342
            ],
            [
              24.525123,
              48.139086
            ],
            [
              24.525572,
              48.138638
            ],
            [
              24.525811,
              48.138403
            ],
            [
              24.526124,
              48.138009
            ],
            [
              24.526583,
              48.137523
            ],
            [
              24.52675,
              48.137341
            ],
            [
              24.526966,
              48.137173
            ],
            [
              24.527993,
              48.136559
            ],
            [
              24.528764,
              48.136121
            ],
            [
              24.529525,
              48.135647
            ],
            [
              24.530113,
              48.135245
            ],
            [
              24.530635,
              48.134816
            ],
            [
              24.531112,
              48.134299
            ],
            [
              24.531503,
              48.133776
            ],
            [
              24.531839,
              48.132542
            ],
            [
              24.53194,
              48.131448
            ],
            [
              24.531992,
              48.130359
            ],
            [
              24.531968,
              48.129803
            ],
            [
              24.531888,
              48.129162
            ],
            [
              24.531821,
              48.128835
            ],
            [
              24.531793,
              48.128724
            ],
            [
              24.531563,
              48.128076
            ],
            [
              24.531214,
              48.126989
            ],
            [
              24.531159,
              48.126757
            ],
            [
              24.531093,
              48.126072
            ],
            [
              24.531001,
              48.125166
            ],
            [
              24.530837,
              48.124593
            ],
            [
              24.530727,
              48.124188
            ],
            [
              24.530773,
              48.123864
            ],
            [
              24.53111,
              48.123521
            ],
            [
              24.531531,
              48.123336
            ],
            [
              24.533146,
              48.122939
            ],
            [
              24.534118,
              48.122797
            ],
            [
              24.534855,
              48.122684
            ],
            [
              24.535853,
              48.122505
            ],
            [
              24.536453,
              48.122279
            ],
            [
              24.537002,
              48.12211
            ],
            [
              24.539156,
              48.12127
            ],
            [
              24.539768,
              48.121057
            ],
            [
              24.540676,
              48.120683
            ],
            [
              24.542051,
              48.120305
            ],
            [
              24.543181,
              48.120027
            ],
            [
              24.545088,
              48.119815
            ],
            [
              24.546176,
              48.119782
            ],
            [
              24.547121,
              48.119772
            ],
            [
              24.548094,
              48.119786
            ],
            [
              24.548552,
              48.119806
            ],
            [
              24.548916,
              48.119743
            ],
            [
              24.549409,
              48.119604
            ],
            [
              24.550086,
              48.119308
            ],
            [
              24.550946,
              48.118931
            ],
            [
              24.551471,
              48.118712
            ],
            [
              24.552104,
              48.118171
            ],
            [
              24.552365,
              48.118076
            ],
            [
              24.553117,
              48.117972
            ],
            [
              24.553834,
              48.117953
            ],
            [
              24.55507,
              48.117967
            ],
            [
              24.555126,
              48.117948
            ],
            [
              24.555154,
              48.117915
            ],
            [
              24.555043,
              48.117486
            ],
            [
              24.554998,
              48.117147
            ],
            [
              24.555049,
              48.116995
            ],
            [
              24.555318,
              48.116525
            ],
            [
              24.555585,
              48.116132
            ],
            [
              24.556851,
              48.114654
            ],
            [
              24.557341,
              48.114164
            ],
            [
              24.55787,
              48.113493
            ],
            [
              24.557997,
              48.113334
            ],
            [
              24.558221,
              48.112882
            ],
            [
              24.558352,
              48.112618
            ],
            [
              24.558435,
              48.112106
            ],
            [
              24.558438,
              48.111672
            ],
            [
              24.558446,
              48.111489
            ],
            [
              24.558569,
              48.111216
            ],
            [
              24.558764,
              48.110924
            ],
            [
              24.55883,
              48.110647
            ],
            [
              24.558739,
              48.110204
            ],
            [
              24.558634,
              48.110009
            ],
            [
              24.558464,
              48.109805
            ],
            [
              24.5582,
              48.109628
            ],
            [
              24.558027,
              48.109463
            ],
            [
              24.557812,
              48.109249
            ],
            [
              24.557476,
              48.108896
            ],
            [
              24.557262,
              48.108639
            ],
            [
              24.55705,
              48.108093
            ],
            [
              24.557009,
              48.107781
            ],
            [
              24.557019,
              48.107353
            ],
            [
              24.557265,
              48.106765
            ],
            [
              24.557516,
              48.106443
            ],
            [
              24.557595,
              48.106343
            ],
            [
              24.557965,
              48.106083
            ],
            [
              24.558562,
              48.105602
            ],
            [
              24.558774,
              48.105447
            ],
            [
              24.559163,
              48.105259
            ],
            [
              24.559736,
              48.105179
            ],
            [
              24.560752,
              48.105188
            ],
            [
              24.561502,
              48.105249
            ],
            [
              24.562466,
              48.105324
            ],
            [
              24.563203,
              48.10538
            ],
            [
              24.563754,
              48.105333
            ],
            [
              24.564728,
              48.105202
            ],
            [
              24.565236,
              48.105132
            ],
            [
              24.565748,
              48.105
            ],
            [
              24.56645,
              48.104819
            ],
            [
              24.567062,
              48.104611
            ],
            [
              24.567571,
              48.104427
            ],
            [
              24.56841,
              48.104084
            ],
            [
              24.569303,
              48.103704
            ],
            [
              24.57175,
              48.102705
            ],
            [
              24.572598,
              48.10233
            ],
            [
              24.574258,
              48.101385
            ],
            [
              24.574544,
              48.101208
            ],
            [
              24.575562,
              48.10045
            ],
            [
              24.576054,
              48.100047
            ],
            [
              24.57626,
              48.099879
            ],
            [
              24.577346,
              48.099191
            ],
            [
              24.578336,
              48.098649
            ],
            [
              24.579089,
              48.098238
            ],
            [
              24.580248,
              48.097672
            ],
            [
              24.580436,
              48.097559
            ],
            [
              24.580724,
              48.097345
            ],
            [
              24.581241,
              48.096716
            ],
            [
              24.581706,
              48.096138
            ],
            [
              24.582147,
              48.095563
            ],
            [
              24.582635,
              48.094919
            ],
            [
              24.583077,
              48.094202
            ],
            [
              24.583775,
              48.093673
            ],
            [
              24.585048,
              48.092646
            ],
            [
              24.586074,
              48.092122
            ],
            [
              24.586965,
              48.091794
            ],
            [
              24.588076,
              48.09163
            ],
            [
              24.589221,
              48.091457
            ],
            [
              24.590636,
              48.091294
            ],
            [
              24.591178,
              48.091237
            ],
            [
              24.593524,
              48.09061
            ],
            [
              24.594758,
              48.090344
            ],
            [
              24.595237,
              48.09026
            ],
            [
              24.595662,
              48.089961
            ],
            [
              24.596322,
              48.089027
            ],
            [
              24.597382,
              48.087726
            ],
            [
              24.598166,
              48.086977
            ],
            [
              24.598818,
              48.086322
            ],
            [
              24.599189,
              48.085958
            ],
            [
              24.599944,
              48.085172
            ],
            [
              24.600464,
              48.084406
            ],
            [
              24.601212,
              48.083162
            ],
            [
              24.602183,
              48.081604
            ],
            [
              24.602623,
              48.080794
            ],
            [
              24.603075,
              48.079974
            ],
            [
              24.603388,
              48.078935
            ],
            [
              24.603564,
              48.078136
            ],
            [
              24.603712,
              48.077614
            ],
            [
              24.603936,
              48.07708
            ],
            [
              24.604393,
              48.07666
            ],
            [
              24.604492,
              48.076529
            ],
            [
              24.605305,
              48.076004
            ],
            [
              24.606087,
              48.075609
            ],
            [
              24.607239,
              48.075013
            ],
            [
              24.607893,
              48.074518
            ],
            [
              24.608431,
              48.074015
            ],
            [
              24.608813,
              48.073618
            ],
            [
              24.60909,
              48.073324
            ],
            [
              24.609837,
              48.072404
            ],
            [
              24.610176,
              48.071702
            ],
            [
              24.610413,
              48.071004
            ],
            [
              24.610669,
              48.070642
            ],
            [
              24.61128,
              48.07011
            ],
            [
              24.612721,
              48.06895
            ],
            [
              24.613519,
              48.068276
            ],
            [
              24.614545,
              48.06741
            ],
            [
              24.615208,
              48.066821
            ],
            [
              24.615791,
              48.066473
            ],
            [
              24.616451,
              48.066163
            ],
            [
              24.617159,
              48.065841
            ],
            [
              24.617463,
              48.065694
            ],
            [
              24.618424,
              48.065405
            ],
            [
              24.619358,
              48.065273
            ],
            [
              24.619702,
              48.064825
            ],
            [
              24.620022,
              48.06427
            ],
            [
              24.620384,
              48.063661
            ],
            [
              24.620701,
              48.063083
            ],
            [
              24.620891,
              48.062745
            ],
            [
              24.620959,
              48.062432
            ],
            [
              24.621211,
              48.062006
            ],
            [
              24.621574,
              48.06145
            ],
            [
              24.62169,
              48.061093
            ],
            [
              24.621697,
              48.060448
            ],
            [
              24.621687,
              48.059987
            ],
            [
              24.621505,
              48.059417
            ],
            [
              24.621461,
              48.059221
            ],
            [
              24.621489,
              48.059016
            ],
            [
              24.621856,
              48.058474
            ],
            [
              24.622081,
              48.058214
            ],
            [
              24.622375,
              48.057689
            ],
            [
              24.622654,
              48.057214
            ],
            [
              24.623129,
              48.056689
            ],
            [
              24.623647,
              48.055958
            ],
            [
              24.624269,
              48.055119
            ],
            [
              24.624602,
              48.054683
            ],
            [
              24.624687,
              48.054458
            ],
            [
              24.624749,
              48.054114
            ],
            [
              24.62496,
              48.053738
            ],
            [
              24.625672,
              48.053042
            ],
            [
              24.625832,
              48.052697
            ],
            [
              24.62592,
              48.052344
            ],
            [
              24.625891,
              48.051613
            ],
            [
              24.625853,
              48.051389
            ],
            [
              24.625913,
              48.051119
            ],
            [
              24.626204,
              48.050598
            ],
            [
              24.626537,
              48.049997
            ],
            [
              24.626675,
              48.049343
            ],
            [
              24.626723,
              48.049052
            ],
            [
              24.62677,
              48.048743
            ],
            [
              24.626831,
              48.048279
            ],
            [
              24.626976,
              48.047873
            ],
            [
              24.62703,
              48.047553
            ],
            [
              24.627091,
              48.047211
            ],
            [
              24.627047,
              48.046981
            ],
            [
              24.626961,
              48.046818
            ],
            [
              24.626671,
              48.04671
            ],
            [
              24.625781,
              48.046598
            ],
            [
              24.625428,
              48.046571
            ],
            [
              24.625257,
              48.046552
            ],
            [
              24.624648,
              48.046379
            ],
            [
              24.623534,
              48.045992
            ],
            [
              24.622979,
              48.045548
            ],
            [
              24.622298,
              48.045007
            ],
            [
              24.621747,
              48.044591
            ],
            [
              24.619791,
              48.043627
            ],
            [
              24.618039,
              48.042734
            ],
            [
              24.61686,
              48.042094
            ],
            [
              24.616124,
              48.041673
            ],
            [
              24.615392,
              48.041132
            ],
            [
              24.614814,
              48.040528
            ],
            [
              24.61467,
              48.040331
            ],
            [
              24.614411,
              48.039994
            ],
            [
              24.614081,
              48.039682
            ],
            [
              24.613795,
              48.039457
            ],
            [
              24.613509,
              48.039022
            ],
            [
              24.613267,
              48.038623
            ],
            [
              24.613126,
              48.038281
            ],
            [
              24.612942,
              48.037902
            ],
            [
              24.612879,
              48.037638
            ],
            [
              24.612703,
              48.037233
            ],
            [
              24.612463,
              48.037036
            ],
            [
              24.612138,
              48.03697
            ],
            [
              24.611396,
              48.036942
            ],
            [
              24.611163,
              48.0369
            ],
            [
              24.610615,
              48.036642
            ],
            [
              24.610476,
              48.03645
            ],
            [
              24.610331,
              48.036315
            ],
            [
              24.609928,
              48.036185
            ],
            [
              24.608418,
              48.036128
            ],
            [
              24.607302,
              48.036258
            ],
            [
              24.605798,
              48.036445
            ],
            [
              24.605253,
              48.036537
            ],
            [
              24.601934,
              48.036609
            ],
            [
              24.600796,
              48.036616
            ],
            [
              24.600145,
              48.036587
            ],
            [
              24.598929,
              48.035984
            ],
            [
              24.597911,
              48.035308
            ],
            [
              24.597362,
              48.035014
            ],
            [
              24.596956,
              48.034872
            ],
            [
              24.59565,
              48.034211
            ],
            [
              24.595307,
              48.033963
            ],
            [
              24.594873,
              48.033594
            ],
            [
              24.593857,
              48.032651
            ],
            [
              24.593292,
              48.032146
            ],
            [
              24.593042,
              48.031734
            ],
            [
              24.592829,
              48.031304
            ],
            [
              24.592603,
              48.030667
            ],
            [
              24.592356,
              48.030208
            ],
            [
              24.592095,
              48.029815
            ],
            [
              24.591433,
              48.028956
            ],
            [
              24.590953,
              48.028299
            ],
            [
              24.59059,
              48.027669
            ],
            [
              24.590008,
              48.027076
            ],
            [
              24.58905,
              48.026
            ],
            [
              24.588322,
              48.02509
            ],
            [
              24.586711,
              48.02408
            ],
            [
              24.585829,
              48.023785
            ],
            [
              24.584303,
              48.023092
            ],
            [
              24.583617,
              48.022699
            ],
            [
              24.582991,
              48.022288
            ],
            [
              24.582495,
              48.021967
            ],
            [
              24.582105,
              48.021532
            ],
            [
              24.581137,
              48.020944
            ],
            [
              24.580427,
              48.020733
            ],
            [
              24.580035,
              48.020517
            ],
            [
              24.57975,
              48.020226
            ],
            [
              24.579355,
              48.019578
            ],
            [
              24.579038,
              48.019056
            ],
            [
              24.578723,
              48.018537
            ],
            [
              24.578268,
              48.018089
            ],
            [
              24.577727,
              48.017596
            ],
            [
              24.577475,
              48.01736
            ],
            [
              24.57708,
              48.016784
            ],
            [
              24.576394,
              48.016344
            ],
            [
              24.576038,
              48.016097
            ],
            [
              24.575798,
              48.015531
            ],
            [
              24.575509,
              48.014916
            ],
            [
              24.574532,
              48.014282
            ],
            [
              24.574315,
              48.013939
            ],
            [
              24.574102,
              48.013574
            ],
            [
              24.573777,
              48.01298
            ],
            [
              24.573498,
              48.012414
            ],
            [
              24.573302,
              48.011969
            ],
            [
              24.573226,
              48.011599
            ],
            [
              24.573312,
              48.011244
            ],
            [
              24.573378,
              48.01059
            ],
            [
              24.573727,
              48.009602
            ],
            [
              24.573515,
              48.008867
            ],
            [
              24.573184,
              48.008492
            ],
            [
              24.573032,
              48.008231
            ],
            [
              24.572861,
              48.007574
            ],
            [
              24.572317,
              48.006716
            ],
            [
              24.571739,
              48.006023
            ],
            [
              24.571423,
              48.005783
            ],
            [
              24.571064,
              48.005468
            ],
            [
              24.57085,
              48.005175
            ],
            [
              24.570706,
              48.004816
            ],
            [
              24.570619,
              48.004562
            ],
            [
              24.570567,
              48.004074
            ],
            [
              24.570819,
              48.003086
            ],
            [
              24.571095,
              48.002234
            ],
            [
              24.571258,
              48.001985
            ],
            [
              24.571331,
              48.001548
            ],
            [
              24.571444,
              48.00138
            ],
            [
              24.572082,
              48.00087
            ],
            [
              24.572668,
              48.000462
            ],
            [
              24.572864,
              48.000322
            ],
            [
              24.573575,
              47.999657
            ],
            [
              24.573639,
              47.999481
            ],
            [
              24.573639,
              47.999323
            ],
            [
              24.573551,
              47.999089
            ],
            [
              24.573177,
              47.99891
            ],
            [
              24.57137,
              47.998235
            ],
            [
              24.569517,
              47.997551
            ],
            [
              24.568792,
              47.997283
            ],
            [
              24.568385,
              47.997096
            ],
            [
              24.567992,
              47.996875
            ],
            [
              24.567885,
              47.996731
            ],
            [
              24.56829,
              47.9963
            ],
            [
              24.568598,
              47.995519
            ],
            [
              24.568635,
              47.995284
            ],
            [
              24.568472,
              47.995051
            ],
            [
              24.567957,
              47.994527
            ],
            [
              24.56737,
              47.993923
            ],
            [
              24.567191,
              47.993616
            ],
            [
              24.567114,
              47.993405
            ],
            [
              24.567082,
              47.993113
            ],
            [
              24.567368,
              47.992672
            ],
            [
              24.56771,
              47.992194
            ],
            [
              24.567836,
              47.991922
            ],
            [
              24.567823,
              47.991626
            ],
            [
              24.567708,
              47.991291
            ],
            [
              24.567555,
              47.991017
            ],
            [
              24.567176,
              47.990118
            ],
            [
              24.56706,
              47.989451
            ],
            [
              24.566789,
              47.989113
            ],
            [
              24.566462,
              47.988672
            ],
            [
              24.56627,
              47.988356
            ],
            [
              24.566187,
              47.988147
            ],
            [
              24.566134,
              47.987473
            ],
            [
              24.566075,
              47.986437
            ],
            [
              24.565973,
              47.985769
            ],
            [
              24.565901,
              47.984919
            ],
            [
              24.566028,
              47.98427
            ],
            [
              24.566281,
              47.983658
            ],
            [
              24.566438,
              47.983197
            ],
            [
              24.566556,
              47.982478
            ],
            [
              24.56661,
              47.98193
            ],
            [
              24.566546,
              47.981535
            ],
            [
              24.566403,
              47.981238
            ],
            [
              24.566047,
              47.980461
            ],
            [
              24.56514,
              47.979097
            ],
            [
              24.564863,
              47.978691
            ],
            [
              24.563811,
              47.977796
            ],
            [
              24.563423,
              47.977338
            ],
            [
              24.563169,
              47.976889
            ],
            [
              24.562879,
              47.975839
            ],
            [
              24.562918,
              47.975389
            ],
            [
              24.563034,
              47.974626
            ],
            [
              24.563376,
              47.973388
            ],
            [
              24.563602,
              47.972743
            ],
            [
              24.563666,
              47.972225
            ],
            [
              24.563665,
              47.971683
            ],
            [
              24.563461,
              47.970712
            ],
            [
              24.563297,
              47.970091
            ],
            [
              24.563131,
              47.969548
            ],
            [
              24.562942,
              47.969046
            ],
            [
              24.562741,
              47.968502
            ]
          ],
          [
            [
              23.200771,
              48.760661
            ],
            [
              23.201053,
              48.760545
            ],
            [
              23.201383,
              48.760419
            ],
            [
              23.201818,
              48.760305
            ],
            [
              23.201991,
              48.760263
            ],
            [
              23.202459,
              48.760253
            ],
            [
              23.202561,
              48.760246
            ],
            [
              23.203169,
              48.760293
            ],
            [
              23.203704,
              48.760357
            ],
            [
              23.204172,
              48.760446
            ],
            [
              23.204415,
              48.760496
            ],
            [
              23.204746,
              48.760491
            ],
            [
              23.205009,
              48.760459
            ],
            [
              23.205544,
              48.760394
            ],
            [
              23.206145,
              48.760417
            ],
            [
              23.20663,
              48.760431
            ],
            [
              23.206987,
              48.760441
            ],
            [
              23.207198,
              48.760454
            ],
            [
              23.207548,
              48.760496
            ],
            [
              23.208314,
              48.760635
            ],
            [
              23.209139,
              48.760794
            ],
            [
              23.209957,
              48.760953
            ],
            [
              23.210385,
              48.761044
            ],
            [
              23.210717,
              48.761047
            ],
            [
              23.211282,
              48.761004
            ],
            [
              23.212892,
              48.760764
            ],
            [
              23.213886,
              48.760613
            ],
            [
              23.214606,
              48.760549
            ],
            [
              23.214999,
              48.760519
            ],
            [
              23.215435,
              48.760527
            ],
            [
              23.215831,
              48.760539
            ],
            [
              23.216667,
              48.760698
            ],
            [
              23.21729,
              48.760946
            ],
            [
              23.218232,
              48.761316
            ],
            [
              23.219804,
              48.761949
            ],
            [
              23.220699,
              48.762258
            ],
            [
              23.221341,
              48.762463
            ],
            [
              23.221697,
              48.762569
            ],
            [
              23.222245,
              48.76271
            ],
            [
              23.222681,
              48.762832
            ],
            [
              23.223118,
              48.762983
            ],
            [
              23.223503,
              48.763125
            ],
            [
              23.224226,
              48.76339
            ],
            [
              23.224484,
              48.763448
            ],
            [
              23.224737,
              48.76346
            ],
            [
              23.225272,
              48.76331
            ],
            [
              23.225941,
              48.763133
            ],
            [
              23.226304,
              48.763041
            ],
            [
              23.226681,
              48.762894
            ],
            [
              23.227545,
              48.762461
            ],
            [
              23.228558,
              48.76197
            ],
            [
              23.229541,
              48.761527
            ],
            [
              23.230815,
              48.760967
            ],
            [
              23.231657,
              48.760739
            ],
            [
              23.232076,
              48.760626
            ],
            [
              23.232414,
              48.760558
            ],
            [
              23.233565,
              48.760329
            ],
            [
              23.234094,
              48.760227
            ],
            [
              23.235119,
              48.759909
            ],
            [
              23.235524,
              48.759785
            ],
            [
              23.236106,
              48.759633
            ],
            [
              23.236656,
              48.759495
            ],
            [
              23.236984,
              48.759408
            ],
            [
              23.237753,
              48.759226
            ],
            [
              23.238248,
              48.759091
            ],
            [
              23.238852,
              48.758899
            ],
            [
              23.239282,
              48.75877
            ],
            [
              23.239951,
              48.758656
            ],
            [
              23.240463,
              48.758701
            ],
            [
              23.241063,
              48.75876
            ],
            [
              23.241176,
              48.758768
            ],
            [
              23.2413,
              48.75878
            ],
            [
              23.241841,
              48.758889
            ],
            [
              23.242402,
              48.759001
            ],
            [
              23.242942,
              48.759102
            ],
            [
              23.243338,
              48.759241
            ],
            [
              23.243852,
              48.759407
            ],
            [
              23.244017,
              48.759459
            ],
            [
              23.24453,
              48.759702
            ],
            [
              23.244843,
              48.759792
            ],
            [
              23.245209,
              48.759852
            ],
            [
              23.245451,
              48.759857
            ],
            [
              23.24601,
              48.759799
            ],
            [
              23.24644,
              48.759757
            ],
            [
              23.246799,
              48.759724
            ],
            [
              23.246908,
              48.759717
            ],
            [
              23.247396,
              48.759764
            ],
            [
              23.247638,
              48.759787
            ],
            [
              23.248165,
              48.760029
            ],
            [
              23.248656,
              48.760291
            ],
            [
              23.24893,
              48.76048
            ],
            [
              23.249807,
              48.761101
            ],
            [
              23.250359,
              48.761535
            ],
            [
              23.250845,
              48.761897
            ],
            [
              23.251128,
              48.762109
            ],
            [
              23.251576,
              48.762383
            ],
            [
              23.251787,
              48.762477
            ],
            [
              23.252121,
              48.762607
            ],
            [
              23.252784,
              48.76274
            ],
            [
              23.253272,
              48.762743
            ],
            [
              23.25376,
              48.762666
            ],
            [
              23.254457,
              48.762526
            ],
            [
              23.255103,
              48.762388
            ],
            [
              23.255226,
              48.762364
            ],
            [
              23.255695,
              48.762173
            ],
            [
              23.255986,
              48.761989
            ],
            [
              23.256339,
              48.761748
            ],
            [
              23.256479,
              48.76166
            ],
            [
              23.256946,
              48.761452
            ],
            [
              23.257319,
              48.76128
            ],
            [
              23.257871,
              48.761121
            ],
            [
              23.258478,
              48.76095
            ],
            [
              23.258883,
              48.760846
            ],
            [
              23.259358,
              48.760779
            ],
            [
              23.259791,
              48.760796
            ],
            [
              23.260691,
              48.76083
            ],
            [
              23.261249,
              48.760894
            ],
            [
              23.261657,
              48.761021
            ],
            [
              23.262601,
              48.761314
            ],
            [
              23.262965,
              48.761386
            ],
            [
              23.263477,
              48.761434
            ],
            [
              23.26402,
              48.761489
            ],
            [
              23.264327,
              48.761522
            ],
            [
              23.265273,
              48.761606
            ],
            [
              23.265951,
              48.761676
            ],
            [
              23.267021,
              48.761666
            ],
            [
              23.267722,
              48.761656
            ],
            [
              23.267945,
              48.761668
            ],
            [
              23.268205,
              48.76172
            ],
            [
              23.268471,
              48.761877
            ],
            [
              23.268788,
              48.762105
            ],
            [
              23.269096,
              48.762361
            ],
            [
              23.269188,
              48.762441
            ],
            [
              23.269526,
              48.763139
            ],
            [
              23.269754,
              48.763579
            ],
            [
              23.269962,
              48.763918
            ],
            [
              23.270024,
              48.764035
            ],
            [
              23.270216,
              48.764224
            ],
            [
              23.270485,
              48.764399
            ],
            [
              23.270574,
              48.764476
            ],
            [
              23.270637,
              48.764513
            ],
            [
              23.270795,
              48.764622
            ],
            [
              23.271365,
              48.765104
            ],
            [
              23.271838,
              48.765502
            ],
            [
              23.272187,
              48.765771
            ],
            [
              23.272356,
              48.765905
            ],
            [
              23.272593,
              48.765948
            ],
            [
              23.273178,
              48.765943
            ],
            [
              23.275399,
              48.765933
            ],
            [
              23.276244,
              48.765933
            ],
            [
              23.276677,
              48.765938
            ],
            [
              23.277006,
              48.76595
            ],
            [
              23.277397,
              48.766047
            ],
            [
              23.277722,
              48.766188
            ],
            [
              23.278182,
              48.766395
            ],
            [
              23.278283,
              48.766452
            ],
            [
              23.278602,
              48.766653
            ],
            [
              23.278974,
              48.766907
            ],
            [
              23.27909,
              48.767019
            ],
            [
              23.279397,
              48.767583
            ],
            [
              23.279647,
              48.767876
            ],
            [
              23.279709,
              48.768226
            ],
            [
              23.279743,
              48.76838
            ],
            [
              23.279689,
              48.768761
            ],
            [
              23.279695,
              48.769209
            ],
            [
              23.279701,
              48.769671
            ],
            [
              23.279928,
              48.770358
            ],
            [
              23.279991,
              48.771161
            ],
            [
              23.280219,
              48.772065
            ],
            [
              23.280528,
              48.773327
            ],
            [
              23.280804,
              48.77447
            ],
            [
              23.280874,
              48.774752
            ],
            [
              23.281185,
              48.775178
            ],
            [
              23.281428,
              48.775353
            ],
            [
              23.281868,
              48.775483
            ],
            [
              23.282035,
              48.775523
            ],
            [
              23.282866,
              48.775629
            ],
            [
              23.283299,
              48.775664
            ],
            [
              23.284104,
              48.775729
            ],
            [
              23.285215,
              48.775813
            ],
            [
              23.285412,
              48.775828
            ],
            [
              23.285677,
              48.775806
            ],
            [
              23.286007,
              48.775733
            ],
            [
              23.286518,
              48.775537
            ],
            [
              23.28738,
              48.775076
            ],
            [
              23.288199,
              48.774665
            ],
            [
              23.289395,
              48.774065
            ],
            [
              23.290011,
              48.773772
            ],
            [
              23.290525,
              48.773527
            ],
            [
              23.290674,
              48.773281
            ],
            [
              23.290902,
              48.772716
            ],
            [
              23.29104,
              48.772355
            ],
            [
              23.291151,
              48.772212
            ],
            [
              23.291683,
              48.771798
            ],
            [
              23.292237,
              48.771478
            ],
            [
              23.292714,
              48.771189
            ],
            [
              23.293102,
              48.770944
            ],
            [
              23.293566,
              48.770532
            ],
            [
              23.29376,
              48.770359
            ],
            [
              23.294299,
              48.769745
            ],
            [
              23.294365,
              48.769672
            ],
            [
              23.295402,
              48.767709
            ],
            [
              23.29567,
              48.767121
            ],
            [
              23.295863,
              48.766898
            ],
            [
              23.296142,
              48.76676
            ],
            [
              23.296481,
              48.766708
            ],
            [
              23.297233,
              48.766728
            ],
            [
              23.298099,
              48.766778
            ],
            [
              23.298563,
              48.76677
            ],
            [
              23.299121,
              48.76671
            ],
            [
              23.299889,
              48.766502
            ],
            [
              23.300343,
              48.766352
            ],
            [
              23.301011,
              48.766078
            ],
            [
              23.301406,
              48.76591
            ],
            [
              23.301769,
              48.765715
            ],
            [
              23.301986,
              48.765567
            ],
            [
              23.302476,
              48.765154
            ],
            [
              23.30293,
              48.764752
            ],
            [
              23.303789,
              48.763846
            ],
            [
              23.304467,
              48.763357
            ],
            [
              23.30545,
              48.762697
            ],
            [
              23.307004,
              48.761635
            ],
            [
              23.307271,
              48.761454
            ],
            [
              23.307572,
              48.761305
            ],
            [
              23.307846,
              48.761272
            ],
            [
              23.308855,
              48.761255
            ],
            [
              23.309611,
              48.761243
            ],
            [
              23.309926,
              48.761193
            ],
            [
              23.310061,
              48.761168
            ],
            [
              23.310665,
              48.760988
            ],
            [
              23.311192,
              48.760822
            ],
            [
              23.311389,
              48.760742
            ],
            [
              23.311841,
              48.760523
            ],
            [
              23.312667,
              48.760092
            ],
            [
              23.312831,
              48.760001
            ],
            [
              23.313089,
              48.759799
            ],
            [
              23.31423,
              48.758925
            ],
            [
              23.314856,
              48.758441
            ],
            [
              23.315091,
              48.75824
            ],
            [
              23.315507,
              48.757851
            ],
            [
              23.315956,
              48.75737
            ],
            [
              23.316264,
              48.756975
            ],
            [
              23.316639,
              48.756377
            ],
            [
              23.316654,
              48.756318
            ],
            [
              23.316954,
              48.75484
            ],
            [
              23.317122,
              48.754027
            ],
            [
              23.317185,
              48.753689
            ],
            [
              23.317303,
              48.753535
            ],
            [
              23.317465,
              48.753461
            ],
            [
              23.318967,
              48.753394
            ],
            [
              23.319921,
              48.753397
            ],
            [
              23.321581,
              48.753411
            ],
            [
              23.322022,
              48.753413
            ],
            [
              23.322649,
              48.753455
            ],
            [
              23.324222,
              48.753552
            ],
            [
              23.324832,
              48.753596
            ],
            [
              23.325711,
              48.753693
            ],
            [
              23.326852,
              48.75396
            ],
            [
              23.328413,
              48.754339
            ],
            [
              23.328826,
              48.754436
            ],
            [
              23.329783,
              48.754623
            ],
            [
              23.330582,
              48.75472
            ],
            [
              23.331337,
              48.754817
            ],
            [
              23.332388,
              48.754914
            ],
            [
              23.3327,
              48.754944
            ],
            [
              23.333102,
              48.755009
            ],
            [
              23.333528,
              48.755073
            ],
            [
              23.334253,
              48.755213
            ],
            [
              23.335467,
              48.755443
            ],
            [
              23.336699,
              48.755719
            ],
            [
              23.337412,
              48.755906
            ],
            [
              23.337928,
              48.75604
            ],
            [
              23.338561,
              48.756206
            ],
            [
              23.33961,
              48.75648
            ],
            [
              23.340251,
              48.756799
            ],
            [
              23.340501,
              48.756932
            ],
            [
              23.341361,
              48.757606
            ],
            [
              23.342255,
              48.758753
            ],
            [
              23.34259,
              48.759175
            ],
            [
              23.343101,
              48.759527
            ],
            [
              23.343514,
              48.75972
            ],
            [
              23.344924,
              48.760175
            ],
            [
              23.345721,
              48.760427
            ],
            [
              23.346299,
              48.760606
            ],
            [
              23.347103,
              48.760976
            ],
            [
              23.347421,
              48.761122
            ],
            [
              23.348141,
              48.761519
            ],
            [
              23.348764,
              48.761717
            ],
            [
              23.34961,
              48.762014
            ],
            [
              23.350173,
              48.762216
            ],
            [
              23.350821,
              48.762451
            ],
            [
              23.351136,
              48.762563
            ],
            [
              23.35165,
              48.76279
            ],
            [
              23.352352,
              48.76302
            ],
            [
              23.353007,
              48.76323
            ],
            [
              23.353568,
              48.763439
            ],
            [
              23.353969,
              48.763677
            ],
            [
              23.354204,
              48.764024
            ],
            [
              23.354548,
              48.764478
            ],
            [
              23.354722,
              48.764868
            ],
            [
              23.354937,
              48.765463
            ],
            [
              23.355019,
              48.765739
            ],
            [
              23.355071,
              48.766046
            ],
            [
              23.35525,
              48.766507
            ],
            [
              23.35535,
              48.766751
            ],
            [
              23.355544,
              48.767041
            ],
            [
              23.356125,
              48.767595
            ],
            [
              23.35647,
              48.767932
            ],
            [
              23.357137,
              48.768476
            ],
            [
              23.358053,
              48.76925
            ],
            [
              23.358292,
              48.769571
            ],
            [
              23.358325,
              48.769662
            ],
            [
              23.358452,
              48.770231
            ],
            [
              23.358503,
              48.770894
            ],
            [
              23.358516,
              48.771187
            ],
            [
              23.35862,
              48.771521
            ],
            [
              23.358748,
              48.771952
            ],
            [
              23.358804,
              48.772044
            ],
            [
              23.359,
              48.772312
            ],
            [
              23.359127,
              48.772514
            ],
            [
              23.359242,
              48.772687
            ],
            [
              23.359709,
              48.772514
            ],
            [
              23.360374,
              48.772163
            ],
            [
              23.360649,
              48.771992
            ],
            [
              23.361599,
              48.771338
            ],
            [
              23.362376,
              48.770766
            ],
            [
              23.362907,
              48.770385
            ],
            [
              23.363659,
              48.76973
            ],
            [
              23.364385,
              48.769227
            ],
            [
              23.364757,
              48.768907
            ],
            [
              23.365264,
              48.768464
            ],
            [
              23.365962,
              48.767866
            ],
            [
              23.366656,
              48.767254
            ],
            [
              23.367688,
              48.766582
            ],
            [
              23.368663,
              48.765948
            ],
            [
              23.369163,
              48.765545
            ],
            [
              23.369859,
              48.764703
            ],
            [
              23.370505,
              48.763898
            ],
            [
              23.370782,
              48.763549
            ],
            [
              23.371102,
              48.76298
            ],
            [
              23.371344,
              48.762372
            ],
            [
              23.371633,
              48.761928
            ],
            [
              23.371954,
              48.761608
            ],
            [
              23.372894,
              48.760906
            ],
            [
              23.373612,
              48.760074
            ],
            [
              23.374087,
              48.759425
            ],
            [
              23.374316,
              48.75897
            ],
            [
              23.374718,
              48.757595
            ],
            [
              23.375048,
              48.756055
            ],
            [
              23.375215,
              48.755129
            ],
            [
              23.37528,
              48.754783
            ],
            [
              23.375607,
              48.753698
            ],
            [
              23.375791,
              48.753115
            ],
            [
              23.37593,
              48.752431
            ],
            [
              23.375978,
              48.751778
            ],
            [
              23.375966,
              48.751242
            ],
            [
              23.375819,
              48.750539
            ],
            [
              23.375722,
              48.750114
            ],
            [
              23.375588,
              48.749695
            ],
            [
              23.375515,
              48.749151
            ],
            [
              23.375579,
              48.748223
            ],
            [
              23.375834,
              48.747343
            ],
            [
              23.376275,
              48.746334
            ],
            [
              23.37674,
              48.745497
            ],
            [
              23.376959,
              48.745096
            ],
            [
              23.377455,
              48.744429
            ],
            [
              23.378025,
              48.743797
            ],
            [
              23.379103,
              48.742908
            ],
            [
              23.379953,
              48.742211
            ],
            [
              23.38045,
              48.742012
            ],
            [
              23.380904,
              48.741905
            ],
            [
              23.381438,
              48.741863
            ],
            [
              23.382204,
              48.741828
            ],
            [
              23.382407,
              48.741814
            ],
            [
              23.383065,
              48.741828
            ],
            [
              23.383325,
              48.741831
            ],
            [
              23.384176,
              48.741873
            ],
            [
              23.384605,
              48.74189
            ],
            [
              23.385039,
              48.741943
            ],
            [
              23.385175,
              48.741908
            ],
            [
              23.38609,
              48.741535
            ],
            [
              23.386743,
              48.741271
            ],
            [
              23.386861,
              48.741226
            ],
            [
              23.388295,
              48.740458
            ],
            [
              23.389401,
              48.74019
            ],
            [
              23.390386,
              48.739941
            ],
            [
              23.391,
              48.739754
            ],
            [
              23.39119,
              48.739653
            ],
            [
              23.391348,
              48.739531
            ],
            [
              23.39152,
              48.739328
            ],
            [
              23.391669,
              48.739024
            ],
            [
              23.391746,
              48.738835
            ],
            [
              23.392037,
              48.738349
            ],
            [
              23.392503,
              48.737749
            ],
            [
              23.392688,
              48.737508
            ],
            [
              23.39292,
              48.737198
            ],
            [
              23.393227,
              48.736725
            ],
            [
              23.393559,
              48.736205
            ],
            [
              23.393719,
              48.73593
            ],
            [
              23.394006,
              48.735207
            ],
            [
              23.394078,
              48.735058
            ],
            [
              23.394391,
              48.734606
            ],
            [
              23.394639,
              48.734254
            ],
            [
              23.394885,
              48.733919
            ],
            [
              23.395104,
              48.733777
            ],
            [
              23.395758,
              48.733497
            ],
            [
              23.396039,
              48.733356
            ],
            [
              23.396646,
              48.733018
            ],
            [
              23.396803,
              48.732947
            ],
            [
              23.397183,
              48.732849
            ],
            [
              23.397269,
              48.732836
            ],
            [
              23.398065,
              48.732807
            ],
            [
              23.398298,
              48.732809
            ],
            [
              23.399043,
              48.732819
            ],
            [
              23.399642,
              48.732859
            ],
            [
              23.399993,
              48.732876
            ],
            [
              23.400076,
              48.732881
            ],
            [
              23.400585,
              48.732988
            ],
            [
              23.400846,
              48.733065
            ],
            [
              23.40116,
              48.733153
            ],
            [
              23.401588,
              48.733233
            ],
            [
              23.402005,
              48.733308
            ],
            [
              23.402209,
              48.733343
            ],
            [
              23.402336,
              48.73335
            ],
            [
              23.403024,
              48.733413
            ],
            [
              23.404,
              48.733508
            ],
            [
              23.404246,
              48.733578
            ],
            [
              23.404865,
              48.733892
            ],
            [
              23.40566,
              48.734217
            ],
            [
              23.406334,
              48.734496
            ],
            [
              23.407014,
              48.734889
            ],
            [
              23.408392,
              48.735388
            ],
            [
              23.408879,
              48.735449
            ],
            [
              23.409754,
              48.735718
            ],
            [
              23.409908,
              48.735733
            ],
            [
              23.410229,
              48.735644
            ],
            [
              23.41071,
              48.73539
            ],
            [
              23.411609,
              48.734798
            ],
            [
              23.412253,
              48.734373
            ],
            [
              23.412683,
              48.734096
            ],
            [
              23.413325,
              48.733629
            ],
            [
              23.413715,
              48.733356
            ],
            [
              23.414224,
              48.733067
            ],
            [
              23.41535,
              48.732457
            ],
            [
              23.416048,
              48.732202
            ],
            [
              23.416624,
              48.732033
            ],
            [
              23.417299,
              48.731868
            ],
            [
              23.417996,
              48.731712
            ],
            [
              23.418291,
              48.731648
            ],
            [
              23.418552,
              48.731565
            ],
            [
              23.419169,
              48.73131
            ],
            [
              23.419354,
              48.731229
            ],
            [
              23.420061,
              48.73084
            ],
            [
              23.420775,
              48.730544
            ],
            [
              23.421804,
              48.730165
            ],
            [
              23.423427,
              48.72987
            ],
            [
              23.424432,
              48.729801
            ],
            [
              23.42517,
              48.729744
            ],
            [
              23.425397,
              48.72969
            ],
            [
              23.425544,
              48.729605
            ],
            [
              23.42634,
              48.728861
            ],
            [
              23.427044,
              48.728362
            ],
            [
              23.427935,
              48.727729
            ],
            [
              23.429553,
              48.726876
            ],
            [
              23.430278,
              48.726499
            ],
            [
              23.430588,
              48.726401
            ],
            [
              23.430929,
              48.72635
            ],
            [
              23.43257,
              48.72634
            ],
            [
              23.432781,
              48.726343
            ],
            [
              23.433435,
              48.726295
            ],
            [
              23.433824,
              48.72624
            ],
            [
              23.434149,
              48.726143
            ],
            [
              23.434322,
              48.726071
            ],
            [
              23.434668,
              48.725869
            ],
            [
              23.434945,
              48.725673
            ],
            [
              23.435128,
              48.725606
            ],
            [
              23.435339,
              48.725589
            ],
            [
              23.43587,
              48.725658
            ],
            [
              23.436337,
              48.725708
            ],
            [
              23.437096,
              48.725726
            ],
            [
              23.438261,
              48.725696
            ],
            [
              23.43968,
              48.725658
            ],
            [
              23.440191,
              48.725646
            ],
            [
              23.440887,
              48.725653
            ],
            [
              23.441777,
              48.725733
            ],
            [
              23.442164,
              48.725741
            ],
            [
              23.442628,
              48.725711
            ],
            [
              23.443384,
              48.725664
            ],
            [
              23.444439,
              48.725694
            ],
            [
              23.444741,
              48.725707
            ],
            [
              23.44546,
              48.725729
            ],
            [
              23.4462,
              48.725714
            ],
            [
              23.446601,
              48.725704
            ],
            [
              23.447131,
              48.725749
            ],
            [
              23.44837,
              48.725867
            ],
            [
              23.449376,
              48.725847
            ],
            [
              23.451009,
              48.725686
            ],
            [
              23.451291,
              48.725648
            ],
            [
              23.451812,
              48.725571
            ],
            [
              23.4523,
              48.725496
            ],
            [
              23.453056,
              48.725456
            ],
            [
              23.45387,
              48.72578
            ],
            [
              23.454366,
              48.725855
            ],
            [
              23.454521,
              48.72583
            ],
            [
              23.455035,
              48.725632
            ],
            [
              23.455865,
              48.7251
            ],
            [
              23.456325,
              48.724864
            ],
            [
              23.457078,
              48.724716
            ],
            [
              23.457208,
              48.724694
            ],
            [
              23.458001,
              48.724423
            ],
            [
              23.458782,
              48.724273
            ],
            [
              23.459629,
              48.724225
            ],
            [
              23.461502,
              48.724108
            ],
            [
              23.462625,
              48.724035
            ],
            [
              23.463869,
              48.723998
            ],
            [
              23.465429,
              48.723951
            ],
            [
              23.466737,
              48.723796
            ],
            [
              23.467383,
              48.723445
            ],
            [
              23.467811,
              48.723015
            ],
            [
              23.468099,
              48.722473
            ],
            [
              23.468262,
              48.720918
            ],
            [
              23.468445,
              48.719903
            ],
            [
              23.468844,
              48.719313
            ],
            [
              23.469319,
              48.718951
            ],
            [
              23.47002,
              48.718614
            ],
            [
              23.47107,
              48.71835
            ],
            [
              23.471876,
              48.718299
            ],
            [
              23.472496,
              48.718533
            ],
            [
              23.473385,
              48.719406
            ],
            [
              23.474387,
              48.720064
            ],
            [
              23.475761,
              48.720543
            ],
            [
              23.477604,
              48.721073
            ],
            [
              23.478496,
              48.721318
            ],
            [
              23.479174,
              48.721463
            ],
            [
              23.480136,
              48.721496
            ],
            [
              23.481119,
              48.721451
            ],
            [
              23.482237,
              48.721398
            ],
            [
              23.483571,
              48.721393
            ],
            [
              23.484074,
              48.721393
            ],
            [
              23.484814,
              48.721518
            ],
            [
              23.485678,
              48.721716
            ],
            [
              23.486139,
              48.721835
            ],
            [
              23.487094,
              48.722028
            ],
            [
              23.487712,
              48.72215
            ],
            [
              23.488082,
              48.722222
            ],
            [
              23.489358,
              48.722356
            ],
            [
              23.490269,
              48.722429
            ],
            [
              23.491051,
              48.722488
            ],
            [
              23.491894,
              48.72255
            ],
            [
              23.492704,
              48.723481
            ],
            [
              23.493042,
              48.72386
            ],
            [
              23.493882,
              48.724508
            ],
            [
              23.494515,
              48.724973
            ],
            [
              23.495121,
              48.725383
            ],
            [
              23.495586,
              48.725696
            ],
            [
              23.495928,
              48.726008
            ],
            [
              23.496278,
              48.726324
            ],
            [
              23.496475,
              48.726547
            ],
            [
              23.497189,
              48.726783
            ],
            [
              23.498751,
              48.726975
            ],
            [
              23.499176,
              48.727144
            ],
            [
              23.499415,
              48.727269
            ],
            [
              23.499555,
              48.727375
            ],
            [
              23.499743,
              48.727539
            ],
            [
              23.500178,
              48.727928
            ],
            [
              23.500605,
              48.728345
            ],
            [
              23.50108,
              48.728807
            ],
            [
              23.501539,
              48.729255
            ],
            [
              23.501879,
              48.729579
            ],
            [
              23.502078,
              48.729769
            ],
            [
              23.50239,
              48.73004
            ],
            [
              23.502834,
              48.730416
            ],
            [
              23.503088,
              48.730594
            ],
            [
              23.503953,
              48.731061
            ],
            [
              23.504595,
              48.731376
            ],
            [
              23.505312,
              48.731706
            ],
            [
              23.50626,
              48.732149
            ],
            [
              23.506859,
              48.732455
            ],
            [
              23.507511,
              48.732856
            ],
            [
              23.507967,
              48.733147
            ],
            [
              23.50853,
              48.733507
            ],
            [
              23.508868,
              48.733676
            ],
            [
              23.509804,
              48.734043
            ],
            [
              23.510821,
              48.734454
            ],
            [
              23.511232,
              48.734605
            ],
            [
              23.511747,
              48.734752
            ],
            [
              23.512245,
              48.734687
            ],
            [
              23.512886,
              48.734537
            ],
            [
              23.51329,
              48.734449
            ],
            [
              23.513778,
              48.734336
            ],
            [
              23.514294,
              48.734184
            ],
            [
              23.514767,
              48.733962
            ],
            [
              23.515016,
              48.733776
            ],
            [
              23.515112,
              48.733662
            ],
            [
              23.51552,
              48.732936
            ],
            [
              23.515896,
              48.732271
            ],
            [
              23.516251,
              48.731807
            ],
            [
              23.516571,
              48.731521
            ],
            [
              23.516772,
              48.731354
            ],
            [
              23.517324,
              48.730984
            ],
            [
              23.518185,
              48.73053
            ],
            [
              23.518923,
              48.730239
            ],
            [
              23.519145,
              48.730154
            ],
            [
              23.519921,
              48.730005
            ],
            [
              23.520767,
              48.729836
            ],
            [
              23.522035,
              48.729487
            ],
            [
              23.522224,
              48.729436
            ],
            [
              23.522916,
              48.729076
            ],
            [
              23.523467,
              48.728636
            ],
            [
              23.524337,
              48.727896
            ],
            [
              23.524823,
              48.727498
            ],
            [
              23.525091,
              48.727398
            ],
            [
              23.525972,
              48.727171
            ],
            [
              23.527465,
              48.726829
            ],
            [
              23.527973,
              48.726716
            ],
            [
              23.528901,
              48.726551
            ],
            [
              23.529668,
              48.726407
            ],
            [
              23.530888,
              48.726119
            ],
            [
              23.531886,
              48.725852
            ],
            [
              23.532958,
              48.725536
            ],
            [
              23.533476,
              48.725417
            ],
            [
              23.533898,
              48.725324
            ],
            [
              23.534235,
              48.725307
            ],
            [
              23.534735,
              48.725226
            ],
            [
              23.536662,
              48.724934
            ],
            [
              23.536903,
              48.724899
            ],
            [
              23.537501,
              48.724714
            ],
            [
              23.53811,
              48.724476
            ],
            [
              23.538914,
              48.72411
            ],
            [
              23.53945,
              48.723852
            ],
            [
              23.539962,
              48.723619
            ],
            [
              23.54058,
              48.723455
            ],
            [
              23.54132,
              48.723489
            ],
            [
              23.541674,
              48.723522
            ],
            [
              23.541965,
              48.723572
            ],
            [
              23.542182,
              48.723639
            ],
            [
              23.542716,
              48.723934
            ],
            [
              23.543819,
              48.724567
            ],
            [
              23.544267,
              48.724817
            ],
            [
              23.544538,
              48.724931
            ],
            [
              23.545695,
              48.725208
            ],
            [
              23.546732,
              48.725323
            ],
            [
              23.546815,
              48.725338
            ],
            [
              23.547234,
              48.725308
            ],
            [
              23.547926,
              48.725176
            ],
            [
              23.548211,
              48.725111
            ],
            [
              23.549318,
              48.724792
            ],
            [
              23.549929,
              48.72461
            ],
            [
              23.550295,
              48.724524
            ],
            [
              23.550939,
              48.724374
            ],
            [
              23.551711,
              48.724193
            ],
            [
              23.551896,
              48.724152
            ],
            [
              23.55254,
              48.724078
            ],
            [
              23.553167,
              48.724069
            ],
            [
              23.554327,
              48.724304
            ],
            [
              23.555791,
              48.724599
            ],
            [
              23.556033,
              48.724646
            ],
            [
              23.556986,
              48.724783
            ],
            [
              23.557233,
              48.724822
            ],
            [
              23.558082,
              48.724978
            ],
            [
              23.558814,
              48.72513
            ],
            [
              23.559727,
              48.725142
            ],
            [
              23.560495,
              48.725058
            ],
            [
              23.560853,
              48.72502
            ],
            [
              23.561351,
              48.724966
            ],
            [
              23.56176,
              48.724882
            ],
            [
              23.562369,
              48.724761
            ],
            [
              23.562925,
              48.724649
            ],
            [
              23.563164,
              48.724603
            ],
            [
              23.563637,
              48.724538
            ],
            [
              23.564114,
              48.724478
            ],
            [
              23.564444,
              48.724432
            ],
            [
              23.564882,
              48.724392
            ],
            [
              23.565096,
              48.724378
            ],
            [
              23.565317,
              48.724378
            ],
            [
              23.565943,
              48.724379
            ],
            [
              23.567823,
              48.724618
            ],
            [
              23.569397,
              48.724826
            ],
            [
              23.569813,
              48.724823
            ],
            [
              23.570123,
              48.724793
            ],
            [
              23.570736,
              48.724646
            ],
            [
              23.571076,
              48.724563
            ],
            [
              23.571944,
              48.724358
            ],
            [
              23.573384,
              48.723963
            ],
            [
              23.573758,
              48.723863
            ],
            [
              23.574468,
              48.723617
            ],
            [
              23.574944,
              48.723459
            ],
            [
              23.575371,
              48.723337
            ],
            [
              23.575946,
              48.723171
            ],
            [
              23.576442,
              48.722926
            ],
            [
              23.576557,
              48.722823
            ],
            [
              23.576759,
              48.722519
            ],
            [
              23.577055,
              48.722264
            ],
            [
              23.577272,
              48.722171
            ],
            [
              23.577771,
              48.722009
            ],
            [
              23.578259,
              48.72186
            ],
            [
              23.578711,
              48.721722
            ],
            [
              23.579065,
              48.721611
            ],
            [
              23.579684,
              48.721419
            ],
            [
              23.579939,
              48.721343
            ],
            [
              23.580451,
              48.721122
            ],
            [
              23.580983,
              48.72089
            ],
            [
              23.58154,
              48.720655
            ],
            [
              23.581792,
              48.720547
            ],
            [
              23.582478,
              48.720187
            ],
            [
              23.582994,
              48.719909
            ],
            [
              23.583593,
              48.719453
            ],
            [
              23.584246,
              48.718962
            ],
            [
              23.5849,
              48.7186
            ],
            [
              23.585062,
              48.718519
            ],
            [
              23.585349,
              48.718399
            ],
            [
              23.585562,
              48.718358
            ],
            [
              23.585783,
              48.718358
            ],
            [
              23.586039,
              48.718397
            ],
            [
              23.58664,
              48.718473
            ],
            [
              23.587214,
              48.718549
            ],
            [
              23.587774,
              48.718621
            ],
            [
              23.588144,
              48.718663
            ],
            [
              23.588598,
              48.718687
            ],
            [
              23.588935,
              48.71871
            ],
            [
              23.58967,
              48.718569
            ],
            [
              23.589765,
              48.718555
            ],
            [
              23.590855,
              48.718214
            ],
            [
              23.59172,
              48.718028
            ],
            [
              23.592062,
              48.717958
            ],
            [
              23.5923,
              48.717847
            ],
            [
              23.593166,
              48.716978
            ],
            [
              23.593337,
              48.716812
            ],
            [
              23.593581,
              48.71641
            ],
            [
              23.593611,
              48.71584
            ],
            [
              23.59382,
              48.715459
            ],
            [
              23.593887,
              48.714866
            ],
            [
              23.593542,
              48.713946
            ],
            [
              23.59346,
              48.713719
            ],
            [
              23.593569,
              48.713394
            ],
            [
              23.593803,
              48.712286
            ],
            [
              23.593884,
              48.711878
            ],
            [
              23.594063,
              48.711662
            ],
            [
              23.594159,
              48.71159
            ],
            [
              23.595272,
              48.710933
            ],
            [
              23.59595,
              48.710623
            ],
            [
              23.596256,
              48.710527
            ],
            [
              23.596505,
              48.710287
            ],
            [
              23.596686,
              48.710052
            ],
            [
              23.59674,
              48.709852
            ],
            [
              23.596731,
              48.709511
            ],
            [
              23.59672,
              48.708874
            ],
            [
              23.596594,
              48.708306
            ],
            [
              23.596468,
              48.707745
            ],
            [
              23.596435,
              48.707213
            ],
            [
              23.596402,
              48.706777
            ],
            [
              23.596458,
              48.706607
            ],
            [
              23.596686,
              48.706316
            ],
            [
              23.597216,
              48.706076
            ],
            [
              23.597906,
              48.705643
            ],
            [
              23.598287,
              48.705373
            ],
            [
              23.598543,
              48.705253
            ],
            [
              23.598946,
              48.705183
            ],
            [
              23.599325,
              48.705158
            ],
            [
              23.600014,
              48.705162
            ],
            [
              23.600792,
              48.705132
            ],
            [
              23.601416,
              48.705114
            ],
            [
              23.602177,
              48.705296
            ],
            [
              23.603532,
              48.705371
            ],
            [
              23.604086,
              48.705448
            ],
            [
              23.604555,
              48.705508
            ],
            [
              23.604611,
              48.705518
            ],
            [
              23.605097,
              48.705635
            ],
            [
              23.606834,
              48.706085
            ],
            [
              23.607716,
              48.706067
            ],
            [
              23.608089,
              48.706019
            ],
            [
              23.608415,
              48.705939
            ],
            [
              23.60923,
              48.705518
            ],
            [
              23.609825,
              48.705203
            ],
            [
              23.609965,
              48.705105
            ],
            [
              23.610339,
              48.704529
            ],
            [
              23.610426,
              48.704453
            ],
            [
              23.610739,
              48.70431
            ],
            [
              23.61111,
              48.704145
            ],
            [
              23.611253,
              48.704095
            ],
            [
              23.611662,
              48.704023
            ],
            [
              23.612068,
              48.704094
            ],
            [
              23.612304,
              48.704169
            ],
            [
              23.612535,
              48.704181
            ],
            [
              23.612721,
              48.704152
            ],
            [
              23.612834,
              48.704129
            ],
            [
              23.613334,
              48.703961
            ],
            [
              23.613597,
              48.703876
            ],
            [
              23.613738,
              48.70387
            ],
            [
              23.613926,
              48.703927
            ],
            [
              23.614163,
              48.70411
            ],
            [
              23.614503,
              48.70451
            ],
            [
              23.614886,
              48.704954
            ],
            [
              23.615355,
              48.705375
            ],
            [
              23.615664,
              48.705643
            ],
            [
              23.616116,
              48.705879
            ],
            [
              23.617001,
              48.706241
            ],
            [
              23.617283,
              48.706356
            ],
            [
              23.61762,
              48.706496
            ],
            [
              23.61782,
              48.706511
            ],
            [
              23.618839,
              48.706319
            ],
            [
              23.618894,
              48.70631
            ],
            [
              23.619716,
              48.705878
            ],
            [
              23.620041,
              48.705851
            ],
            [
              23.620557,
              48.70592
            ],
            [
              23.621004,
              48.70592
            ],
            [
              23.621409,
              48.705884
            ],
            [
              23.62182,
              48.705855
            ],
            [
              23.622103,
              48.705863
            ],
            [
              23.622723,
              48.70602
            ],
            [
              23.622914,
              48.706076
            ],
            [
              23.62342,
              48.706142
            ],
            [
              23.624097,
              48.706227
            ],
            [
              23.624237,
              48.706248
            ],
            [
              23.62452,
              48.706316
            ],
            [
              23.624848,
              48.706397
            ],
            [
              23.625189,
              48.706548
            ],
            [
              23.625298,
              48.706597
            ],
            [
              23.625453,
              48.706617
            ],
            [
              23.625764,
              48.706564
            ],
            [
              23.625982,
              48.706534
            ],
            [
              23.626221,
              48.706441
            ],
            [
              23.626727,
              48.706005
            ],
            [
              23.627167,
              48.705776
            ],
            [
              23.627547,
              48.705574
            ],
            [
              23.627873,
              48.705312
            ],
            [
              23.628538,
              48.704864
            ],
            [
              23.629086,
              48.704693
            ],
            [
              23.629479,
              48.704553
            ],
            [
              23.630172,
              48.704394
            ],
            [
              23.631038,
              48.703795
            ],
            [
              23.631958,
              48.703175
            ],
            [
              23.632394,
              48.70289
            ],
            [
              23.632977,
              48.702549
            ],
            [
              23.633129,
              48.702415
            ],
            [
              23.63343,
              48.701955
            ],
            [
              23.633519,
              48.701818
            ],
            [
              23.633778,
              48.701575
            ],
            [
              23.634138,
              48.701479
            ],
            [
              23.634543,
              48.701423
            ],
            [
              23.634705,
              48.701366
            ],
            [
              23.635261,
              48.700923
            ],
            [
              23.635579,
              48.70066
            ],
            [
              23.63623,
              48.700081
            ],
            [
              23.636477,
              48.699864
            ],
            [
              23.636698,
              48.699556
            ],
            [
              23.63697,
              48.699365
            ],
            [
              23.637364,
              48.699257
            ],
            [
              23.637579,
              48.699187
            ],
            [
              23.637958,
              48.699028
            ],
            [
              23.638216,
              48.698656
            ],
            [
              23.638227,
              48.698351
            ],
            [
              23.638172,
              48.698096
            ],
            [
              23.637799,
              48.697351
            ],
            [
              23.63705,
              48.695982
            ],
            [
              23.636676,
              48.695278
            ],
            [
              23.636267,
              48.694814
            ],
            [
              23.63587,
              48.694407
            ],
            [
              23.635787,
              48.694104
            ],
            [
              23.636527,
              48.693176
            ],
            [
              23.637866,
              48.692796
            ],
            [
              23.638912,
              48.691561
            ],
            [
              23.639303,
              48.691228
            ],
            [
              23.639511,
              48.690918
            ],
            [
              23.639607,
              48.690676
            ],
            [
              23.639668,
              48.6904
            ],
            [
              23.639726,
              48.690146
            ],
            [
              23.639684,
              48.689592
            ],
            [
              23.639567,
              48.689064
            ],
            [
              23.639398,
              48.688793
            ],
            [
              23.63901,
              48.688297
            ],
            [
              23.638444,
              48.687347
            ],
            [
              23.638247,
              48.686564
            ],
            [
              23.638099,
              48.686132
            ],
            [
              23.637807,
              48.685542
            ],
            [
              23.637317,
              48.68457
            ],
            [
              23.63727,
              48.684476
            ],
            [
              23.637262,
              48.684377
            ],
            [
              23.637365,
              48.684266
            ],
            [
              23.637503,
              48.684178
            ],
            [
              23.638227,
              48.683913
            ],
            [
              23.638845,
              48.683764
            ],
            [
              23.639344,
              48.683691
            ],
            [
              23.64009,
              48.683413
            ],
            [
              23.640526,
              48.683248
            ],
            [
              23.640972,
              48.683043
            ],
            [
              23.641201,
              48.683003
            ],
            [
              23.642215,
              48.682984
            ],
            [
              23.643691,
              48.68253
            ],
            [
              23.644319,
              48.682101
            ],
            [
              23.644781,
              48.681675
            ],
            [
              23.644926,
              48.681162
            ],
            [
              23.645071,
              48.680874
            ],
            [
              23.645354,
              48.680623
            ],
            [
              23.646314,
              48.680373
            ],
            [
              23.647253,
              48.680135
            ],
            [
              23.647639,
              48.680122
            ],
            [
              23.648025,
              48.680038
            ],
            [
              23.64991,
              48.679431
            ],
            [
              23.650398,
              48.679239
            ],
            [
              23.650714,
              48.67909
            ],
            [
              23.650976,
              48.678897
            ],
            [
              23.651264,
              48.67863
            ],
            [
              23.652398,
              48.677692
            ],
            [
              23.653413,
              48.677314
            ],
            [
              23.653902,
              48.677031
            ],
            [
              23.654184,
              48.676769
            ],
            [
              23.654293,
              48.676658
            ],
            [
              23.654384,
              48.676542
            ],
            [
              23.654906,
              48.675814
            ],
            [
              23.655717,
              48.674877
            ],
            [
              23.655796,
              48.674689
            ],
            [
              23.655811,
              48.674561
            ],
            [
              23.65579,
              48.67444
            ],
            [
              23.65588,
              48.674265
            ],
            [
              23.656639,
              48.67385
            ],
            [
              23.656953,
              48.673696
            ],
            [
              23.657265,
              48.673563
            ],
            [
              23.657651,
              48.673498
            ],
            [
              23.658075,
              48.673354
            ],
            [
              23.659361,
              48.673214
            ],
            [
              23.659817,
              48.673116
            ],
            [
              23.660303,
              48.67305
            ],
            [
              23.660992,
              48.67289
            ],
            [
              23.661169,
              48.672813
            ],
            [
              23.661528,
              48.672461
            ],
            [
              23.661605,
              48.672381
            ],
            [
              23.66169,
              48.672262
            ],
            [
              23.661939,
              48.671845
            ],
            [
              23.662241,
              48.67119
            ],
            [
              23.662327,
              48.671004
            ],
            [
              23.662478,
              48.670375
            ],
            [
              23.662648,
              48.669735
            ],
            [
              23.662648,
              48.668809
            ],
            [
              23.66269,
              48.668605
            ],
            [
              23.66301,
              48.66809
            ],
            [
              23.663351,
              48.667692
            ],
            [
              23.663501,
              48.667578
            ],
            [
              23.664007,
              48.667373
            ],
            [
              23.664284,
              48.667256
            ],
            [
              23.664484,
              48.667154
            ],
            [
              23.664695,
              48.667038
            ],
            [
              23.665199,
              48.666828
            ],
            [
              23.666458,
              48.666348
            ],
            [
              23.666807,
              48.666277
            ],
            [
              23.667079,
              48.666285
            ],
            [
              23.667357,
              48.66635
            ],
            [
              23.668023,
              48.66662
            ],
            [
              23.668257,
              48.666727
            ],
            [
              23.668832,
              48.666899
            ],
            [
              23.669606,
              48.667035
            ],
            [
              23.669745,
              48.667064
            ],
            [
              23.670263,
              48.667068
            ],
            [
              23.670512,
              48.667001
            ],
            [
              23.670824,
              48.66684
            ],
            [
              23.671013,
              48.666798
            ],
            [
              23.67118,
              48.666688
            ],
            [
              23.671399,
              48.666602
            ],
            [
              23.671559,
              48.666478
            ],
            [
              23.671617,
              48.666007
            ],
            [
              23.671633,
              48.665742
            ],
            [
              23.671561,
              48.665395
            ],
            [
              23.671618,
              48.66522
            ],
            [
              23.67164,
              48.665178
            ],
            [
              23.671751,
              48.665137
            ],
            [
              23.671889,
              48.665126
            ],
            [
              23.672123,
              48.665178
            ],
            [
              23.672403,
              48.665164
            ],
            [
              23.672768,
              48.665086
            ],
            [
              23.672935,
              48.665082
            ],
            [
              23.673188,
              48.66518
            ],
            [
              23.673747,
              48.665392
            ],
            [
              23.67388,
              48.665396
            ],
            [
              23.674043,
              48.665329
            ],
            [
              23.67421,
              48.665182
            ],
            [
              23.674557,
              48.664722
            ],
            [
              23.674915,
              48.664518
            ],
            [
              23.675042,
              48.664408
            ],
            [
              23.675132,
              48.664089
            ],
            [
              23.675183,
              48.663758
            ],
            [
              23.675206,
              48.663577
            ],
            [
              23.675294,
              48.663206
            ],
            [
              23.675285,
              48.662908
            ],
            [
              23.675235,
              48.662644
            ],
            [
              23.675255,
              48.662478
            ],
            [
              23.675445,
              48.662214
            ],
            [
              23.67548,
              48.662043
            ],
            [
              23.675622,
              48.661805
            ],
            [
              23.675851,
              48.661525
            ],
            [
              23.675895,
              48.661468
            ],
            [
              23.676049,
              48.661176
            ],
            [
              23.6762,
              48.660671
            ],
            [
              23.676242,
              48.660521
            ],
            [
              23.676367,
              48.660378
            ],
            [
              23.676703,
              48.66015
            ],
            [
              23.67684,
              48.660055
            ],
            [
              23.676995,
              48.659757
            ],
            [
              23.67748,
              48.659321
            ],
            [
              23.677839,
              48.658992
            ],
            [
              23.678305,
              48.658737
            ],
            [
              23.678617,
              48.658557
            ],
            [
              23.678784,
              48.65839
            ],
            [
              23.679158,
              48.658191
            ],
            [
              23.679505,
              48.65801
            ],
            [
              23.679661,
              48.657895
            ],
            [
              23.679934,
              48.657679
            ],
            [
              23.680485,
              48.657375
            ],
            [
              23.680498,
              48.657192
            ],
            [
              23.680491,
              48.656955
            ],
            [
              23.680543,
              48.656848
            ],
            [
              23.680536,
              48.656636
            ],
            [
              23.680527,
              48.656506
            ],
            [
              23.680533,
              48.656365
            ],
            [
              23.680606,
              48.656254
            ],
            [
              23.68115,
              48.656001
            ],
            [
              23.681329,
              48.655913
            ],
            [
              23.681601,
              48.65573
            ],
            [
              23.68209,
              48.655419
            ],
            [
              23.682134,
              48.655397
            ],
            [
              23.682258,
              48.655224
            ],
            [
              23.682412,
              48.654982
            ],
            [
              23.682619,
              48.654419
            ],
            [
              23.682649,
              48.654114
            ],
            [
              23.682672,
              48.653711
            ],
            [
              23.682664,
              48.653483
            ],
            [
              23.68262,
              48.653324
            ],
            [
              23.682666,
              48.653024
            ],
            [
              23.682761,
              48.652805
            ],
            [
              23.683337,
              48.651635
            ],
            [
              23.683562,
              48.651192
            ],
            [
              23.684112,
              48.650251
            ],
            [
              23.68485,
              48.649692
            ],
            [
              23.685181,
              48.649386
            ],
            [
              23.685445,
              48.649045
            ],
            [
              23.685792,
              48.648656
            ],
            [
              23.686106,
              48.648334
            ],
            [
              23.686765,
              48.647707
            ],
            [
              23.687139,
              48.647369
            ],
            [
              23.68743,
              48.647132
            ],
            [
              23.687786,
              48.646906
            ],
            [
              23.688077,
              48.646751
            ],
            [
              23.689561,
              48.646261
            ],
            [
              23.691243,
              48.645694
            ],
            [
              23.692382,
              48.645285
            ],
            [
              23.692915,
              48.645083
            ],
            [
              23.694037,
              48.64466
            ],
            [
              23.695044,
              48.644403
            ],
            [
              23.695667,
              48.644253
            ],
            [
              23.696477,
              48.644055
            ],
            [
              23.697957,
              48.64363
            ],
            [
              23.69817,
              48.643571
            ],
            [
              23.698657,
              48.643316
            ],
            [
              23.699255,
              48.642864
            ],
            [
              23.699703,
              48.64256
            ],
            [
              23.701217,
              48.641537
            ],
            [
              23.702189,
              48.640941
            ],
            [
              23.702966,
              48.640668
            ],
            [
              23.703055,
              48.640634
            ],
            [
              23.703492,
              48.640367
            ],
            [
              23.704025,
              48.639828
            ],
            [
              23.704107,
              48.639738
            ],
            [
              23.704559,
              48.639399
            ],
            [
              23.705097,
              48.639128
            ],
            [
              23.706503,
              48.638707
            ],
            [
              23.707148,
              48.638543
            ],
            [
              23.708077,
              48.638386
            ],
            [
              23.708546,
              48.638361
            ],
            [
              23.708903,
              48.638344
            ],
            [
              23.709756,
              48.638417
            ],
            [
              23.710528,
              48.638432
            ],
            [
              23.711023,
              48.638436
            ],
            [
              23.711385,
              48.638411
            ],
            [
              23.711986,
              48.638356
            ],
            [
              23.712354,
              48.638327
            ],
            [
              23.712587,
              48.638308
            ],
            [
              23.712806,
              48.638261
            ],
            [
              23.713312,
              48.638146
            ],
            [
              23.714289,
              48.637926
            ],
            [
              23.714823,
              48.637805
            ],
            [
              23.715465,
              48.637705
            ],
            [
              23.715748,
              48.637721
            ],
            [
              23.716265,
              48.637843
            ],
            [
              23.716574,
              48.637996
            ],
            [
              23.716793,
              48.638153
            ],
            [
              23.717055,
              48.638271
            ],
            [
              23.717155,
              48.638304
            ],
            [
              23.717896,
              48.638432
            ],
            [
              23.71847,
              48.638497
            ],
            [
              23.718819,
              48.638542
            ],
            [
              23.719241,
              48.638592
            ],
            [
              23.719471,
              48.638566
            ],
            [
              23.719857,
              48.638437
            ],
            [
              23.720192,
              48.638328
            ],
            [
              23.721337,
              48.638153
            ],
            [
              23.722133,
              48.638125
            ],
            [
              23.722464,
              48.638109
            ],
            [
              23.723062,
              48.638142
            ],
            [
              23.723733,
              48.638175
            ],
            [
              23.724212,
              48.638266
            ],
            [
              23.724426,
              48.638254
            ],
            [
              23.724668,
              48.638179
            ],
            [
              23.725291,
              48.6376
            ],
            [
              23.725552,
              48.637402
            ],
            [
              23.725707,
              48.637363
            ],
            [
              23.726226,
              48.637515
            ],
            [
              23.727226,
              48.637796
            ],
            [
              23.728704,
              48.638203
            ],
            [
              23.728888,
              48.638225
            ],
            [
              23.730265,
              48.638097
            ],
            [
              23.730789,
              48.638024
            ],
            [
              23.731203,
              48.638012
            ],
            [
              23.732202,
              48.6381
            ],
            [
              23.732536,
              48.638038
            ],
            [
              23.732787,
              48.638041
            ],
            [
              23.733313,
              48.638249
            ],
            [
              23.734111,
              48.638544
            ],
            [
              23.734803,
              48.638904
            ],
            [
              23.735001,
              48.63912
            ],
            [
              23.73504,
              48.639156
            ],
            [
              23.73507,
              48.639358
            ],
            [
              23.735453,
              48.639795
            ],
            [
              23.735814,
              48.639991
            ],
            [
              23.736122,
              48.640161
            ],
            [
              23.736307,
              48.640373
            ],
            [
              23.736479,
              48.640667
            ],
            [
              23.736652,
              48.640853
            ],
            [
              23.736785,
              48.640975
            ],
            [
              23.736946,
              48.64107
            ],
            [
              23.737846,
              48.641313
            ],
            [
              23.738234,
              48.641419
            ],
            [
              23.738559,
              48.641715
            ],
            [
              23.738761,
              48.641889
            ],
            [
              23.739123,
              48.642179
            ],
            [
              23.739406,
              48.642389
            ],
            [
              23.739922,
              48.642523
            ],
            [
              23.740107,
              48.642658
            ],
            [
              23.740203,
              48.64289
            ],
            [
              23.740882,
              48.643379
            ],
            [
              23.741209,
              48.643651
            ],
            [
              23.741338,
              48.643936
            ],
            [
              23.741583,
              48.644524
            ],
            [
              23.741638,
              48.6448
            ],
            [
              23.741722,
              48.645332
            ],
            [
              23.741982,
              48.645886
            ],
            [
              23.742186,
              48.645996
            ],
            [
              23.742603,
              48.646052
            ],
            [
              23.743207,
              48.646233
            ],
            [
              23.743697,
              48.646326
            ],
            [
              23.744036,
              48.646408
            ],
            [
              23.744698,
              48.646585
            ],
            [
              23.745088,
              48.646615
            ],
            [
              23.74555,
              48.646597
            ],
            [
              23.746074,
              48.646588
            ],
            [
              23.746301,
              48.646514
            ],
            [
              23.7468,
              48.646195
            ],
            [
              23.747079,
              48.646037
            ],
            [
              23.747402,
              48.645925
            ],
            [
              23.747561,
              48.645893
            ],
            [
              23.747805,
              48.645881
            ],
            [
              23.74818,
              48.645884
            ],
            [
              23.748844,
              48.645925
            ],
            [
              23.749162,
              48.64596
            ],
            [
              23.74983,
              48.645928
            ],
            [
              23.7505,
              48.645849
            ],
            [
              23.751152,
              48.64577
            ],
            [
              23.751857,
              48.645509
            ],
            [
              23.752459,
              48.645389
            ],
            [
              23.752764,
              48.64524
            ],
            [
              23.752989,
              48.645062
            ],
            [
              23.753398,
              48.644628
            ],
            [
              23.753604,
              48.644489
            ],
            [
              23.754046,
              48.644292
            ],
            [
              23.754649,
              48.644079
            ],
            [
              23.755046,
              48.643964
            ],
            [
              23.755527,
              48.643949
            ],
            [
              23.756412,
              48.644044
            ],
            [
              23.757347,
              48.644284
            ],
            [
              23.758034,
              48.644469
            ],
            [
              23.759101,
              48.644655
            ],
            [
              23.759669,
              48.644725
            ],
            [
              23.760736,
              48.644926
            ],
            [
              23.761314,
              48.645039
            ],
            [
              23.761813,
              48.645101
            ],
            [
              23.762813,
              48.645226
            ],
            [
              23.763358,
              48.645308
            ],
            [
              23.763585,
              48.645376
            ],
            [
              23.764187,
              48.645708
            ],
            [
              23.764688,
              48.645839
            ],
            [
              23.765221,
              48.645944
            ],
            [
              23.765406,
              48.645956
            ],
            [
              23.765676,
              48.645865
            ],
            [
              23.765768,
              48.645845
            ],
            [
              23.766121,
              48.645565
            ],
            [
              23.766556,
              48.645208
            ],
            [
              23.767085,
              48.644735
            ],
            [
              23.767695,
              48.64437
            ],
            [
              23.768014,
              48.644186
            ],
            [
              23.768152,
              48.644109
            ],
            [
              23.768414,
              48.64389
            ],
            [
              23.768564,
              48.643716
            ],
            [
              23.768591,
              48.642901
            ],
            [
              23.768687,
              48.642755
            ],
            [
              23.768963,
              48.64247
            ],
            [
              23.769438,
              48.642082
            ],
            [
              23.769958,
              48.641915
            ],
            [
              23.771125,
              48.641582
            ],
            [
              23.771493,
              48.641394
            ],
            [
              23.771709,
              48.641292
            ],
            [
              23.772189,
              48.640964
            ],
            [
              23.773116,
              48.641028
            ],
            [
              23.773899,
              48.641376
            ],
            [
              23.774183,
              48.641534
            ],
            [
              23.774479,
              48.641809
            ],
            [
              23.774641,
              48.641961
            ],
            [
              23.775128,
              48.64222
            ],
            [
              23.775958,
              48.642469
            ],
            [
              23.776429,
              48.642615
            ],
            [
              23.777099,
              48.642905
            ],
            [
              23.777594,
              48.643143
            ],
            [
              23.77801,
              48.643372
            ],
            [
              23.77825,
              48.643505
            ],
            [
              23.778802,
              48.643606
            ],
            [
              23.779254,
              48.643526
            ],
            [
              23.779576,
              48.643372
            ],
            [
              23.780014,
              48.643028
            ],
            [
              23.780514,
              48.642793
            ],
            [
              23.780759,
              48.642679
            ],
            [
              23.781155,
              48.642445
            ],
            [
              23.78146,
              48.642111
            ],
            [
              23.78197,
              48.641818
            ],
            [
              23.782379,
              48.641604
            ],
            [
              23.782768,
              48.641392
            ],
            [
              23.783562,
              48.641111
            ],
            [
              23.784333,
              48.641012
            ],
            [
              23.784518,
              48.640983
            ],
            [
              23.785373,
              48.640986
            ],
            [
              23.785642,
              48.640995
            ],
            [
              23.786156,
              48.640925
            ],
            [
              23.786332,
              48.640907
            ],
            [
              23.786847,
              48.640896
            ],
            [
              23.787138,
              48.64089
            ],
            [
              23.78811,
              48.640839
            ],
            [
              23.788932,
              48.640666
            ],
            [
              23.789504,
              48.640236
            ],
            [
              23.789811,
              48.63999
            ],
            [
              23.79013,
              48.63961
            ],
            [
              23.79025,
              48.639367
            ],
            [
              23.790681,
              48.638825
            ],
            [
              23.791866,
              48.638072
            ],
            [
              23.792408,
              48.637776
            ],
            [
              23.793466,
              48.636958
            ],
            [
              23.794567,
              48.635425
            ],
            [
              23.794651,
              48.635308
            ],
            [
              23.795207,
              48.634179
            ],
            [
              23.795564,
              48.63378
            ],
            [
              23.795966,
              48.633432
            ],
            [
              23.796549,
              48.633067
            ],
            [
              23.796947,
              48.63285
            ],
            [
              23.797177,
              48.632754
            ],
            [
              23.797322,
              48.632721
            ],
            [
              23.797441,
              48.632608
            ],
            [
              23.797463,
              48.63252
            ],
            [
              23.797388,
              48.6322
            ],
            [
              23.797314,
              48.631853
            ],
            [
              23.797292,
              48.631014
            ],
            [
              23.797205,
              48.6309
            ],
            [
              23.796282,
              48.630539
            ],
            [
              23.794635,
              48.62996
            ],
            [
              23.794542,
              48.62993
            ],
            [
              23.794318,
              48.629825
            ],
            [
              23.794178,
              48.629667
            ],
            [
              23.794169,
              48.629574
            ],
            [
              23.794197,
              48.629411
            ],
            [
              23.794295,
              48.629213
            ],
            [
              23.795026,
              48.628113
            ],
            [
              23.795451,
              48.627157
            ],
            [
              23.795723,
              48.626552
            ],
            [
              23.795822,
              48.626038
            ],
            [
              23.795801,
              48.625971
            ],
            [
              23.79573,
              48.625796
            ],
            [
              23.79525,
              48.625179
            ],
            [
              23.794977,
              48.624801
            ],
            [
              23.79481,
              48.624549
            ],
            [
              23.794731,
              48.624281
            ],
            [
              23.794707,
              48.623939
            ],
            [
              23.794735,
              48.623472
            ],
            [
              23.794772,
              48.622956
            ],
            [
              23.794907,
              48.622572
            ],
            [
              23.795469,
              48.621717
            ],
            [
              23.79599,
              48.621092
            ],
            [
              23.796165,
              48.62088
            ],
            [
              23.796279,
              48.62068
            ],
            [
              23.796318,
              48.620513
            ],
            [
              23.796208,
              48.620276
            ],
            [
              23.795906,
              48.619998
            ],
            [
              23.795061,
              48.619589
            ],
            [
              23.794733,
              48.619426
            ],
            [
              23.794474,
              48.619224
            ],
            [
              23.794392,
              48.619041
            ],
            [
              23.79438,
              48.618809
            ],
            [
              23.794325,
              48.618586
            ],
            [
              23.794101,
              48.618235
            ],
            [
              23.793825,
              48.617868
            ],
            [
              23.793709,
              48.617575
            ],
            [
              23.793682,
              48.617457
            ],
            [
              23.793654,
              48.617171
            ],
            [
              23.793686,
              48.616792
            ],
            [
              23.793815,
              48.616421
            ],
            [
              23.793957,
              48.615918
            ],
            [
              23.794074,
              48.615688
            ],
            [
              23.794119,
              48.615606
            ],
            [
              23.79409,
              48.615404
            ],
            [
              23.793737,
              48.615004
            ],
            [
              23.793206,
              48.614841
            ],
            [
              23.792272,
              48.614731
            ],
            [
              23.79124,
              48.614679
            ],
            [
              23.790507,
              48.614563
            ],
            [
              23.789686,
              48.614262
            ],
            [
              23.788405,
              48.613658
            ],
            [
              23.787847,
              48.613392
            ],
            [
              23.7876,
              48.613205
            ],
            [
              23.787378,
              48.612912
            ],
            [
              23.787275,
              48.612778
            ],
            [
              23.787086,
              48.612273
            ],
            [
              23.786681,
              48.61152
            ],
            [
              23.786443,
              48.610993
            ],
            [
              23.786393,
              48.610661
            ],
            [
              23.786424,
              48.61039
            ],
            [
              23.786623,
              48.60969
            ],
            [
              23.786744,
              48.609464
            ],
            [
              23.786945,
              48.609133
            ],
            [
              23.787147,
              48.608647
            ],
            [
              23.787259,
              48.608193
            ],
            [
              23.787261,
              48.607744
            ],
            [
              23.787146,
              48.607287
            ],
            [
              23.787041,
              48.607087
            ],
            [
              23.786812,
              48.606599
            ],
            [
              23.78661,
              48.606189
            ],
            [
              23.786634,
              48.605817
            ],
            [
              23.786727,
              48.605695
            ],
            [
              23.786912,
              48.605569
            ],
            [
              23.787269,
              48.605447
            ],
            [
              23.787396,
              48.605398
            ],
            [
              23.787647,
              48.605238
            ],
            [
              23.787796,
              48.605064
            ],
            [
              23.788018,
              48.604648
            ],
            [
              23.788183,
              48.604487
            ],
            [
              23.788336,
              48.604418
            ],
            [
              23.788454,
              48.604384
            ],
            [
              23.788864,
              48.60433
            ],
            [
              23.78923,
              48.604275
            ],
            [
              23.789685,
              48.604012
            ],
            [
              23.789749,
              48.603913
            ],
            [
              23.789789,
              48.603865
            ],
            [
              23.789825,
              48.603742
            ],
            [
              23.789875,
              48.603583
            ],
            [
              23.789858,
              48.603489
            ],
            [
              23.789803,
              48.603061
            ],
            [
              23.789879,
              48.602898
            ],
            [
              23.789995,
              48.602709
            ],
            [
              23.79033,
              48.602399
            ],
            [
              23.790707,
              48.602163
            ],
            [
              23.791232,
              48.601918
            ],
            [
              23.791498,
              48.601829
            ],
            [
              23.791642,
              48.601812
            ],
            [
              23.792145,
              48.601821
            ],
            [
              23.792459,
              48.601786
            ],
            [
              23.792864,
              48.601689
            ],
            [
              23.793042,
              48.601649
            ],
            [
              23.793337,
              48.601534
            ],
            [
              23.794318,
              48.601178
            ],
            [
              23.79489,
              48.601105
            ],
            [
              23.795204,
              48.601064
            ],
            [
              23.79554,
              48.60097
            ],
            [
              23.796036,
              48.60082
            ],
            [
              23.796309,
              48.600741
            ],
            [
              23.796609,
              48.600592
            ],
            [
              23.796692,
              48.600423
            ],
            [
              23.796599,
              48.600268
            ],
            [
              23.796256,
              48.599908
            ],
            [
              23.796173,
              48.599703
            ],
            [
              23.795967,
              48.599079
            ],
            [
              23.79588,
              48.598828
            ],
            [
              23.795668,
              48.598557
            ],
            [
              23.794835,
              48.59782
            ],
            [
              23.793925,
              48.597165
            ],
            [
              23.793031,
              48.596536
            ],
            [
              23.792648,
              48.596213
            ],
            [
              23.792098,
              48.595736
            ],
            [
              23.791723,
              48.595417
            ],
            [
              23.791481,
              48.595086
            ],
            [
              23.791306,
              48.594808
            ],
            [
              23.791142,
              48.594514
            ],
            [
              23.791074,
              48.594129
            ],
            [
              23.791086,
              48.593893
            ],
            [
              23.791095,
              48.593647
            ],
            [
              23.791164,
              48.593301
            ],
            [
              23.791782,
              48.592204
            ],
            [
              23.792464,
              48.591332
            ],
            [
              23.793535,
              48.590521
            ],
            [
              23.794184,
              48.590053
            ],
            [
              23.794415,
              48.589896
            ],
            [
              23.794809,
              48.589549
            ],
            [
              23.794992,
              48.589265
            ],
            [
              23.795093,
              48.588988
            ],
            [
              23.795409,
              48.588633
            ],
            [
              23.795863,
              48.588318
            ],
            [
              23.796443,
              48.588042
            ],
            [
              23.796864,
              48.587879
            ],
            [
              23.79728,
              48.587781
            ],
            [
              23.797611,
              48.587717
            ],
            [
              23.797941,
              48.587701
            ],
            [
              23.798473,
              48.587714
            ],
            [
              23.798594,
              48.587717
            ],
            [
              23.798938,
              48.587661
            ],
            [
              23.799298,
              48.587538
            ],
            [
              23.799729,
              48.587199
            ],
            [
              23.800266,
              48.586756
            ],
            [
              23.800548,
              48.586624
            ],
            [
              23.801221,
              48.586242
            ],
            [
              23.801618,
              48.58601
            ],
            [
              23.801921,
              48.58578
            ],
            [
              23.802253,
              48.585484
            ],
            [
              23.802397,
              48.585239
            ],
            [
              23.80244,
              48.584925
            ],
            [
              23.802627,
              48.584263
            ],
            [
              23.803114,
              48.583477
            ],
            [
              23.803448,
              48.582872
            ],
            [
              23.803667,
              48.582612
            ],
            [
              23.803769,
              48.582412
            ],
            [
              23.803852,
              48.58198
            ],
            [
              23.803861,
              48.581666
            ],
            [
              23.803903,
              48.581437
            ],
            [
              23.804001,
              48.580947
            ],
            [
              23.803994,
              48.580745
            ],
            [
              23.803992,
              48.580651
            ],
            [
              23.804621,
              48.580632
            ],
            [
              23.80566,
              48.580753
            ],
            [
              23.806755,
              48.580889
            ],
            [
              23.807331,
              48.580961
            ],
            [
              23.808063,
              48.581002
            ],
            [
              23.808503,
              48.580974
            ],
            [
              23.808632,
              48.580967
            ],
            [
              23.809398,
              48.580813
            ],
            [
              23.810437,
              48.580605
            ],
            [
              23.810558,
              48.580579
            ],
            [
              23.811998,
              48.580473
            ],
            [
              23.812679,
              48.580394
            ],
            [
              23.813788,
              48.580264
            ],
            [
              23.81405,
              48.580233
            ],
            [
              23.814456,
              48.580145
            ],
            [
              23.816007,
              48.579805
            ],
            [
              23.817202,
              48.579581
            ],
            [
              23.818004,
              48.579442
            ],
            [
              23.818995,
              48.579356
            ],
            [
              23.820176,
              48.579254
            ],
            [
              23.821409,
              48.579235
            ],
            [
              23.821979,
              48.579228
            ],
            [
              23.822741,
              48.579266
            ],
            [
              23.823667,
              48.579312
            ],
            [
              23.824715,
              48.579367
            ],
            [
              23.825211,
              48.579391
            ],
            [
              23.826099,
              48.579435
            ],
            [
              23.826885,
              48.579478
            ],
            [
              23.827597,
              48.579511
            ],
            [
              23.829955,
              48.579634
            ],
            [
              23.830142,
              48.579641
            ],
            [
              23.831638,
              48.579642
            ],
            [
              23.831873,
              48.579641
            ],
            [
              23.832858,
              48.579581
            ],
            [
              23.834973,
              48.579455
            ],
            [
              23.835465,
              48.579427
            ],
            [
              23.835321,
              48.578911
            ],
            [
              23.83512,
              48.578191
            ],
            [
              23.834812,
              48.577573
            ],
            [
              23.83468,
              48.577301
            ],
            [
              23.834381,
              48.576875
            ],
            [
              23.833913,
              48.576377
            ],
            [
              23.833749,
              48.576118
            ],
            [
              23.83366,
              48.575832
            ],
            [
              23.833592,
              48.575603
            ],
            [
              23.833665,
              48.575262
            ],
            [
              23.833913,
              48.574918
            ],
            [
              23.83428,
              48.574405
            ],
            [
              23.834483,
              48.57399
            ],
            [
              23.834755,
              48.573268
            ],
            [
              23.83484,
              48.573029
            ],
            [
              23.834914,
              48.572736
            ],
            [
              23.834944,
              48.572623
            ],
            [
              23.834948,
              48.572452
            ],
            [
              23.83485,
              48.572046
            ],
            [
              23.834638,
              48.571605
            ],
            [
              23.834458,
              48.571253
            ],
            [
              23.834309,
              48.571027
            ],
            [
              23.833985,
              48.570523
            ],
            [
              23.833562,
              48.569855
            ],
            [
              23.833113,
              48.569317
            ],
            [
              23.832633,
              48.568734
            ],
            [
              23.832611,
              48.568705
            ],
            [
              23.832393,
              48.568084
            ],
            [
              23.832338,
              48.567934
            ],
            [
              23.832369,
              48.567716
            ],
            [
              23.832506,
              48.567535
            ],
            [
              23.832792,
              48.567327
            ],
            [
              23.833153,
              48.567129
            ],
            [
              23.833982,
              48.566803
            ],
            [
              23.834631,
              48.566281
            ],
            [
              23.835249,
              48.566014
            ],
            [
              23.835501,
              48.565927
            ],
            [
              23.835781,
              48.565877
            ],
            [
              23.83613,
              48.565855
            ],
            [
              23.836839,
              48.565747
            ],
            [
              23.837283,
              48.565592
            ],
            [
              23.838039,
              48.565227
            ],
            [
              23.838839,
              48.56483
            ],
            [
              23.83959,
              48.564468
            ],
            [
              23.839991,
              48.564273
            ],
            [
              23.840533,
              48.563888
            ],
            [
              23.840996,
              48.56356
            ],
            [
              23.841858,
              48.562847
            ],
            [
              23.842241,
              48.562577
            ],
            [
              23.842905,
              48.562108
            ],
            [
              23.843548,
              48.561647
            ],
            [
              23.844677,
              48.560849
            ],
            [
              23.845503,
              48.560264
            ],
            [
              23.846944,
              48.559239
            ],
            [
              23.847774,
              48.558653
            ],
            [
              23.848424,
              48.558192
            ],
            [
              23.848626,
              48.558054
            ],
            [
              23.849426,
              48.557558
            ],
            [
              23.850556,
              48.556861
            ],
            [
              23.851455,
              48.556305
            ],
            [
              23.852504,
              48.555655
            ],
            [
              23.853896,
              48.554793
            ],
            [
              23.855078,
              48.554068
            ],
            [
              23.855908,
              48.553587
            ],
            [
              23.85739,
              48.552734
            ],
            [
              23.858156,
              48.552543
            ],
            [
              23.858748,
              48.552473
            ],
            [
              23.859429,
              48.552539
            ],
            [
              23.860383,
              48.55276
            ],
            [
              23.861373,
              48.552994
            ],
            [
              23.86215,
              48.553285
            ],
            [
              23.863072,
              48.553715
            ],
            [
              23.863831,
              48.553984
            ],
            [
              23.864486,
              48.554186
            ],
            [
              23.864942,
              48.554323
            ],
            [
              23.865796,
              48.554582
            ],
            [
              23.866485,
              48.554966
            ],
            [
              23.866602,
              48.555072
            ],
            [
              23.866747,
              48.555332
            ],
            [
              23.866971,
              48.555527
            ],
            [
              23.867469,
              48.555817
            ],
            [
              23.868021,
              48.556138
            ],
            [
              23.868832,
              48.556419
            ],
            [
              23.869475,
              48.556523
            ],
            [
              23.870038,
              48.556456
            ],
            [
              23.870612,
              48.556302
            ],
            [
              23.871743,
              48.555993
            ],
            [
              23.872917,
              48.55568
            ],
            [
              23.873967,
              48.555421
            ],
            [
              23.874395,
              48.555316
            ],
            [
              23.875125,
              48.555201
            ],
            [
              23.875231,
              48.555185
            ],
            [
              23.875765,
              48.555147
            ],
            [
              23.875905,
              48.555139
            ],
            [
              23.876242,
              48.555082
            ],
            [
              23.876758,
              48.554955
            ],
            [
              23.877027,
              48.554884
            ],
            [
              23.877198,
              48.554854
            ],
            [
              23.877503,
              48.554804
            ],
            [
              23.877763,
              48.554764
            ],
            [
              23.877966,
              48.554634
            ],
            [
              23.878229,
              48.554388
            ],
            [
              23.878444,
              48.554188
            ],
            [
              23.878657,
              48.554045
            ],
            [
              23.87895,
              48.553917
            ],
            [
              23.879549,
              48.553747
            ],
            [
              23.880384,
              48.55352
            ],
            [
              23.880782,
              48.553411
            ],
            [
              23.881112,
              48.553292
            ],
            [
              23.881378,
              48.553247
            ],
            [
              23.881599,
              48.553285
            ],
            [
              23.881847,
              48.553372
            ],
            [
              23.881939,
              48.553405
            ],
            [
              23.882135,
              48.553495
            ],
            [
              23.882285,
              48.553568
            ],
            [
              23.882558,
              48.553746
            ],
            [
              23.882942,
              48.553995
            ],
            [
              23.883778,
              48.554237
            ],
            [
              23.88474,
              48.554519
            ],
            [
              23.886059,
              48.554711
            ],
            [
              23.886425,
              48.554767
            ],
            [
              23.887107,
              48.554802
            ],
            [
              23.887728,
              48.554753
            ],
            [
              23.888369,
              48.554616
            ],
            [
              23.889407,
              48.554388
            ],
            [
              23.889607,
              48.554344
            ],
            [
              23.890001,
              48.55428
            ],
            [
              23.890052,
              48.554275
            ],
            [
              23.890772,
              48.554281
            ],
            [
              23.8916,
              48.554447
            ],
            [
              23.892226,
              48.554616
            ],
            [
              23.892594,
              48.554726
            ],
            [
              23.893004,
              48.554879
            ],
            [
              23.893268,
              48.55498
            ],
            [
              23.89353,
              48.555117
            ],
            [
              23.894375,
              48.555585
            ],
            [
              23.894674,
              48.55576
            ],
            [
              23.895094,
              48.556047
            ],
            [
              23.895675,
              48.556444
            ],
            [
              23.895911,
              48.556606
            ],
            [
              23.896763,
              48.557193
            ],
            [
              23.897013,
              48.557366
            ],
            [
              23.897427,
              48.557544
            ],
            [
              23.897916,
              48.557764
            ],
            [
              23.89842,
              48.557985
            ],
            [
              23.898979,
              48.558235
            ],
            [
              23.899407,
              48.558427
            ],
            [
              23.900141,
              48.558723
            ],
            [
              23.900692,
              48.558944
            ],
            [
              23.901195,
              48.559144
            ],
            [
              23.901738,
              48.559385
            ],
            [
              23.902679,
              48.559809
            ],
            [
              23.903101,
              48.560076
            ],
            [
              23.903423,
              48.560281
            ],
            [
              23.903566,
              48.560388
            ],
            [
              23.903934,
              48.560665
            ],
            [
              23.904295,
              48.560936
            ],
            [
              23.90466,
              48.561205
            ],
            [
              23.905197,
              48.56161
            ],
            [
              23.90596,
              48.562189
            ],
            [
              23.90628,
              48.56249
            ],
            [
              23.906602,
              48.5628
            ],
            [
              23.906791,
              48.562973
            ],
            [
              23.90688,
              48.562908
            ],
            [
              23.907007,
              48.562664
            ],
            [
              23.907183,
              48.562143
            ],
            [
              23.907341,
              48.561705
            ],
            [
              23.907609,
              48.561338
            ],
            [
              23.907876,
              48.561128
            ],
            [
              23.908605,
              48.560554
            ],
            [
              23.9088,
              48.560401
            ],
            [
              23.909217,
              48.560014
            ],
            [
              23.90967,
              48.559591
            ],
            [
              23.909905,
              48.559437
            ],
            [
              23.910559,
              48.55916
            ],
            [
              23.910784,
              48.558921
            ],
            [
              23.910918,
              48.558786
            ],
            [
              23.911324,
              48.558157
            ],
            [
              23.911615,
              48.557697
            ],
            [
              23.911979,
              48.557163
            ],
            [
              23.912185,
              48.556684
            ],
            [
              23.912387,
              48.556126
            ],
            [
              23.912418,
              48.556022
            ],
            [
              23.912607,
              48.555722
            ],
            [
              23.912877,
              48.555324
            ],
            [
              23.913128,
              48.555188
            ],
            [
              23.913535,
              48.555087
            ],
            [
              23.914952,
              48.554677
            ],
            [
              23.916428,
              48.554239
            ],
            [
              23.917126,
              48.554035
            ],
            [
              23.917946,
              48.553957
            ],
            [
              23.918562,
              48.553906
            ],
            [
              23.919363,
              48.553765
            ],
            [
              23.920702,
              48.553589
            ],
            [
              23.921568,
              48.553462
            ],
            [
              23.923469,
              48.553331
            ],
            [
              23.923885,
              48.553299
            ],
            [
              23.924612,
              48.55316
            ],
            [
              23.925157,
              48.553133
            ],
            [
              23.925796,
              48.55316
            ],
            [
              23.92598,
              48.553142
            ],
            [
              23.926515,
              48.552948
            ],
            [
              23.927245,
              48.552705
            ],
            [
              23.927982,
              48.552521
            ],
            [
              23.928488,
              48.552396
            ],
            [
              23.928893,
              48.55232
            ],
            [
              23.928605,
              48.55173
            ],
            [
              23.928303,
              48.550995
            ],
            [
              23.927967,
              48.550214
            ],
            [
              23.927851,
              48.549947
            ],
            [
              23.927614,
              48.549389
            ],
            [
              23.927466,
              48.549002
            ],
            [
              23.927392,
              48.548845
            ],
            [
              23.927337,
              48.548652
            ],
            [
              23.927262,
              48.548268
            ],
            [
              23.92717,
              48.548016
            ],
            [
              23.927073,
              48.547765
            ],
            [
              23.926958,
              48.547539
            ],
            [
              23.926813,
              48.547297
            ],
            [
              23.926758,
              48.547202
            ],
            [
              23.926403,
              48.546985
            ],
            [
              23.926061,
              48.546791
            ],
            [
              23.925749,
              48.546626
            ],
            [
              23.92551,
              48.546516
            ],
            [
              23.925038,
              48.546347
            ],
            [
              23.92456,
              48.546156
            ],
            [
              23.924211,
              48.546031
            ],
            [
              23.923929,
              48.545907
            ],
            [
              23.9233,
              48.545584
            ],
            [
              23.922893,
              48.545385
            ],
            [
              23.922519,
              48.545182
            ],
            [
              23.922353,
              48.545098
            ],
            [
              23.922021,
              48.544899
            ],
            [
              23.921478,
              48.544551
            ],
            [
              23.920811,
              48.544164
            ],
            [
              23.920164,
              48.543754
            ],
            [
              23.919695,
              48.543462
            ],
            [
              23.919386,
              48.543222
            ],
            [
              23.919254,
              48.543152
            ],
            [
              23.919131,
              48.54303
            ],
            [
              23.918946,
              48.542872
            ],
            [
              23.918638,
              48.542434
            ],
            [
              23.91862,
              48.542314
            ],
            [
              23.918655,
              48.542104
            ],
            [
              23.918717,
              48.541835
            ],
            [
              23.918816,
              48.54156
            ],
            [
              23.918896,
              48.541394
            ],
            [
              23.918959,
              48.541316
            ],
            [
              23.918823,
              48.540856
            ],
            [
              23.918697,
              48.540655
            ],
            [
              23.918379,
              48.540094
            ],
            [
              23.918271,
              48.539881
            ],
            [
              23.918182,
              48.539581
            ],
            [
              23.918056,
              48.539281
            ],
            [
              23.917958,
              48.539064
            ],
            [
              23.917922,
              48.538917
            ],
            [
              23.917914,
              48.538788
            ],
            [
              23.917931,
              48.538548
            ],
            [
              23.917931,
              48.538338
            ],
            [
              23.918002,
              48.537971
            ],
            [
              23.918062,
              48.537725
            ],
            [
              23.918126,
              48.537316
            ],
            [
              23.918162,
              48.537136
            ],
            [
              23.917985,
              48.536587
            ],
            [
              23.917859,
              48.536503
            ],
            [
              23.917661,
              48.536366
            ],
            [
              23.917509,
              48.536276
            ],
            [
              23.917383,
              48.536187
            ],
            [
              23.917222,
              48.536103
            ],
            [
              23.917024,
              48.535984
            ],
            [
              23.916675,
              48.535764
            ],
            [
              23.916281,
              48.535595
            ],
            [
              23.915878,
              48.53544
            ],
            [
              23.915628,
              48.535351
            ],
            [
              23.915467,
              48.53528
            ],
            [
              23.915351,
              48.535238
            ],
            [
              23.915164,
              48.53509
            ],
            [
              23.91505,
              48.534979
            ],
            [
              23.9149,
              48.53475
            ],
            [
              23.914848,
              48.53466
            ],
            [
              23.914782,
              48.534469
            ],
            [
              23.914527,
              48.533903
            ],
            [
              23.914266,
              48.533509
            ],
            [
              23.914215,
              48.53343
            ],
            [
              23.914213,
              48.533144
            ],
            [
              23.914487,
              48.532529
            ],
            [
              23.914704,
              48.532282
            ],
            [
              23.915137,
              48.531968
            ],
            [
              23.916471,
              48.531262
            ],
            [
              23.917718,
              48.53059
            ],
            [
              23.919499,
              48.529646
            ],
            [
              23.919888,
              48.529429
            ],
            [
              23.92004,
              48.529328
            ],
            [
              23.920226,
              48.528926
            ],
            [
              23.920235,
              48.528755
            ],
            [
              23.92018,
              48.528338
            ],
            [
              23.919865,
              48.527985
            ],
            [
              23.919417,
              48.527664
            ],
            [
              23.918908,
              48.527365
            ],
            [
              23.918226,
              48.526982
            ],
            [
              23.917875,
              48.526781
            ],
            [
              23.917737,
              48.526593
            ],
            [
              23.917548,
              48.526278
            ],
            [
              23.91752,
              48.525935
            ],
            [
              23.917552,
              48.525707
            ],
            [
              23.917621,
              48.525435
            ],
            [
              23.917783,
              48.525247
            ],
            [
              23.917977,
              48.525139
            ],
            [
              23.918091,
              48.525112
            ],
            [
              23.918519,
              48.52508
            ],
            [
              23.918953,
              48.525025
            ],
            [
              23.919072,
              48.524989
            ],
            [
              23.920448,
              48.523908
            ],
            [
              23.920778,
              48.523654
            ],
            [
              23.921238,
              48.523221
            ],
            [
              23.92142,
              48.523008
            ],
            [
              23.92155,
              48.522792
            ],
            [
              23.921591,
              48.522622
            ],
            [
              23.921538,
              48.522449
            ],
            [
              23.92136,
              48.522132
            ],
            [
              23.921225,
              48.522018
            ],
            [
              23.921038,
              48.521818
            ],
            [
              23.920664,
              48.521619
            ],
            [
              23.920292,
              48.521414
            ],
            [
              23.919685,
              48.521035
            ],
            [
              23.919582,
              48.520937
            ],
            [
              23.919553,
              48.520645
            ],
            [
              23.920107,
              48.519959
            ],
            [
              23.920298,
              48.519718
            ],
            [
              23.92042,
              48.519449
            ],
            [
              23.920536,
              48.519205
            ],
            [
              23.920658,
              48.518812
            ],
            [
              23.920884,
              48.518383
            ],
            [
              23.920998,
              48.518259
            ],
            [
              23.921518,
              48.51785
            ],
            [
              23.922222,
              48.517599
            ],
            [
              23.923174,
              48.516551
            ],
            [
              23.924036,
              48.515786
            ],
            [
              23.924084,
              48.515724
            ],
            [
              23.924148,
              48.515539
            ],
            [
              23.924113,
              48.515345
            ],
            [
              23.9241,
              48.514982
            ],
            [
              23.924101,
              48.514741
            ],
            [
              23.924171,
              48.514398
            ],
            [
              23.924177,
              48.514309
            ],
            [
              23.924391,
              48.514042
            ],
            [
              23.92448,
              48.513844
            ],
            [
              23.924631,
              48.513433
            ],
            [
              23.924767,
              48.513006
            ],
            [
              23.924713,
              48.512761
            ],
            [
              23.924411,
              48.512381
            ],
            [
              23.924131,
              48.512267
            ],
            [
              23.923809,
              48.51214
            ],
            [
              23.922572,
              48.511524
            ],
            [
              23.921977,
              48.511197
            ],
            [
              23.921195,
              48.510613
            ],
            [
              23.920677,
              48.51021
            ],
            [
              23.920291,
              48.509976
            ],
            [
              23.919599,
              48.509822
            ],
            [
              23.919069,
              48.509621
            ],
            [
              23.918345,
              48.509125
            ],
            [
              23.918147,
              48.508963
            ],
            [
              23.917934,
              48.508769
            ],
            [
              23.917568,
              48.508312
            ],
            [
              23.917254,
              48.507949
            ],
            [
              23.917038,
              48.507697
            ],
            [
              23.916773,
              48.507364
            ],
            [
              23.916681,
              48.507152
            ],
            [
              23.916582,
              48.506914
            ],
            [
              23.916499,
              48.506712
            ],
            [
              23.916436,
              48.506521
            ],
            [
              23.916395,
              48.506323
            ],
            [
              23.916374,
              48.505894
            ],
            [
              23.916354,
              48.505763
            ],
            [
              23.916416,
              48.50544
            ],
            [
              23.916517,
              48.505227
            ],
            [
              23.917029,
              48.504746
            ],
            [
              23.917589,
              48.504287
            ],
            [
              23.917988,
              48.503939
            ],
            [
              23.918069,
              48.503709
            ],
            [
              23.918105,
              48.503563
            ],
            [
              23.918016,
              48.50286
            ],
            [
              23.917861,
              48.501456
            ],
            [
              23.917821,
              48.500114
            ],
            [
              23.917712,
              48.499804
            ],
            [
              23.917655,
              48.499286
            ],
            [
              23.918068,
              48.497904
            ],
            [
              23.91829,
              48.497118
            ],
            [
              23.918171,
              48.495989
            ],
            [
              23.918199,
              48.49545
            ],
            [
              23.918532,
              48.494934
            ],
            [
              23.919051,
              48.494456
            ],
            [
              23.919226,
              48.494114
            ],
            [
              23.919278,
              48.49354
            ],
            [
              23.919101,
              48.49326
            ],
            [
              23.918241,
              48.492401
            ],
            [
              23.917135,
              48.491553
            ],
            [
              23.915751,
              48.490669
            ],
            [
              23.913808,
              48.489262
            ],
            [
              23.91319,
              48.488819
            ],
            [
              23.913728,
              48.488378
            ],
            [
              23.914211,
              48.488035
            ],
            [
              23.914961,
              48.487305
            ],
            [
              23.913489,
              48.486844
            ],
            [
              23.912169,
              48.48643
            ],
            [
              23.911198,
              48.486089
            ],
            [
              23.910246,
              48.485711
            ],
            [
              23.909553,
              48.485293
            ],
            [
              23.908923,
              48.484939
            ],
            [
              23.907806,
              48.484015
            ],
            [
              23.907662,
              48.483607
            ],
            [
              23.907549,
              48.483163
            ],
            [
              23.907433,
              48.482326
            ],
            [
              23.9075,
              48.4819
            ],
            [
              23.907935,
              48.48093
            ],
            [
              23.908263,
              48.480214
            ],
            [
              23.908595,
              48.479625
            ],
            [
              23.909256,
              48.478547
            ],
            [
              23.909638,
              48.477948
            ],
            [
              23.910068,
              48.477012
            ],
            [
              23.910409,
              48.476062
            ],
            [
              23.910983,
              48.474818
            ],
            [
              23.911402,
              48.474047
            ],
            [
              23.912286,
              48.472769
            ],
            [
              23.913825,
              48.471404
            ],
            [
              23.914186,
              48.471104
            ],
            [
              23.915166,
              48.470467
            ],
            [
              23.916725,
              48.469924
            ],
            [
              23.918178,
              48.469507
            ],
            [
              23.918615,
              48.469378
            ],
            [
              23.919412,
              48.469038
            ],
            [
              23.919903,
              48.4687
            ],
            [
              23.920521,
              48.46808
            ],
            [
              23.92158,
              48.467166
            ],
            [
              23.922315,
              48.466618
            ],
            [
              23.924193,
              48.465702
            ],
            [
              23.925043,
              48.465299
            ],
            [
              23.925753,
              48.465094
            ],
            [
              23.927359,
              48.464901
            ],
            [
              23.92833,
              48.464853
            ],
            [
              23.929352,
              48.464763
            ],
            [
              23.931161,
              48.464598
            ],
            [
              23.93202,
              48.464528
            ],
            [
              23.93319,
              48.464281
            ],
            [
              23.933661,
              48.464139
            ],
            [
              23.935608,
              48.463806
            ],
            [
              23.936705,
              48.463754
            ],
            [
              23.937106,
              48.463689
            ],
            [
              23.9375,
              48.463626
            ],
            [
              23.938002,
              48.463438
            ],
            [
              23.938914,
              48.463006
            ],
            [
              23.939796,
              48.462563
            ],
            [
              23.940293,
              48.462321
            ],
            [
              23.940459,
              48.462294
            ],
            [
              23.941321,
              48.462428
            ],
            [
              23.943363,
              48.46248
            ],
            [
              23.943764,
              48.462518
            ],
            [
              23.944921,
              48.462731
            ],
            [
              23.945306,
              48.462711
            ],
            [
              23.946183,
              48.462358
            ],
            [
              23.946872,
              48.462083
            ],
            [
              23.9476,
              48.461865
            ],
            [
              23.947737,
              48.461806
            ],
            [
              23.9479,
              48.461691
            ],
            [
              23.94816,
              48.461382
            ],
            [
              23.948445,
              48.461071
            ],
            [
              23.94905,
              48.460744
            ],
            [
              23.950348,
              48.460175
            ],
            [
              23.951294,
              48.459885
            ],
            [
              23.952375,
              48.45964
            ],
            [
              23.953388,
              48.459454
            ],
            [
              23.954159,
              48.459349
            ],
            [
              23.954928,
              48.459234
            ],
            [
              23.955656,
              48.459129
            ],
            [
              23.956014,
              48.459097
            ],
            [
              23.956387,
              48.4591
            ],
            [
              23.956823,
              48.459217
            ],
            [
              23.957286,
              48.459317
            ],
            [
              23.957654,
              48.459306
            ],
            [
              23.958006,
              48.459251
            ],
            [
              23.958387,
              48.459145
            ],
            [
              23.959102,
              48.458864
            ],
            [
              23.959732,
              48.458608
            ],
            [
              23.960246,
              48.458505
            ],
            [
              23.960682,
              48.45841
            ],
            [
              23.961452,
              48.458258
            ],
            [
              23.961961,
              48.458182
            ],
            [
              23.962237,
              48.458141
            ],
            [
              23.962667,
              48.458027
            ],
            [
              23.962988,
              48.457903
            ],
            [
              23.963148,
              48.457883
            ],
            [
              23.963803,
              48.457965
            ],
            [
              23.964526,
              48.458137
            ],
            [
              23.965272,
              48.45831
            ],
            [
              23.965905,
              48.45851
            ],
            [
              23.966469,
              48.458773
            ],
            [
              23.966944,
              48.458982
            ],
            [
              23.968052,
              48.459555
            ],
            [
              23.968822,
              48.460014
            ],
            [
              23.969501,
              48.460451
            ],
            [
              23.970017,
              48.460743
            ],
            [
              23.970808,
              48.461285
            ],
            [
              23.97119,
              48.461543
            ],
            [
              23.972513,
              48.462192
            ],
            [
              23.974656,
              48.462945
            ],
            [
              23.97495,
              48.463077
            ],
            [
              23.975525,
              48.463178
            ],
            [
              23.975996,
              48.46322
            ],
            [
              23.976705,
              48.463309
            ],
            [
              23.977171,
              48.463433
            ],
            [
              23.9773,
              48.463464
            ],
            [
              23.977704,
              48.463623
            ],
            [
              23.978015,
              48.463775
            ],
            [
              23.978311,
              48.463937
            ],
            [
              23.978634,
              48.4641
            ],
            [
              23.978842,
              48.464218
            ],
            [
              23.978926,
              48.46426
            ],
            [
              23.979056,
              48.464326
            ],
            [
              23.979255,
              48.464451
            ],
            [
              23.97953,
              48.464662
            ],
            [
              23.979698,
              48.464816
            ],
            [
              23.979866,
              48.464942
            ],
            [
              23.980077,
              48.465131
            ],
            [
              23.980204,
              48.465282
            ],
            [
              23.980326,
              48.465408
            ],
            [
              23.980437,
              48.465528
            ],
            [
              23.980501,
              48.465595
            ],
            [
              23.980623,
              48.465844
            ],
            [
              23.980623,
              48.465937
            ],
            [
              23.980639,
              48.466023
            ],
            [
              23.980596,
              48.466542
            ],
            [
              23.98057,
              48.466771
            ],
            [
              23.980533,
              48.467064
            ],
            [
              23.980491,
              48.46726
            ],
            [
              23.980311,
              48.467941
            ],
            [
              23.980262,
              48.468155
            ],
            [
              23.98023,
              48.468341
            ],
            [
              23.980294,
              48.468735
            ],
            [
              23.980356,
              48.468864
            ],
            [
              23.980278,
              48.468937
            ],
            [
              23.980277,
              48.469007
            ],
            [
              23.980262,
              48.469076
            ],
            [
              23.980088,
              48.469275
            ],
            [
              23.979826,
              48.469471
            ],
            [
              23.979363,
              48.469712
            ],
            [
              23.978563,
              48.469948
            ],
            [
              23.978171,
              48.47014
            ],
            [
              23.977762,
              48.470632
            ],
            [
              23.977602,
              48.470791
            ],
            [
              23.977362,
              48.47102
            ],
            [
              23.976955,
              48.471232
            ],
            [
              23.976532,
              48.471472
            ],
            [
              23.976275,
              48.471604
            ],
            [
              23.97618,
              48.471744
            ],
            [
              23.976,
              48.472006
            ],
            [
              23.975892,
              48.472438
            ],
            [
              23.975761,
              48.47285
            ],
            [
              23.975613,
              48.473381
            ],
            [
              23.975501,
              48.473743
            ],
            [
              23.975349,
              48.473971
            ],
            [
              23.975202,
              48.474113
            ],
            [
              23.974683,
              48.474377
            ],
            [
              23.97432,
              48.474596
            ],
            [
              23.974125,
              48.474735
            ],
            [
              23.97404,
              48.474826
            ],
            [
              23.973981,
              48.474928
            ],
            [
              23.973934,
              48.475201
            ],
            [
              23.973888,
              48.475485
            ],
            [
              23.973849,
              48.475601
            ],
            [
              23.973727,
              48.475829
            ],
            [
              23.973664,
              48.475949
            ],
            [
              23.973449,
              48.476214
            ],
            [
              23.973321,
              48.476469
            ],
            [
              23.97321,
              48.476693
            ],
            [
              23.973228,
              48.476932
            ],
            [
              23.973325,
              48.477074
            ],
            [
              23.97345,
              48.477186
            ],
            [
              23.97363,
              48.477381
            ],
            [
              23.973864,
              48.477646
            ],
            [
              23.973942,
              48.477677
            ],
            [
              23.974249,
              48.477919
            ],
            [
              23.974642,
              48.478204
            ],
            [
              23.975146,
              48.478437
            ],
            [
              23.975908,
              48.478766
            ],
            [
              23.976433,
              48.47898
            ],
            [
              23.977168,
              48.479238
            ],
            [
              23.977572,
              48.479373
            ],
            [
              23.978222,
              48.479484
            ],
            [
              23.97906,
              48.479601
            ],
            [
              23.979685,
              48.479677
            ],
            [
              23.980327,
              48.479806
            ],
            [
              23.980704,
              48.479896
            ],
            [
              23.980934,
              48.479962
            ],
            [
              23.981157,
              48.4801
            ],
            [
              23.981398,
              48.480254
            ],
            [
              23.981872,
              48.480983
            ],
            [
              23.982186,
              48.48162
            ],
            [
              23.982293,
              48.481982
            ],
            [
              23.982316,
              48.482367
            ],
            [
              23.982361,
              48.482659
            ],
            [
              23.982414,
              48.482878
            ],
            [
              23.98256,
              48.483331
            ],
            [
              23.982752,
              48.483718
            ],
            [
              23.982973,
              48.484152
            ],
            [
              23.983321,
              48.484587
            ],
            [
              23.984673,
              48.485998
            ],
            [
              23.985194,
              48.486546
            ],
            [
              23.985523,
              48.48686
            ],
            [
              23.985968,
              48.487374
            ],
            [
              23.986116,
              48.487515
            ],
            [
              23.986327,
              48.487939
            ],
            [
              23.986597,
              48.488235
            ],
            [
              23.986923,
              48.488513
            ],
            [
              23.987201,
              48.488725
            ],
            [
              23.987542,
              48.488945
            ],
            [
              23.987828,
              48.489188
            ],
            [
              23.988056,
              48.489398
            ],
            [
              23.988228,
              48.489601
            ],
            [
              23.988388,
              48.489758
            ],
            [
              23.98848,
              48.489965
            ],
            [
              23.988497,
              48.490384
            ],
            [
              23.988497,
              48.491167
            ],
            [
              23.988547,
              48.491265
            ],
            [
              23.988757,
              48.491496
            ],
            [
              23.989623,
              48.49238
            ],
            [
              23.989852,
              48.49264
            ],
            [
              23.989857,
              48.49294
            ],
            [
              23.989777,
              48.493711
            ],
            [
              23.98972,
              48.494085
            ],
            [
              23.989704,
              48.494397
            ],
            [
              23.989695,
              48.494653
            ],
            [
              23.98977,
              48.494918
            ],
            [
              23.989987,
              48.495342
            ],
            [
              23.990181,
              48.495784
            ],
            [
              23.990247,
              48.495998
            ],
            [
              23.99049,
              48.49632
            ],
            [
              23.990785,
              48.496696
            ],
            [
              23.991082,
              48.496897
            ],
            [
              23.991842,
              48.49724
            ],
            [
              23.991943,
              48.497297
            ],
            [
              23.99225,
              48.497588
            ],
            [
              23.992555,
              48.498001
            ],
            [
              23.992661,
              48.498138
            ],
            [
              23.993107,
              48.498474
            ],
            [
              23.993509,
              48.498806
            ],
            [
              23.993677,
              48.499075
            ],
            [
              23.993781,
              48.499387
            ],
            [
              23.993719,
              48.500066
            ],
            [
              23.993665,
              48.500549
            ],
            [
              23.993693,
              48.500873
            ],
            [
              23.993774,
              48.501187
            ],
            [
              23.993866,
              48.501528
            ],
            [
              23.994209,
              48.501905
            ],
            [
              23.994437,
              48.502064
            ],
            [
              23.994797,
              48.502252
            ],
            [
              23.995302,
              48.502426
            ],
            [
              23.995665,
              48.502586
            ],
            [
              23.996119,
              48.502836
            ],
            [
              23.996666,
              48.503103
            ],
            [
              23.997301,
              48.503428
            ],
            [
              23.998276,
              48.503869
            ],
            [
              23.999054,
              48.504231
            ],
            [
              23.999436,
              48.504422
            ],
            [
              23.999729,
              48.50464
            ],
            [
              24.000108,
              48.504942
            ],
            [
              24.000237,
              48.505099
            ],
            [
              24.000846,
              48.505451
            ],
            [
              24.001713,
              48.505938
            ],
            [
              24.002298,
              48.506232
            ],
            [
              24.002821,
              48.5065
            ],
            [
              24.003563,
              48.506018
            ],
            [
              24.00458,
              48.505371
            ],
            [
              24.005655,
              48.504514
            ],
            [
              24.006308,
              48.50399
            ],
            [
              24.006735,
              48.503576
            ],
            [
              24.007135,
              48.503382
            ],
            [
              24.007403,
              48.503329
            ],
            [
              24.007768,
              48.50331
            ],
            [
              24.008075,
              48.503321
            ],
            [
              24.008564,
              48.503434
            ],
            [
              24.009122,
              48.503566
            ],
            [
              24.010285,
              48.503824
            ],
            [
              24.010994,
              48.504074
            ],
            [
              24.011979,
              48.504218
            ],
            [
              24.013532,
              48.504408
            ],
            [
              24.014044,
              48.504534
            ],
            [
              24.014518,
              48.504725
            ],
            [
              24.015078,
              48.504968
            ],
            [
              24.015487,
              48.505044
            ],
            [
              24.015841,
              48.505032
            ],
            [
              24.016549,
              48.504878
            ],
            [
              24.016845,
              48.504813
            ],
            [
              24.018199,
              48.504749
            ],
            [
              24.019196,
              48.504893
            ],
            [
              24.019987,
              48.504866
            ],
            [
              24.021871,
              48.504802
            ],
            [
              24.023174,
              48.504764
            ],
            [
              24.023683,
              48.504742
            ],
            [
              24.023701,
              48.504715
            ],
            [
              24.023816,
              48.504323
            ],
            [
              24.024024,
              48.503784
            ],
            [
              24.024163,
              48.503595
            ],
            [
              24.024697,
              48.503252
            ],
            [
              24.02544,
              48.502767
            ],
            [
              24.02581,
              48.502595
            ],
            [
              24.026217,
              48.502473
            ],
            [
              24.027055,
              48.502104
            ],
            [
              24.027924,
              48.501836
            ],
            [
              24.028437,
              48.501691
            ],
            [
              24.028917,
              48.501484
            ],
            [
              24.02929,
              48.501259
            ],
            [
              24.029955,
              48.500996
            ],
            [
              24.030606,
              48.500851
            ],
            [
              24.030978,
              48.500791
            ],
            [
              24.03136,
              48.500757
            ],
            [
              24.031732,
              48.500753
            ],
            [
              24.032012,
              48.500795
            ],
            [
              24.032471,
              48.500909
            ],
            [
              24.032948,
              48.501065
            ],
            [
              24.033264,
              48.501148
            ],
            [
              24.033643,
              48.501228
            ],
            [
              24.034056,
              48.501263
            ],
            [
              24.034378,
              48.501301
            ],
            [
              24.034926,
              48.501461
            ],
            [
              24.035107,
              48.501588
            ],
            [
              24.035247,
              48.501695
            ],
            [
              24.035371,
              48.502025
            ],
            [
              24.035459,
              48.502311
            ],
            [
              24.035525,
              48.502481
            ],
            [
              24.035665,
              48.502686
            ],
            [
              24.035795,
              48.5028
            ],
            [
              24.036124,
              48.503024
            ],
            [
              24.036545,
              48.503264
            ],
            [
              24.036899,
              48.503409
            ],
            [
              24.03738,
              48.503554
            ],
            [
              24.038027,
              48.503661
            ],
            [
              24.038607,
              48.503791
            ],
            [
              24.038986,
              48.503898
            ],
            [
              24.039321,
              48.504121
            ],
            [
              24.039537,
              48.504715
            ],
            [
              24.039826,
              48.505536
            ],
            [
              24.040079,
              48.506045
            ],
            [
              24.040751,
              48.506733
            ],
            [
              24.041042,
              48.507036
            ],
            [
              24.041554,
              48.507546
            ],
            [
              24.041833,
              48.507853
            ],
            [
              24.042018,
              48.508186
            ],
            [
              24.042102,
              48.508459
            ],
            [
              24.04217,
              48.509095
            ],
            [
              24.042193,
              48.509163
            ],
            [
              24.042467,
              48.509378
            ],
            [
              24.043298,
              48.509612
            ],
            [
              24.043494,
              48.509662
            ],
            [
              24.043856,
              48.509816
            ],
            [
              24.044161,
              48.509947
            ],
            [
              24.044299,
              48.510024
            ],
            [
              24.04453,
              48.51019
            ],
            [
              24.044709,
              48.51034
            ],
            [
              24.044936,
              48.510626
            ],
            [
              24.045167,
              48.510938
            ],
            [
              24.045432,
              48.511284
            ],
            [
              24.045642,
              48.511564
            ],
            [
              24.045852,
              48.511783
            ],
            [
              24.046103,
              48.511954
            ],
            [
              24.046297,
              48.512091
            ],
            [
              24.046835,
              48.512228
            ],
            [
              24.047201,
              48.512323
            ],
            [
              24.047969,
              48.51243
            ],
            [
              24.048554,
              48.512445
            ],
            [
              24.04923,
              48.512445
            ],
            [
              24.04982,
              48.512453
            ],
            [
              24.050398,
              48.512472
            ],
            [
              24.050729,
              48.512513
            ],
            [
              24.051248,
              48.512623
            ],
            [
              24.051801,
              48.512744
            ],
            [
              24.052372,
              48.512889
            ],
            [
              24.052515,
              48.512923
            ],
            [
              24.052985,
              48.513121
            ],
            [
              24.053863,
              48.513529
            ],
            [
              24.054221,
              48.513755
            ],
            [
              24.054573,
              48.513912
            ],
            [
              24.054774,
              48.513955
            ],
            [
              24.055073,
              48.513974
            ],
            [
              24.055767,
              48.513832
            ],
            [
              24.056219,
              48.513744
            ],
            [
              24.056603,
              48.513701
            ],
            [
              24.057143,
              48.513728
            ],
            [
              24.057352,
              48.513828
            ],
            [
              24.057512,
              48.51402
            ],
            [
              24.057739,
              48.514139
            ],
            [
              24.057978,
              48.514239
            ],
            [
              24.058245,
              48.514328
            ],
            [
              24.058841,
              48.514436
            ],
            [
              24.05955,
              48.514497
            ],
            [
              24.059773,
              48.514512
            ],
            [
              24.060064,
              48.514577
            ],
            [
              24.061005,
              48.514913
            ],
            [
              24.061557,
              48.515119
            ],
            [
              24.061903,
              48.515276
            ],
            [
              24.062192,
              48.515491
            ],
            [
              24.062391,
              48.515733
            ],
            [
              24.062578,
              48.515941
            ],
            [
              24.062944,
              48.516198
            ],
            [
              24.063707,
              48.516521
            ],
            [
              24.064576,
              48.516909
            ],
            [
              24.065449,
              48.517199
            ],
            [
              24.065997,
              48.51744
            ],
            [
              24.066341,
              48.517551
            ],
            [
              24.066955,
              48.517621
            ],
            [
              24.067088,
              48.517605
            ],
            [
              24.067691,
              48.517413
            ],
            [
              24.07023,
              48.516524
            ],
            [
              24.07081,
              48.516373
            ],
            [
              24.07094,
              48.51627
            ],
            [
              24.071251,
              48.515745
            ],
            [
              24.071537,
              48.515527
            ],
            [
              24.072261,
              48.515106
            ],
            [
              24.072987,
              48.514635
            ],
            [
              24.073766,
              48.514131
            ],
            [
              24.074462,
              48.513683
            ],
            [
              24.07533,
              48.513178
            ],
            [
              24.075686,
              48.512927
            ],
            [
              24.075843,
              48.512795
            ],
            [
              24.076103,
              48.512657
            ],
            [
              24.07651,
              48.512571
            ],
            [
              24.076668,
              48.512541
            ],
            [
              24.076873,
              48.512556
            ],
            [
              24.077066,
              48.512605
            ],
            [
              24.077457,
              48.512888
            ],
            [
              24.077561,
              48.51297
            ],
            [
              24.07776,
              48.51323
            ],
            [
              24.077978,
              48.513577
            ],
            [
              24.078188,
              48.514046
            ],
            [
              24.07839,
              48.514403
            ],
            [
              24.078451,
              48.514563
            ],
            [
              24.078653,
              48.514831
            ],
            [
              24.078813,
              48.515053
            ],
            [
              24.078974,
              48.515264
            ],
            [
              24.078988,
              48.515375
            ],
            [
              24.079016,
              48.515556
            ],
            [
              24.078986,
              48.515707
            ],
            [
              24.078953,
              48.515792
            ],
            [
              24.078936,
              48.515902
            ],
            [
              24.078966,
              48.516102
            ],
            [
              24.078987,
              48.516173
            ],
            [
              24.079138,
              48.516347
            ],
            [
              24.079341,
              48.516445
            ],
            [
              24.079703,
              48.516619
            ],
            [
              24.080225,
              48.516816
            ],
            [
              24.080646,
              48.516953
            ],
            [
              24.081325,
              48.51715
            ],
            [
              24.082188,
              48.517402
            ],
            [
              24.083018,
              48.517654
            ],
            [
              24.084346,
              48.518041
            ],
            [
              24.084692,
              48.518133
            ],
            [
              24.085032,
              48.518275
            ],
            [
              24.085365,
              48.518439
            ],
            [
              24.085991,
              48.518776
            ],
            [
              24.086391,
              48.519001
            ],
            [
              24.086918,
              48.519246
            ],
            [
              24.087418,
              48.519462
            ],
            [
              24.087771,
              48.519605
            ],
            [
              24.088033,
              48.519753
            ],
            [
              24.088107,
              48.519837
            ],
            [
              24.088233,
              48.520102
            ],
            [
              24.088284,
              48.520285
            ],
            [
              24.088301,
              48.520484
            ],
            [
              24.088306,
              48.520675
            ],
            [
              24.088126,
              48.521524
            ],
            [
              24.088096,
              48.521724
            ],
            [
              24.08812,
              48.523803
            ],
            [
              24.088161,
              48.524575
            ],
            [
              24.088226,
              48.525109
            ],
            [
              24.088375,
              48.526408
            ],
            [
              24.088469,
              48.526789
            ],
            [
              24.088553,
              48.527087
            ],
            [
              24.088564,
              48.527148
            ],
            [
              24.089186,
              48.527167
            ],
            [
              24.089905,
              48.526981
            ],
            [
              24.090538,
              48.526811
            ],
            [
              24.091391,
              48.526679
            ],
            [
              24.091744,
              48.526619
            ],
            [
              24.092976,
              48.526048
            ],
            [
              24.09337,
              48.525872
            ],
            [
              24.094136,
              48.525615
            ],
            [
              24.095376,
              48.525202
            ],
            [
              24.095885,
              48.52499
            ],
            [
              24.096458,
              48.524676
            ],
            [
              24.09688,
              48.524555
            ],
            [
              24.09729,
              48.524532
            ],
            [
              24.098412,
              48.524589
            ],
            [
              24.09912,
              48.524694
            ],
            [
              24.09996,
              48.524815
            ],
            [
              24.101007,
              48.524967
            ],
            [
              24.10165,
              48.525134
            ],
            [
              24.102048,
              48.525282
            ],
            [
              24.102274,
              48.525407
            ],
            [
              24.102519,
              48.525598
            ],
            [
              24.102773,
              48.525983
            ],
            [
              24.102859,
              48.52615
            ],
            [
              24.102914,
              48.526278
            ],
            [
              24.102958,
              48.526414
            ],
            [
              24.103093,
              48.526777
            ],
            [
              24.103225,
              48.52713
            ],
            [
              24.103288,
              48.527229
            ],
            [
              24.103588,
              48.527457
            ],
            [
              24.104238,
              48.527785
            ],
            [
              24.10464,
              48.527993
            ],
            [
              24.104962,
              48.528154
            ],
            [
              24.105239,
              48.528316
            ],
            [
              24.105579,
              48.528517
            ],
            [
              24.106103,
              48.5288
            ],
            [
              24.106454,
              48.528995
            ],
            [
              24.106725,
              48.529187
            ],
            [
              24.106872,
              48.529323
            ],
            [
              24.106928,
              48.529474
            ],
            [
              24.106926,
              48.529724
            ],
            [
              24.10689,
              48.530013
            ],
            [
              24.106859,
              48.530271
            ],
            [
              24.106875,
              48.530439
            ],
            [
              24.107017,
              48.530604
            ],
            [
              24.107239,
              48.530822
            ],
            [
              24.10752,
              48.531037
            ],
            [
              24.107835,
              48.531256
            ],
            [
              24.108146,
              48.531472
            ],
            [
              24.108422,
              48.531684
            ],
            [
              24.108938,
              48.532101
            ],
            [
              24.109175,
              48.532274
            ],
            [
              24.109429,
              48.532477
            ],
            [
              24.109553,
              48.532602
            ],
            [
              24.109811,
              48.532996
            ],
            [
              24.109862,
              48.533136
            ],
            [
              24.109997,
              48.533334
            ],
            [
              24.110203,
              48.533437
            ],
            [
              24.110408,
              48.533547
            ],
            [
              24.110935,
              48.533746
            ],
            [
              24.111348,
              48.533895
            ],
            [
              24.111887,
              48.534105
            ],
            [
              24.112233,
              48.53422
            ],
            [
              24.1129,
              48.534393
            ],
            [
              24.113477,
              48.534547
            ],
            [
              24.114088,
              48.534617
            ],
            [
              24.114371,
              48.534659
            ],
            [
              24.114865,
              48.53457
            ],
            [
              24.115476,
              48.534316
            ],
            [
              24.115897,
              48.534124
            ],
            [
              24.116306,
              48.533944
            ],
            [
              24.116517,
              48.533872
            ],
            [
              24.11678,
              48.533856
            ],
            [
              24.117068,
              48.533895
            ],
            [
              24.117482,
              48.533985
            ],
            [
              24.117962,
              48.534122
            ],
            [
              24.118362,
              48.534164
            ],
            [
              24.118832,
              48.534126
            ],
            [
              24.119485,
              48.534081
            ],
            [
              24.120138,
              48.534062
            ],
            [
              24.121637,
              48.534008
            ],
            [
              24.122387,
              48.533989
            ],
            [
              24.122656,
              48.533985
            ],
            [
              24.123295,
              48.533875
            ],
            [
              24.12354,
              48.533833
            ],
            [
              24.124214,
              48.533522
            ],
            [
              24.124864,
              48.53325
            ],
            [
              24.125315,
              48.533053
            ],
            [
              24.125886,
              48.53267
            ],
            [
              24.12768,
              48.531491
            ],
            [
              24.129036,
              48.530565
            ],
            [
              24.129927,
              48.529953
            ],
            [
              24.130374,
              48.529659
            ],
            [
              24.131038,
              48.529292
            ],
            [
              24.131506,
              48.529019
            ],
            [
              24.131821,
              48.528637
            ],
            [
              24.132066,
              48.528256
            ],
            [
              24.132235,
              48.527889
            ],
            [
              24.132473,
              48.527522
            ],
            [
              24.132805,
              48.527033
            ],
            [
              24.13304,
              48.526584
            ],
            [
              24.133212,
              48.526193
            ],
            [
              24.133255,
              48.525962
            ],
            [
              24.133033,
              48.525639
            ],
            [
              24.13302,
              48.525425
            ],
            [
              24.13301,
              48.524897
            ],
            [
              24.132933,
              48.524469
            ],
            [
              24.132782,
              48.524013
            ],
            [
              24.132581,
              48.523612
            ],
            [
              24.132449,
              48.523361
            ],
            [
              24.132226,
              48.522955
            ],
            [
              24.132045,
              48.522665
            ],
            [
              24.131756,
              48.52231
            ],
            [
              24.131362,
              48.521754
            ],
            [
              24.13103,
              48.521265
            ],
            [
              24.130896,
              48.521067
            ],
            [
              24.130604,
              48.520358
            ],
            [
              24.130391,
              48.52
            ],
            [
              24.130145,
              48.519722
            ],
            [
              24.129831,
              48.51946
            ],
            [
              24.129512,
              48.519101
            ],
            [
              24.129153,
              48.518185
            ],
            [
              24.128836,
              48.517674
            ],
            [
              24.128394,
              48.517211
            ],
            [
              24.127727,
              48.516524
            ],
            [
              24.127217,
              48.516003
            ],
            [
              24.125917,
              48.514975
            ],
            [
              24.125676,
              48.514789
            ],
            [
              24.124933,
              48.514272
            ],
            [
              24.124228,
              48.513845
            ],
            [
              24.123646,
              48.513561
            ],
            [
              24.123222,
              48.513298
            ],
            [
              24.122987,
              48.513004
            ],
            [
              24.122919,
              48.512852
            ],
            [
              24.12289,
              48.512587
            ],
            [
              24.122817,
              48.512141
            ],
            [
              24.122772,
              48.511893
            ],
            [
              24.122722,
              48.51145
            ],
            [
              24.122644,
              48.511076
            ],
            [
              24.122515,
              48.510518
            ],
            [
              24.122409,
              48.510163
            ],
            [
              24.122279,
              48.509601
            ],
            [
              24.12224,
              48.509127
            ],
            [
              24.122224,
              48.50863
            ],
            [
              24.122198,
              48.50789
            ],
            [
              24.121996,
              48.50726
            ],
            [
              24.121603,
              48.506589
            ],
            [
              24.121391,
              48.50623
            ],
            [
              24.121257,
              48.505931
            ],
            [
              24.120832,
              48.505289
            ],
            [
              24.120574,
              48.504897
            ],
            [
              24.12021,
              48.504519
            ],
            [
              24.119733,
              48.504089
            ],
            [
              24.119122,
              48.503661
            ],
            [
              24.118268,
              48.502881
            ],
            [
              24.11789,
              48.502216
            ],
            [
              24.117626,
              48.501857
            ],
            [
              24.117198,
              48.501394
            ],
            [
              24.11647,
              48.500887
            ],
            [
              24.116096,
              48.500658
            ],
            [
              24.115581,
              48.500406
            ],
            [
              24.115203,
              48.500144
            ],
            [
              24.115052,
              48.500025
            ],
            [
              24.114931,
              48.499955
            ],
            [
              24.114861,
              48.499825
            ],
            [
              24.114676,
              48.499705
            ],
            [
              24.114514,
              48.499418
            ],
            [
              24.114369,
              48.499115
            ],
            [
              24.114271,
              48.498806
            ],
            [
              24.114173,
              48.498468
            ],
            [
              24.114115,
              48.497968
            ],
            [
              24.114085,
              48.497467
            ],
            [
              24.11413,
              48.497205
            ],
            [
              24.11418,
              48.497077
            ],
            [
              24.114473,
              48.49654
            ],
            [
              24.114726,
              48.496254
            ],
            [
              24.115378,
              48.495872
            ],
            [
              24.116314,
              48.495485
            ],
            [
              24.1177,
              48.494917
            ],
            [
              24.118624,
              48.494545
            ],
            [
              24.119396,
              48.494223
            ],
            [
              24.120359,
              48.493847
            ],
            [
              24.121651,
              48.493363
            ],
            [
              24.122762,
              48.492941
            ],
            [
              24.123469,
              48.492686
            ],
            [
              24.124199,
              48.492371
            ],
            [
              24.124845,
              48.492094
            ],
            [
              24.125341,
              48.491803
            ],
            [
              24.125594,
              48.491628
            ],
            [
              24.126437,
              48.490875
            ],
            [
              24.127058,
              48.490267
            ],
            [
              24.127324,
              48.489839
            ],
            [
              24.127672,
              48.489218
            ],
            [
              24.128358,
              48.48868
            ],
            [
              24.128803,
              48.488365
            ],
            [
              24.129028,
              48.488212
            ],
            [
              24.129695,
              48.487898
            ],
            [
              24.130474,
              48.487512
            ],
            [
              24.131312,
              48.487007
            ],
            [
              24.132327,
              48.486368
            ],
            [
              24.133506,
              48.485768
            ],
            [
              24.134846,
              48.485085
            ],
            [
              24.135302,
              48.484814
            ],
            [
              24.135528,
              48.484664
            ],
            [
              24.135982,
              48.484098
            ],
            [
              24.136827,
              48.483322
            ],
            [
              24.137632,
              48.482711
            ],
            [
              24.138434,
              48.482178
            ],
            [
              24.139414,
              48.481443
            ],
            [
              24.140239,
              48.480866
            ],
            [
              24.138728,
              48.47959
            ],
            [
              24.137153,
              48.478259
            ],
            [
              24.136063,
              48.477379
            ],
            [
              24.134761,
              48.476409
            ],
            [
              24.133628,
              48.475572
            ],
            [
              24.132585,
              48.474731
            ],
            [
              24.131543,
              48.473902
            ],
            [
              24.130786,
              48.473284
            ],
            [
              24.130417,
              48.472988
            ],
            [
              24.130186,
              48.472716
            ],
            [
              24.129962,
              48.472312
            ],
            [
              24.129962,
              48.471858
            ],
            [
              24.129911,
              48.471372
            ],
            [
              24.129705,
              48.471096
            ],
            [
              24.129346,
              48.470911
            ],
            [
              24.128761,
              48.470792
            ],
            [
              24.128131,
              48.470718
            ],
            [
              24.127725,
              48.470703
            ],
            [
              24.127023,
              48.470781
            ],
            [
              24.126621,
              48.470755
            ],
            [
              24.126301,
              48.470542
            ],
            [
              24.126238,
              48.470365
            ],
            [
              24.126198,
              48.469795
            ],
            [
              24.126141,
              48.469338
            ],
            [
              24.125972,
              48.4687
            ],
            [
              24.125876,
              48.468233
            ],
            [
              24.125595,
              48.467082
            ],
            [
              24.125231,
              48.465651
            ],
            [
              24.125005,
              48.464719
            ],
            [
              24.124921,
              48.463966
            ],
            [
              24.124839,
              48.462969
            ],
            [
              24.124789,
              48.462585
            ],
            [
              24.124848,
              48.462146
            ],
            [
              24.12586,
              48.461052
            ],
            [
              24.1265,
              48.460342
            ],
            [
              24.127208,
              48.459859
            ],
            [
              24.128094,
              48.459198
            ],
            [
              24.128974,
              48.458564
            ],
            [
              24.128662,
              48.458227
            ],
            [
              24.127649,
              48.457021
            ],
            [
              24.126856,
              48.456084
            ],
            [
              24.126451,
              48.455594
            ],
            [
              24.125898,
              48.45491
            ],
            [
              24.125462,
              48.454368
            ],
            [
              24.125098,
              48.453859
            ],
            [
              24.125031,
              48.453489
            ],
            [
              24.125021,
              48.453202
            ],
            [
              24.125215,
              48.452954
            ],
            [
              24.125743,
              48.452557
            ],
            [
              24.126873,
              48.452027
            ],
            [
              24.128014,
              48.451497
            ],
            [
              24.128757,
              48.451159
            ],
            [
              24.128936,
              48.451062
            ],
            [
              24.129166,
              48.45087
            ],
            [
              24.129276,
              48.450651
            ],
            [
              24.129282,
              48.45041
            ],
            [
              24.129161,
              48.450207
            ],
            [
              24.128387,
              48.449436
            ],
            [
              24.127472,
              48.448534
            ],
            [
              24.127265,
              48.448253
            ],
            [
              24.127,
              48.447656
            ],
            [
              24.127134,
              48.447298
            ],
            [
              24.128024,
              48.446417
            ],
            [
              24.128327,
              48.446129
            ],
            [
              24.129076,
              48.445082
            ],
            [
              24.129686,
              48.444131
            ],
            [
              24.129952,
              48.44369
            ],
            [
              24.130709,
              48.44196
            ],
            [
              24.131166,
              48.440888
            ],
            [
              24.131327,
              48.440179
            ],
            [
              24.131612,
              48.439588
            ],
            [
              24.131975,
              48.439211
            ],
            [
              24.133178,
              48.438297
            ],
            [
              24.133653,
              48.437941
            ],
            [
              24.133902,
              48.437684
            ],
            [
              24.134385,
              48.437348
            ],
            [
              24.134718,
              48.437187
            ],
            [
              24.135227,
              48.437092
            ],
            [
              24.135479,
              48.43705
            ],
            [
              24.1364,
              48.437043
            ],
            [
              24.136949,
              48.437027
            ],
            [
              24.137531,
              48.436985
            ],
            [
              24.139115,
              48.436666
            ],
            [
              24.140143,
              48.436469
            ],
            [
              24.14096,
              48.43631
            ],
            [
              24.141837,
              48.436066
            ],
            [
              24.142179,
              48.435927
            ],
            [
              24.143005,
              48.435547
            ],
            [
              24.14392,
              48.435149
            ],
            [
              24.144551,
              48.434863
            ],
            [
              24.145215,
              48.43462
            ],
            [
              24.14542,
              48.434525
            ],
            [
              24.14538,
              48.434407
            ],
            [
              24.145152,
              48.434089
            ],
            [
              24.144647,
              48.433445
            ],
            [
              24.144145,
              48.432858
            ],
            [
              24.143646,
              48.432259
            ],
            [
              24.143302,
              48.431656
            ],
            [
              24.143182,
              48.431378
            ],
            [
              24.143068,
              48.431069
            ],
            [
              24.142937,
              48.430747
            ],
            [
              24.142784,
              48.430368
            ],
            [
              24.14279,
              48.430225
            ],
            [
              24.142798,
              48.429362
            ],
            [
              24.142855,
              48.428833
            ],
            [
              24.142935,
              48.428413
            ],
            [
              24.143087,
              48.42789
            ],
            [
              24.143382,
              48.426956
            ],
            [
              24.143759,
              48.425714
            ],
            [
              24.144053,
              48.424874
            ],
            [
              24.144305,
              48.424094
            ],
            [
              24.144753,
              48.422712
            ],
            [
              24.145172,
              48.421438
            ],
            [
              24.145411,
              48.420813
            ],
            [
              24.145527,
              48.420403
            ],
            [
              24.145587,
              48.420028
            ],
            [
              24.145625,
              48.41968
            ],
            [
              24.145539,
              48.4193
            ],
            [
              24.145368,
              48.418998
            ],
            [
              24.145219,
              48.418804
            ],
            [
              24.145037,
              48.418613
            ],
            [
              24.144752,
              48.418397
            ],
            [
              24.144433,
              48.418196
            ],
            [
              24.143979,
              48.41795
            ],
            [
              24.143866,
              48.417874
            ],
            [
              24.143617,
              48.417671
            ],
            [
              24.143572,
              48.417633
            ],
            [
              24.143517,
              48.417452
            ],
            [
              24.143431,
              48.417051
            ],
            [
              24.143513,
              48.416782
            ],
            [
              24.143556,
              48.416529
            ],
            [
              24.143546,
              48.416279
            ],
            [
              24.143507,
              48.415962
            ],
            [
              24.143367,
              48.415494
            ],
            [
              24.142964,
              48.414444
            ],
            [
              24.142647,
              48.413721
            ],
            [
              24.142309,
              48.413007
            ],
            [
              24.142129,
              48.412633
            ],
            [
              24.142021,
              48.412364
            ],
            [
              24.141901,
              48.411997
            ],
            [
              24.141618,
              48.411178
            ],
            [
              24.141246,
              48.410347
            ],
            [
              24.140961,
              48.409657
            ],
            [
              24.140822,
              48.409269
            ],
            [
              24.140729,
              48.408931
            ],
            [
              24.140671,
              48.408663
            ],
            [
              24.140718,
              48.408218
            ],
            [
              24.140839,
              48.408096
            ],
            [
              24.141651,
              48.40773
            ],
            [
              24.142677,
              48.407266
            ],
            [
              24.143903,
              48.406767
            ],
            [
              24.145089,
              48.406297
            ],
            [
              24.14586,
              48.405998
            ],
            [
              24.146174,
              48.405874
            ],
            [
              24.14682,
              48.405483
            ],
            [
              24.147778,
              48.404813
            ],
            [
              24.148941,
              48.403917
            ],
            [
              24.150331,
              48.402812
            ],
            [
              24.15138,
              48.401918
            ],
            [
              24.152042,
              48.401294
            ],
            [
              24.152271,
              48.400876
            ],
            [
              24.152321,
              48.400307
            ],
            [
              24.152189,
              48.399715
            ],
            [
              24.151853,
              48.399006
            ],
            [
              24.151678,
              48.398691
            ],
            [
              24.15135,
              48.39825
            ],
            [
              24.151171,
              48.397996
            ],
            [
              24.150566,
              48.397394
            ],
            [
              24.15017,
              48.396915
            ],
            [
              24.149696,
              48.396297
            ],
            [
              24.149153,
              48.395545
            ],
            [
              24.149091,
              48.395313
            ],
            [
              24.149103,
              48.395127
            ],
            [
              24.149285,
              48.394539
            ],
            [
              24.149378,
              48.394145
            ],
            [
              24.149248,
              48.39355
            ],
            [
              24.149106,
              48.393178
            ],
            [
              24.148943,
              48.392754
            ],
            [
              24.14865,
              48.392347
            ],
            [
              24.148437,
              48.391957
            ],
            [
              24.148281,
              48.391591
            ],
            [
              24.148026,
              48.391043
            ],
            [
              24.147827,
              48.390374
            ],
            [
              24.147867,
              48.389766
            ],
            [
              24.147906,
              48.389345
            ],
            [
              24.148175,
              48.388915
            ],
            [
              24.148597,
              48.388555
            ],
            [
              24.148777,
              48.388402
            ],
            [
              24.149082,
              48.388219
            ],
            [
              24.149507,
              48.387957
            ],
            [
              24.150661,
              48.386918
            ],
            [
              24.151536,
              48.386453
            ],
            [
              24.152699,
              48.386268
            ],
            [
              24.154392,
              48.385998
            ],
            [
              24.154838,
              48.385932
            ],
            [
              24.156593,
              48.385435
            ],
            [
              24.157462,
              48.385194
            ],
            [
              24.158929,
              48.38475
            ],
            [
              24.159879,
              48.384522
            ],
            [
              24.160888,
              48.384275
            ],
            [
              24.161224,
              48.384176
            ],
            [
              24.162261,
              48.383874
            ],
            [
              24.163021,
              48.383647
            ],
            [
              24.164663,
              48.383127
            ],
            [
              24.164911,
              48.383042
            ],
            [
              24.165274,
              48.382806
            ],
            [
              24.165505,
              48.38257
            ],
            [
              24.165569,
              48.382429
            ],
            [
              24.165822,
              48.381721
            ],
            [
              24.165863,
              48.381349
            ],
            [
              24.165892,
              48.380944
            ],
            [
              24.165975,
              48.380006
            ],
            [
              24.166112,
              48.379122
            ],
            [
              24.166191,
              48.378615
            ],
            [
              24.166458,
              48.378004
            ],
            [
              24.166923,
              48.377295
            ],
            [
              24.167173,
              48.377044
            ],
            [
              24.167416,
              48.37689
            ],
            [
              24.167733,
              48.376682
            ],
            [
              24.169597,
              48.376107
            ],
            [
              24.171262,
              48.375578
            ],
            [
              24.172305,
              48.375208
            ],
            [
              24.172665,
              48.375116
            ],
            [
              24.173078,
              48.375078
            ],
            [
              24.1739,
              48.375116
            ],
            [
              24.174946,
              48.375154
            ],
            [
              24.17544,
              48.375154
            ],
            [
              24.176605,
              48.375178
            ],
            [
              24.178294,
              48.375262
            ],
            [
              24.179522,
              48.375331
            ],
            [
              24.179615,
              48.374764
            ],
            [
              24.179489,
              48.373764
            ],
            [
              24.179421,
              48.3733
            ],
            [
              24.179285,
              48.37271
            ],
            [
              24.17913,
              48.372062
            ],
            [
              24.178946,
              48.371112
            ],
            [
              24.178684,
              48.370239
            ],
            [
              24.17847,
              48.369486
            ],
            [
              24.178378,
              48.36925
            ],
            [
              24.178308,
              48.368986
            ],
            [
              24.17829,
              48.368725
            ],
            [
              24.178333,
              48.367953
            ],
            [
              24.178358,
              48.366927
            ],
            [
              24.178374,
              48.366709
            ],
            [
              24.178623,
              48.365907
            ],
            [
              24.178735,
              48.365529
            ],
            [
              24.178899,
              48.365266
            ],
            [
              24.178944,
              48.365179
            ],
            [
              24.179431,
              48.364826
            ],
            [
              24.180149,
              48.364466
            ],
            [
              24.180976,
              48.36428
            ],
            [
              24.182174,
              48.364052
            ],
            [
              24.182907,
              48.363972
            ],
            [
              24.183142,
              48.363949
            ],
            [
              24.184387,
              48.364
            ],
            [
              24.185069,
              48.364235
            ],
            [
              24.185789,
              48.364593
            ],
            [
              24.186314,
              48.364845
            ],
            [
              24.187044,
              48.365198
            ],
            [
              24.187778,
              48.365555
            ],
            [
              24.188307,
              48.36581
            ],
            [
              24.188699,
              48.365995
            ],
            [
              24.188987,
              48.366126
            ],
            [
              24.189496,
              48.366262
            ],
            [
              24.190018,
              48.366343
            ],
            [
              24.19025,
              48.36637
            ],
            [
              24.190742,
              48.366405
            ],
            [
              24.191212,
              48.366432
            ],
            [
              24.191757,
              48.366444
            ],
            [
              24.191908,
              48.366448
            ],
            [
              24.192475,
              48.366347
            ],
            [
              24.192741,
              48.366277
            ],
            [
              24.193104,
              48.366157
            ],
            [
              24.193517,
              48.365975
            ],
            [
              24.194032,
              48.365694
            ],
            [
              24.194598,
              48.365432
            ],
            [
              24.195272,
              48.365164
            ],
            [
              24.195734,
              48.364999
            ],
            [
              24.19612,
              48.364859
            ],
            [
              24.197064,
              48.364521
            ],
            [
              24.197981,
              48.364211
            ],
            [
              24.19867,
              48.364006
            ],
            [
              24.199323,
              48.363852
            ],
            [
              24.19998,
              48.363721
            ],
            [
              24.201086,
              48.363474
            ],
            [
              24.201661,
              48.363359
            ],
            [
              24.201978,
              48.363317
            ],
            [
              24.202611,
              48.363283
            ],
            [
              24.203217,
              48.363336
            ],
            [
              24.203403,
              48.363382
            ],
            [
              24.203902,
              48.363509
            ],
            [
              24.204322,
              48.363678
            ],
            [
              24.204746,
              48.363857
            ],
            [
              24.206232,
              48.364343
            ],
            [
              24.207333,
              48.364667
            ],
            [
              24.208547,
              48.365014
            ],
            [
              24.209945,
              48.365343
            ],
            [
              24.211587,
              48.364125
            ],
            [
              24.213228,
              48.362997
            ],
            [
              24.213745,
              48.362668
            ],
            [
              24.21507,
              48.361736
            ],
            [
              24.21647,
              48.360713
            ],
            [
              24.217812,
              48.359749
            ],
            [
              24.218196,
              48.359497
            ],
            [
              24.218562,
              48.359324
            ],
            [
              24.219617,
              48.358823
            ],
            [
              24.221026,
              48.358153
            ],
            [
              24.222456,
              48.357555
            ],
            [
              24.22477,
              48.356605
            ],
            [
              24.225839,
              48.356163
            ],
            [
              24.226597,
              48.355858
            ],
            [
              24.229053,
              48.356658
            ],
            [
              24.229782,
              48.356841
            ],
            [
              24.230768,
              48.356955
            ],
            [
              24.232112,
              48.357104
            ],
            [
              24.232573,
              48.357158
            ],
            [
              24.233786,
              48.357455
            ],
            [
              24.234672,
              48.357683
            ],
            [
              24.23649,
              48.358132
            ],
            [
              24.237528,
              48.358389
            ],
            [
              24.238263,
              48.358533
            ],
            [
              24.238887,
              48.358599
            ],
            [
              24.23904,
              48.358624
            ],
            [
              24.239789,
              48.358585
            ],
            [
              24.240607,
              48.358546
            ],
            [
              24.241437,
              48.358406
            ],
            [
              24.242375,
              48.358244
            ],
            [
              24.243653,
              48.358023
            ],
            [
              24.244663,
              48.357838
            ],
            [
              24.245723,
              48.357657
            ],
            [
              24.246459,
              48.357538
            ],
            [
              24.247179,
              48.357288
            ],
            [
              24.247568,
              48.357166
            ],
            [
              24.24788,
              48.356919
            ],
            [
              24.248356,
              48.35654
            ],
            [
              24.249075,
              48.355496
            ],
            [
              24.2499,
              48.354266
            ],
            [
              24.250372,
              48.3536
            ],
            [
              24.251086,
              48.35292
            ],
            [
              24.251646,
              48.352474
            ],
            [
              24.252726,
              48.351927
            ],
            [
              24.254579,
              48.351005
            ],
            [
              24.256421,
              48.35007
            ],
            [
              24.257116,
              48.349885
            ],
            [
              24.25766,
              48.349738
            ],
            [
              24.258064,
              48.349708
            ],
            [
              24.258266,
              48.34975
            ],
            [
              24.258745,
              48.349919
            ],
            [
              24.259034,
              48.350027
            ],
            [
              24.259544,
              48.35039
            ],
            [
              24.260015,
              48.350704
            ],
            [
              24.260313,
              48.350918
            ],
            [
              24.260547,
              48.351129
            ],
            [
              24.260677,
              48.35132
            ],
            [
              24.260848,
              48.351554
            ],
            [
              24.260925,
              48.351688
            ],
            [
              24.261086,
              48.351933
            ],
            [
              24.261504,
              48.35257
            ],
            [
              24.262125,
              48.353493
            ],
            [
              24.262246,
              48.353593
            ],
            [
              24.262612,
              48.353775
            ],
            [
              24.263349,
              48.353888
            ],
            [
              24.264092,
              48.354004
            ],
            [
              24.264651,
              48.354105
            ],
            [
              24.265076,
              48.354222
            ],
            [
              24.265386,
              48.35432
            ],
            [
              24.265628,
              48.354534
            ],
            [
              24.265906,
              48.354749
            ],
            [
              24.266014,
              48.35489
            ],
            [
              24.266226,
              48.355146
            ],
            [
              24.266694,
              48.355685
            ],
            [
              24.267259,
              48.356306
            ],
            [
              24.267487,
              48.35657
            ],
            [
              24.267745,
              48.35698
            ],
            [
              24.267851,
              48.357121
            ],
            [
              24.267987,
              48.357355
            ],
            [
              24.268051,
              48.357844
            ],
            [
              24.268098,
              48.358251
            ],
            [
              24.268139,
              48.35849
            ],
            [
              24.268053,
              48.358876
            ],
            [
              24.267967,
              48.359162
            ],
            [
              24.267886,
              48.359329
            ],
            [
              24.267819,
              48.359439
            ],
            [
              24.267657,
              48.359607
            ],
            [
              24.267512,
              48.359765
            ],
            [
              24.267221,
              48.360153
            ],
            [
              24.267144,
              48.36033
            ],
            [
              24.267171,
              48.360539
            ],
            [
              24.267381,
              48.361015
            ],
            [
              24.267996,
              48.361751
            ],
            [
              24.268356,
              48.362086
            ],
            [
              24.268775,
              48.362388
            ],
            [
              24.269173,
              48.362675
            ],
            [
              24.269369,
              48.362828
            ],
            [
              24.269988,
              48.363148
            ],
            [
              24.270446,
              48.363391
            ],
            [
              24.270876,
              48.363603
            ],
            [
              24.271552,
              48.363913
            ],
            [
              24.271955,
              48.364084
            ],
            [
              24.272416,
              48.364251
            ],
            [
              24.272778,
              48.364364
            ],
            [
              24.273009,
              48.364575
            ],
            [
              24.273258,
              48.364782
            ],
            [
              24.273596,
              48.365077
            ],
            [
              24.274038,
              48.365388
            ],
            [
              24.274446,
              48.365692
            ],
            [
              24.274723,
              48.365912
            ],
            [
              24.274298,
              48.36663
            ],
            [
              24.273899,
              48.367286
            ],
            [
              24.273074,
              48.368631
            ],
            [
              24.27338,
              48.369145
            ],
            [
              24.273815,
              48.369869
            ],
            [
              24.274007,
              48.370198
            ],
            [
              24.274253,
              48.370635
            ],
            [
              24.274516,
              48.371111
            ],
            [
              24.274849,
              48.371644
            ],
            [
              24.274872,
              48.371671
            ],
            [
              24.275392,
              48.371844
            ],
            [
              24.278207,
              48.372779
            ],
            [
              24.280256,
              48.37346
            ],
            [
              24.280925,
              48.373687
            ],
            [
              24.282176,
              48.374441
            ],
            [
              24.282208,
              48.375299
            ],
            [
              24.282252,
              48.376155
            ],
            [
              24.282433,
              48.37743
            ],
            [
              24.282468,
              48.377543
            ],
            [
              24.282608,
              48.377776
            ],
            [
              24.282678,
              48.377905
            ],
            [
              24.283016,
              48.378123
            ],
            [
              24.283168,
              48.378213
            ],
            [
              24.283862,
              48.378443
            ],
            [
              24.284338,
              48.378599
            ],
            [
              24.285009,
              48.37877
            ],
            [
              24.285602,
              48.378927
            ],
            [
              24.285982,
              48.379064
            ],
            [
              24.286483,
              48.379232
            ],
            [
              24.287665,
              48.379746
            ],
            [
              24.287974,
              48.379962
            ],
            [
              24.288261,
              48.380213
            ],
            [
              24.288561,
              48.380487
            ],
            [
              24.288732,
              48.380685
            ],
            [
              24.288781,
              48.380782
            ],
            [
              24.288796,
              48.381008
            ],
            [
              24.288569,
              48.381277
            ],
            [
              24.288178,
              48.381613
            ],
            [
              24.28705,
              48.382909
            ],
            [
              24.28692,
              48.383139
            ],
            [
              24.286822,
              48.383793
            ],
            [
              24.286832,
              48.384227
            ],
            [
              24.286857,
              48.384932
            ],
            [
              24.286769,
              48.385277
            ],
            [
              24.28645,
              48.385616
            ],
            [
              24.285658,
              48.386232
            ],
            [
              24.284241,
              48.387099
            ],
            [
              24.283752,
              48.387394
            ],
            [
              24.282972,
              48.388018
            ],
            [
              24.282603,
              48.38843
            ],
            [
              24.282372,
              48.38876
            ],
            [
              24.282209,
              48.389029
            ],
            [
              24.28207,
              48.389245
            ],
            [
              24.281687,
              48.390281
            ],
            [
              24.281516,
              48.39071
            ],
            [
              24.281345,
              48.391152
            ],
            [
              24.28123,
              48.391483
            ],
            [
              24.281135,
              48.391709
            ],
            [
              24.281142,
              48.391889
            ],
            [
              24.281214,
              48.392019
            ],
            [
              24.28127,
              48.392126
            ],
            [
              24.281507,
              48.392279
            ],
            [
              24.281922,
              48.392569
            ],
            [
              24.28232,
              48.39283
            ],
            [
              24.282555,
              48.393029
            ],
            [
              24.283424,
              48.393692
            ],
            [
              24.283604,
              48.393909
            ],
            [
              24.283905,
              48.394304
            ],
            [
              24.28413,
              48.394591
            ],
            [
              24.284474,
              48.395042
            ],
            [
              24.284783,
              48.395415
            ],
            [
              24.284947,
              48.395747
            ],
            [
              24.285187,
              48.396279
            ],
            [
              24.285321,
              48.396635
            ],
            [
              24.285372,
              48.396796
            ],
            [
              24.285315,
              48.397094
            ],
            [
              24.28517,
              48.397393
            ],
            [
              24.285142,
              48.397509
            ],
            [
              24.284973,
              48.397778
            ],
            [
              24.284809,
              48.398086
            ],
            [
              24.284742,
              48.39837
            ],
            [
              24.284659,
              48.398659
            ],
            [
              24.284564,
              48.398957
            ],
            [
              24.284487,
              48.399184
            ],
            [
              24.283782,
              48.399792
            ],
            [
              24.283463,
              48.400025
            ],
            [
              24.283284,
              48.400191
            ],
            [
              24.283263,
              48.400365
            ],
            [
              24.283431,
              48.400719
            ],
            [
              24.28355,
              48.400911
            ],
            [
              24.283653,
              48.401113
            ],
            [
              24.283853,
              48.401215
            ],
            [
              24.284055,
              48.401244
            ],
            [
              24.285524,
              48.401054
            ],
            [
              24.286453,
              48.400987
            ],
            [
              24.287458,
              48.40092
            ],
            [
              24.288701,
              48.400831
            ],
            [
              24.289117,
              48.400692
            ],
            [
              24.289407,
              48.400566
            ],
            [
              24.289546,
              48.400512
            ],
            [
              24.290823,
              48.399763
            ],
            [
              24.292266,
              48.398928
            ],
            [
              24.29342,
              48.398311
            ],
            [
              24.294032,
              48.398051
            ],
            [
              24.29436,
              48.397963
            ],
            [
              24.294738,
              48.39793
            ],
            [
              24.295695,
              48.397993
            ],
            [
              24.296614,
              48.398043
            ],
            [
              24.297074,
              48.398047
            ],
            [
              24.297647,
              48.398018
            ],
            [
              24.2983,
              48.397917
            ],
            [
              24.298863,
              48.397746
            ],
            [
              24.299773,
              48.397488
            ],
            [
              24.300398,
              48.397398
            ],
            [
              24.301429,
              48.397227
            ],
            [
              24.302119,
              48.397179
            ],
            [
              24.303142,
              48.397082
            ],
            [
              24.303865,
              48.396983
            ],
            [
              24.304373,
              48.396898
            ],
            [
              24.304754,
              48.396808
            ],
            [
              24.305338,
              48.396621
            ],
            [
              24.306156,
              48.396111
            ],
            [
              24.306561,
              48.395863
            ]
          ],
          [
            [
              22.868761,
              49.00356
            ],
            [
              22.870161,
              49.002743
            ],
            [
              22.871386,
              49.002027
            ],
            [
              22.872299,
              49.001579
            ],
            [
              22.873148,
              49.001174
            ],
            [
              22.87341,
              49.001058
            ],
            [
              22.8741,
              49.000843
            ],
            [
              22.875121,
              49.000539
            ],
            [
              22.876049,
              49.000329
            ],
            [
              22.876413,
              49.000247
            ],
            [
              22.877512,
              49.000091
            ],
            [
              22.878169,
              49.000003
            ],
            [
              22.878461,
              48.999965
            ],
            [
              22.879276,
              48.999959
            ],
            [
              22.879963,
              48.999955
            ],
            [
              22.880703,
              49.000074
            ],
            [
              22.881434,
              49.000209
            ],
            [
              22.882133,
              49.000474
            ],
            [
              22.883072,
              49.000822
            ],
            [
              22.885558,
              49.001654
            ],
            [
              22.886896,
              49.002096
            ],
            [
              22.887265,
              49.002271
            ],
            [
              22.88764,
              49.002529
            ],
            [
              22.8881,
              49.002856
            ],
            [
              22.888454,
              49.002989
            ],
            [
              22.889407,
              49.002958
            ],
            [
              22.891011,
              49.003107
            ],
            [
              22.891683,
              49.003251
            ],
            [
              22.892943,
              49.003546
            ],
            [
              22.893906,
              49.00387
            ],
            [
              22.894445,
              49.004065
            ],
            [
              22.895384,
              49.004327
            ],
            [
              22.896481,
              49.004756
            ],
            [
              22.896874,
              49.004865
            ],
            [
              22.897299,
              49.00495
            ],
            [
              22.897402,
              49.00496
            ],
            [
              22.897654,
              49.004964
            ],
            [
              22.897909,
              49.004871
            ],
            [
              22.8982,
              49.004592
            ],
            [
              22.898334,
              49.004446
            ],
            [
              22.898612,
              49.003813
            ],
            [
              22.899056,
              49.003261
            ],
            [
              22.899818,
              49.002555
            ],
            [
              22.899935,
              49.002442
            ],
            [
              22.900777,
              49.001094
            ],
            [
              22.901074,
              49.000703
            ],
            [
              22.902356,
              48.999544
            ],
            [
              22.90324,
              48.998751
            ],
            [
              22.904454,
              48.997475
            ],
            [
              22.906004,
              48.995813
            ],
            [
              22.906523,
              48.995256
            ],
            [
              22.90753,
              48.994546
            ],
            [
              22.908233,
              48.994036
            ],
            [
              22.909119,
              48.993352
            ],
            [
              22.909636,
              48.992899
            ],
            [
              22.910405,
              48.992231
            ],
            [
              22.911637,
              48.991241
            ],
            [
              22.912714,
              48.990497
            ],
            [
              22.913159,
              48.990187
            ],
            [
              22.91367,
              48.989736
            ],
            [
              22.914147,
              48.989095
            ],
            [
              22.914369,
              48.987842
            ],
            [
              22.914619,
              48.986581
            ],
            [
              22.914661,
              48.986
            ],
            [
              22.914786,
              48.985569
            ],
            [
              22.914861,
              48.985388
            ],
            [
              22.915117,
              48.984953
            ],
            [
              22.915906,
              48.984335
            ],
            [
              22.916382,
              48.983998
            ],
            [
              22.91681,
              48.98359
            ],
            [
              22.917004,
              48.983398
            ],
            [
              22.917328,
              48.983039
            ],
            [
              22.91756,
              48.982748
            ],
            [
              22.917845,
              48.982289
            ],
            [
              22.917954,
              48.98207
            ],
            [
              22.918074,
              48.981558
            ],
            [
              22.918108,
              48.981388
            ],
            [
              22.918023,
              48.980682
            ],
            [
              22.917815,
              48.979839
            ],
            [
              22.917644,
              48.979084
            ],
            [
              22.917488,
              48.978574
            ],
            [
              22.917192,
              48.978157
            ],
            [
              22.917037,
              48.977934
            ],
            [
              22.916068,
              48.977259
            ],
            [
              22.915772,
              48.976792
            ],
            [
              22.915643,
              48.976582
            ],
            [
              22.915658,
              48.976153
            ],
            [
              22.916354,
              48.975065
            ],
            [
              22.91713,
              48.973819
            ],
            [
              22.917861,
              48.972528
            ],
            [
              22.918201,
              48.971952
            ],
            [
              22.918667,
              48.971196
            ],
            [
              22.919022,
              48.970596
            ],
            [
              22.919156,
              48.970324
            ],
            [
              22.919142,
              48.969963
            ],
            [
              22.918962,
              48.969653
            ],
            [
              22.918524,
              48.969347
            ],
            [
              22.917983,
              48.969009
            ],
            [
              22.917204,
              48.968542
            ],
            [
              22.916736,
              48.968263
            ],
            [
              22.916495,
              48.968014
            ],
            [
              22.916223,
              48.967733
            ],
            [
              22.916167,
              48.96768
            ],
            [
              22.916039,
              48.96748
            ],
            [
              22.915881,
              48.967324
            ],
            [
              22.915698,
              48.967174
            ],
            [
              22.91547,
              48.967008
            ],
            [
              22.914796,
              48.966734
            ],
            [
              22.914432,
              48.966602
            ],
            [
              22.913625,
              48.966348
            ],
            [
              22.913209,
              48.966144
            ],
            [
              22.911967,
              48.96562
            ],
            [
              22.911218,
              48.965575
            ],
            [
              22.910557,
              48.965647
            ],
            [
              22.910154,
              48.965695
            ],
            [
              22.909152,
              48.965912
            ],
            [
              22.908445,
              48.966053
            ],
            [
              22.907889,
              48.966166
            ],
            [
              22.907085,
              48.966191
            ],
            [
              22.906436,
              48.966129
            ],
            [
              22.905908,
              48.966161
            ],
            [
              22.905685,
              48.966174
            ],
            [
              22.905369,
              48.966264
            ],
            [
              22.90502,
              48.966465
            ],
            [
              22.904233,
              48.967292
            ],
            [
              22.903856,
              48.967677
            ],
            [
              22.902604,
              48.968864
            ],
            [
              22.90197,
              48.969457
            ],
            [
              22.901418,
              48.969545
            ],
            [
              22.900513,
              48.969674
            ],
            [
              22.900134,
              48.969658
            ],
            [
              22.899837,
              48.969599
            ],
            [
              22.899475,
              48.969517
            ],
            [
              22.899023,
              48.969314
            ],
            [
              22.898646,
              48.969068
            ],
            [
              22.898321,
              48.968855
            ],
            [
              22.898056,
              48.968613
            ],
            [
              22.897951,
              48.968472
            ],
            [
              22.897814,
              48.968237
            ],
            [
              22.897323,
              48.967688
            ],
            [
              22.896554,
              48.966959
            ],
            [
              22.89587,
              48.966335
            ],
            [
              22.89576,
              48.966232
            ],
            [
              22.895504,
              48.966061
            ],
            [
              22.895043,
              48.965788
            ],
            [
              22.894274,
              48.965357
            ],
            [
              22.893866,
              48.965122
            ],
            [
              22.893651,
              48.965036
            ],
            [
              22.893486,
              48.964991
            ],
            [
              22.892614,
              48.96479
            ],
            [
              22.891125,
              48.964629
            ],
            [
              22.890603,
              48.964519
            ],
            [
              22.890239,
              48.964431
            ],
            [
              22.88899,
              48.963942
            ],
            [
              22.887633,
              48.963402
            ],
            [
              22.887244,
              48.963285
            ],
            [
              22.886736,
              48.963085
            ],
            [
              22.886119,
              48.962421
            ],
            [
              22.885618,
              48.962013
            ],
            [
              22.8852,
              48.961702
            ],
            [
              22.884892,
              48.961496
            ],
            [
              22.884633,
              48.961349
            ],
            [
              22.884196,
              48.961158
            ],
            [
              22.88347,
              48.961
            ],
            [
              22.882466,
              48.96079
            ],
            [
              22.881885,
              48.960725
            ],
            [
              22.881275,
              48.960656
            ],
            [
              22.880939,
              48.960593
            ],
            [
              22.880539,
              48.960507
            ],
            [
              22.880174,
              48.9604
            ],
            [
              22.879091,
              48.960006
            ],
            [
              22.878438,
              48.959754
            ],
            [
              22.877765,
              48.95948
            ],
            [
              22.877581,
              48.959401
            ],
            [
              22.87677,
              48.959006
            ],
            [
              22.87638,
              48.958818
            ],
            [
              22.875726,
              48.958466
            ],
            [
              22.875174,
              48.958167
            ],
            [
              22.874616,
              48.95786
            ],
            [
              22.874112,
              48.957501
            ],
            [
              22.873841,
              48.9573
            ],
            [
              22.873386,
              48.956917
            ],
            [
              22.873239,
              48.956793
            ],
            [
              22.873119,
              48.956639
            ],
            [
              22.87282,
              48.956192
            ],
            [
              22.8727,
              48.955991
            ],
            [
              22.872603,
              48.955679
            ],
            [
              22.872531,
              48.955509
            ],
            [
              22.872534,
              48.955399
            ],
            [
              22.872507,
              48.955247
            ],
            [
              22.872497,
              48.955184
            ],
            [
              22.872582,
              48.954666
            ],
            [
              22.872759,
              48.954327
            ],
            [
              22.8732,
              48.953425
            ],
            [
              22.873565,
              48.952683
            ],
            [
              22.873692,
              48.952415
            ],
            [
              22.873765,
              48.952084
            ],
            [
              22.87385,
              48.951334
            ],
            [
              22.87394,
              48.950315
            ],
            [
              22.874117,
              48.948921
            ],
            [
              22.874213,
              48.948145
            ],
            [
              22.874159,
              48.947672
            ],
            [
              22.873983,
              48.947179
            ],
            [
              22.873732,
              48.946769
            ],
            [
              22.873458,
              48.946485
            ],
            [
              22.873284,
              48.946331
            ],
            [
              22.872993,
              48.946104
            ],
            [
              22.872771,
              48.945919
            ],
            [
              22.872468,
              48.945708
            ],
            [
              22.872338,
              48.945614
            ],
            [
              22.872272,
              48.945493
            ],
            [
              22.872255,
              48.94545
            ],
            [
              22.872287,
              48.944821
            ],
            [
              22.872324,
              48.943968
            ],
            [
              22.872596,
              48.942933
            ],
            [
              22.872811,
              48.942095
            ],
            [
              22.873106,
              48.941333
            ],
            [
              22.873269,
              48.940931
            ],
            [
              22.873306,
              48.940846
            ],
            [
              22.873512,
              48.940487
            ],
            [
              22.873713,
              48.940164
            ],
            [
              22.873931,
              48.939788
            ],
            [
              22.8742,
              48.939509
            ],
            [
              22.874452,
              48.939393
            ],
            [
              22.874599,
              48.939326
            ],
            [
              22.874925,
              48.939223
            ],
            [
              22.875173,
              48.939145
            ],
            [
              22.875728,
              48.938552
            ],
            [
              22.875806,
              48.938476
            ],
            [
              22.876046,
              48.938064
            ],
            [
              22.876238,
              48.93764
            ],
            [
              22.876385,
              48.936977
            ],
            [
              22.876526,
              48.936226
            ],
            [
              22.876591,
              48.935733
            ],
            [
              22.876591,
              48.935464
            ],
            [
              22.876662,
              48.935079
            ],
            [
              22.876828,
              48.934617
            ],
            [
              22.877007,
              48.934276
            ],
            [
              22.877285,
              48.933741
            ],
            [
              22.877448,
              48.933313
            ],
            [
              22.8777,
              48.932659
            ],
            [
              22.878061,
              48.932194
            ],
            [
              22.878471,
              48.931817
            ],
            [
              22.878863,
              48.931462
            ],
            [
              22.879488,
              48.930953
            ],
            [
              22.879797,
              48.930709
            ],
            [
              22.880157,
              48.930339
            ],
            [
              22.880347,
              48.930027
            ],
            [
              22.880535,
              48.929716
            ],
            [
              22.880865,
              48.929306
            ],
            [
              22.880998,
              48.929155
            ],
            [
              22.88144,
              48.928766
            ],
            [
              22.881847,
              48.928425
            ],
            [
              22.882291,
              48.928097
            ],
            [
              22.882608,
              48.927875
            ],
            [
              22.88324,
              48.927413
            ],
            [
              22.883756,
              48.927125
            ],
            [
              22.884389,
              48.926826
            ],
            [
              22.88476,
              48.926653
            ],
            [
              22.885077,
              48.926428
            ],
            [
              22.885298,
              48.926203
            ],
            [
              22.885393,
              48.92605
            ],
            [
              22.885514,
              48.925846
            ],
            [
              22.885746,
              48.925388
            ],
            [
              22.885958,
              48.924902
            ],
            [
              22.886118,
              48.924588
            ],
            [
              22.88619,
              48.924419
            ],
            [
              22.886502,
              48.923895
            ],
            [
              22.886875,
              48.923382
            ],
            [
              22.887076,
              48.923245
            ],
            [
              22.887257,
              48.923021
            ],
            [
              22.887424,
              48.922791
            ],
            [
              22.887582,
              48.922484
            ],
            [
              22.887681,
              48.922269
            ],
            [
              22.887958,
              48.921747
            ],
            [
              22.888085,
              48.921506
            ],
            [
              22.888099,
              48.921299
            ],
            [
              22.888106,
              48.920949
            ],
            [
              22.888313,
              48.92043
            ],
            [
              22.888503,
              48.91995
            ],
            [
              22.888894,
              48.918932
            ],
            [
              22.889062,
              48.918491
            ],
            [
              22.889268,
              48.918015
            ],
            [
              22.889446,
              48.917635
            ],
            [
              22.889654,
              48.91716
            ],
            [
              22.889893,
              48.916611
            ],
            [
              22.89004,
              48.91627
            ],
            [
              22.890143,
              48.915899
            ],
            [
              22.890201,
              48.915661
            ],
            [
              22.89021,
              48.915432
            ],
            [
              22.890228,
              48.915021
            ],
            [
              22.890256,
              48.914445
            ],
            [
              22.890384,
              48.914134
            ],
            [
              22.890612,
              48.913603
            ],
            [
              22.890667,
              48.913512
            ],
            [
              22.890704,
              48.913324
            ],
            [
              22.890759,
              48.913027
            ],
            [
              22.890854,
              48.912309
            ],
            [
              22.890904,
              48.912017
            ],
            [
              22.891,
              48.911676
            ],
            [
              22.891078,
              48.911431
            ],
            [
              22.891173,
              48.911223
            ],
            [
              22.891335,
              48.910998
            ],
            [
              22.891527,
              48.910806
            ],
            [
              22.891643,
              48.910704
            ],
            [
              22.891909,
              48.910455
            ],
            [
              22.892459,
              48.91004
            ],
            [
              22.892928,
              48.909584
            ],
            [
              22.893237,
              48.909283
            ],
            [
              22.893787,
              48.908751
            ],
            [
              22.894028,
              48.90852
            ],
            [
              22.89433,
              48.908157
            ],
            [
              22.894482,
              48.907961
            ],
            [
              22.894682,
              48.907726
            ],
            [
              22.895052,
              48.907288
            ],
            [
              22.895613,
              48.906611
            ],
            [
              22.896156,
              48.905991
            ],
            [
              22.896632,
              48.905509
            ],
            [
              22.897328,
              48.90498
            ],
            [
              22.898172,
              48.904385
            ],
            [
              22.899118,
              48.903891
            ],
            [
              22.899523,
              48.903677
            ],
            [
              22.900188,
              48.903441
            ],
            [
              22.900563,
              48.903302
            ],
            [
              22.90088,
              48.903159
            ],
            [
              22.901322,
              48.902957
            ],
            [
              22.90161,
              48.902792
            ],
            [
              22.901895,
              48.902624
            ],
            [
              22.902317,
              48.902375
            ],
            [
              22.902499,
              48.902273
            ],
            [
              22.902971,
              48.901892
            ],
            [
              22.903593,
              48.901417
            ],
            [
              22.903736,
              48.901307
            ],
            [
              22.904701,
              48.901073
            ],
            [
              22.905807,
              48.900831
            ],
            [
              22.906073,
              48.900771
            ],
            [
              22.906373,
              48.900663
            ],
            [
              22.906727,
              48.900519
            ],
            [
              22.906996,
              48.900381
            ],
            [
              22.907424,
              48.900155
            ],
            [
              22.907556,
              48.900092
            ],
            [
              22.908142,
              48.899917
            ],
            [
              22.908326,
              48.899842
            ],
            [
              22.908831,
              48.899588
            ],
            [
              22.909253,
              48.899373
            ],
            [
              22.909687,
              48.899137
            ],
            [
              22.909894,
              48.899033
            ],
            [
              22.910176,
              48.898877
            ],
            [
              22.91053,
              48.898684
            ],
            [
              22.910814,
              48.898506
            ],
            [
              22.911308,
              48.898173
            ],
            [
              22.911614,
              48.89802
            ],
            [
              22.911928,
              48.897703
            ],
            [
              22.912229,
              48.897451
            ],
            [
              22.912624,
              48.897159
            ],
            [
              22.913183,
              48.896819
            ],
            [
              22.913665,
              48.89655
            ],
            [
              22.913923,
              48.896396
            ],
            [
              22.914268,
              48.896252
            ],
            [
              22.914609,
              48.896101
            ],
            [
              22.915245,
              48.895892
            ],
            [
              22.915822,
              48.895741
            ],
            [
              22.916352,
              48.895603
            ],
            [
              22.917115,
              48.895455
            ],
            [
              22.918047,
              48.895283
            ],
            [
              22.918451,
              48.895207
            ],
            [
              22.918944,
              48.895045
            ],
            [
              22.919441,
              48.894801
            ],
            [
              22.919787,
              48.894635
            ],
            [
              22.920422,
              48.894223
            ],
            [
              22.920856,
              48.893851
            ],
            [
              22.921311,
              48.893436
            ],
            [
              22.921684,
              48.893109
            ],
            [
              22.922116,
              48.89283
            ],
            [
              22.922605,
              48.892583
            ],
            [
              22.923296,
              48.892321
            ],
            [
              22.923721,
              48.892159
            ],
            [
              22.924338,
              48.891898
            ],
            [
              22.925375,
              48.891451
            ],
            [
              22.926755,
              48.890775
            ],
            [
              22.927323,
              48.890519
            ],
            [
              22.927776,
              48.890315
            ],
            [
              22.928044,
              48.89013
            ],
            [
              22.928197,
              48.890001
            ],
            [
              22.928332,
              48.889895
            ],
            [
              22.928462,
              48.889691
            ],
            [
              22.928616,
              48.889385
            ],
            [
              22.928727,
              48.888833
            ],
            [
              22.928909,
              48.888517
            ],
            [
              22.929103,
              48.888147
            ],
            [
              22.929547,
              48.887849
            ],
            [
              22.930123,
              48.887656
            ],
            [
              22.93043,
              48.887549
            ],
            [
              22.931263,
              48.887267
            ],
            [
              22.932137,
              48.886971
            ],
            [
              22.932993,
              48.886685
            ],
            [
              22.933896,
              48.886376
            ],
            [
              22.934494,
              48.886172
            ],
            [
              22.935077,
              48.885972
            ],
            [
              22.935456,
              48.885847
            ],
            [
              22.936018,
              48.885605
            ],
            [
              22.936478,
              48.885418
            ],
            [
              22.937128,
              48.885088
            ],
            [
              22.937959,
              48.884683
            ],
            [
              22.938368,
              48.88449
            ],
            [
              22.93914,
              48.88415
            ],
            [
              22.940246,
              48.883727
            ],
            [
              22.941047,
              48.883416
            ],
            [
              22.941631,
              48.883199
            ],
            [
              22.942528,
              48.882935
            ],
            [
              22.94308,
              48.882773
            ],
            [
              22.943401,
              48.882685
            ],
            [
              22.943915,
              48.882597
            ],
            [
              22.944444,
              48.882523
            ],
            [
              22.944921,
              48.882407
            ],
            [
              22.945317,
              48.882306
            ],
            [
              22.945655,
              48.882193
            ],
            [
              22.946039,
              48.882069
            ],
            [
              22.946926,
              48.881771
            ],
            [
              22.947073,
              48.881722
            ],
            [
              22.947632,
              48.881425
            ],
            [
              22.94816,
              48.881134
            ],
            [
              22.948637,
              48.880887
            ],
            [
              22.949063,
              48.880731
            ],
            [
              22.949453,
              48.88059
            ],
            [
              22.950456,
              48.880298
            ],
            [
              22.951211,
              48.880077
            ],
            [
              22.951499,
              48.87999
            ],
            [
              22.952993,
              48.879442
            ],
            [
              22.954194,
              48.878958
            ],
            [
              22.955848,
              48.878322
            ],
            [
              22.956203,
              48.878196
            ],
            [
              22.956335,
              48.87815
            ],
            [
              22.957215,
              48.877988
            ],
            [
              22.958141,
              48.877815
            ],
            [
              22.95944,
              48.877728
            ],
            [
              22.959574,
              48.877721
            ],
            [
              22.96101,
              48.877817
            ],
            [
              22.961838,
              48.877873
            ],
            [
              22.962367,
              48.877836
            ],
            [
              22.962781,
              48.877693
            ],
            [
              22.964037,
              48.877127
            ],
            [
              22.965391,
              48.876498
            ],
            [
              22.966018,
              48.876191
            ],
            [
              22.966375,
              48.875962
            ],
            [
              22.96675,
              48.875825
            ],
            [
              22.968003,
              48.875511
            ],
            [
              22.96838,
              48.875418
            ],
            [
              22.96871,
              48.875255
            ],
            [
              22.96917,
              48.874969
            ],
            [
              22.969313,
              48.874886
            ],
            [
              22.969631,
              48.874794
            ],
            [
              22.970095,
              48.87466
            ],
            [
              22.970474,
              48.874368
            ],
            [
              22.970645,
              48.874141
            ],
            [
              22.970662,
              48.874116
            ],
            [
              22.970713,
              48.87389
            ],
            [
              22.970709,
              48.873685
            ],
            [
              22.97057,
              48.873372
            ],
            [
              22.970271,
              48.872991
            ],
            [
              22.969737,
              48.872317
            ],
            [
              22.969637,
              48.872064
            ],
            [
              22.969332,
              48.871262
            ],
            [
              22.969343,
              48.871052
            ],
            [
              22.969919,
              48.870181
            ],
            [
              22.970253,
              48.869684
            ],
            [
              22.970348,
              48.869314
            ],
            [
              22.970383,
              48.869142
            ],
            [
              22.970347,
              48.868443
            ],
            [
              22.970312,
              48.868069
            ],
            [
              22.970297,
              48.867934
            ],
            [
              22.970227,
              48.867407
            ],
            [
              22.970237,
              48.867076
            ],
            [
              22.970312,
              48.866777
            ],
            [
              22.970101,
              48.865929
            ],
            [
              22.969862,
              48.865677
            ],
            [
              22.969632,
              48.865445
            ],
            [
              22.969572,
              48.865228
            ],
            [
              22.969547,
              48.864918
            ],
            [
              22.969575,
              48.864779
            ],
            [
              22.969597,
              48.864661
            ],
            [
              22.969977,
              48.863975
            ],
            [
              22.970122,
              48.863333
            ],
            [
              22.969872,
              48.862806
            ],
            [
              22.96985,
              48.862625
            ],
            [
              22.970042,
              48.86179
            ],
            [
              22.970105,
              48.861541
            ],
            [
              22.970276,
              48.861229
            ],
            [
              22.970474,
              48.860982
            ],
            [
              22.970931,
              48.860647
            ],
            [
              22.971233,
              48.860426
            ],
            [
              22.971616,
              48.86014
            ],
            [
              22.972126,
              48.859482
            ],
            [
              22.972255,
              48.859069
            ],
            [
              22.972249,
              48.858652
            ],
            [
              22.972125,
              48.858292
            ],
            [
              22.97196,
              48.857801
            ],
            [
              22.971921,
              48.857354
            ],
            [
              22.971907,
              48.856965
            ],
            [
              22.971907,
              48.856753
            ],
            [
              22.971958,
              48.856534
            ],
            [
              22.971944,
              48.856145
            ],
            [
              22.971931,
              48.855831
            ],
            [
              22.971921,
              48.855488
            ],
            [
              22.971892,
              48.854888
            ],
            [
              22.971897,
              48.854701
            ],
            [
              22.971909,
              48.854477
            ],
            [
              22.971871,
              48.854013
            ],
            [
              22.971821,
              48.853562
            ],
            [
              22.971717,
              48.852377
            ],
            [
              22.97166,
              48.85174
            ],
            [
              22.971652,
              48.851697
            ],
            [
              22.971723,
              48.850983
            ],
            [
              22.971726,
              48.850896
            ],
            [
              22.971776,
              48.850744
            ],
            [
              22.97197,
              48.850045
            ],
            [
              22.972349,
              48.849282
            ],
            [
              22.972476,
              48.849031
            ],
            [
              22.972728,
              48.848628
            ],
            [
              22.972859,
              48.848421
            ],
            [
              22.973131,
              48.848053
            ],
            [
              22.973573,
              48.847472
            ],
            [
              22.974006,
              48.846948
            ],
            [
              22.974414,
              48.846453
            ],
            [
              22.974594,
              48.845949
            ],
            [
              22.974743,
              48.84485
            ],
            [
              22.974976,
              48.844551
            ],
            [
              22.975592,
              48.844125
            ],
            [
              22.976806,
              48.843585
            ],
            [
              22.977279,
              48.84328
            ],
            [
              22.977599,
              48.842922
            ],
            [
              22.978201,
              48.842438
            ],
            [
              22.97871,
              48.842075
            ],
            [
              22.979222,
              48.841446
            ],
            [
              22.979647,
              48.841024
            ],
            [
              22.979915,
              48.840784
            ],
            [
              22.980406,
              48.84045
            ],
            [
              22.981174,
              48.83966
            ],
            [
              22.981617,
              48.839445
            ],
            [
              22.982784,
              48.838992
            ],
            [
              22.983113,
              48.838831
            ],
            [
              22.98344,
              48.838633
            ],
            [
              22.983863,
              48.838331
            ],
            [
              22.984479,
              48.837882
            ],
            [
              22.98482,
              48.837623
            ],
            [
              22.985369,
              48.837022
            ],
            [
              22.985754,
              48.836579
            ],
            [
              22.986191,
              48.836302
            ],
            [
              22.986507,
              48.836167
            ],
            [
              22.987024,
              48.836061
            ],
            [
              22.987807,
              48.835984
            ],
            [
              22.9881,
              48.835962
            ],
            [
              22.988641,
              48.835951
            ],
            [
              22.989138,
              48.835947
            ],
            [
              22.989576,
              48.835869
            ],
            [
              22.989992,
              48.835758
            ],
            [
              22.990417,
              48.835636
            ],
            [
              22.991026,
              48.835432
            ],
            [
              22.992241,
              48.834839
            ],
            [
              22.992754,
              48.834572
            ],
            [
              22.99348,
              48.834126
            ],
            [
              22.993654,
              48.834014
            ],
            [
              22.994187,
              48.833523
            ],
            [
              22.99464,
              48.83322
            ],
            [
              22.995254,
              48.832806
            ],
            [
              22.995648,
              48.832534
            ],
            [
              22.9965,
              48.832123
            ],
            [
              22.997293,
              48.831859
            ],
            [
              22.998102,
              48.831581
            ],
            [
              22.998533,
              48.831429
            ],
            [
              22.999086,
              48.831178
            ],
            [
              22.999664,
              48.83091
            ],
            [
              22.999984,
              48.830597
            ],
            [
              23.000498,
              48.829923
            ],
            [
              23.001016,
              48.829514
            ],
            [
              23.002098,
              48.830342
            ],
            [
              23.002999,
              48.831068
            ],
            [
              23.003521,
              48.831564
            ],
            [
              23.003834,
              48.831834
            ],
            [
              23.004595,
              48.832526
            ],
            [
              23.005098,
              48.832958
            ],
            [
              23.005551,
              48.833331
            ],
            [
              23.006039,
              48.833649
            ],
            [
              23.006581,
              48.83398
            ],
            [
              23.008243,
              48.83499
            ],
            [
              23.009089,
              48.835523
            ],
            [
              23.009746,
              48.835927
            ],
            [
              23.010333,
              48.836314
            ],
            [
              23.010692,
              48.836533
            ],
            [
              23.01097,
              48.837078
            ],
            [
              23.011109,
              48.837333
            ],
            [
              23.011205,
              48.837511
            ],
            [
              23.011431,
              48.838045
            ],
            [
              23.011681,
              48.838715
            ],
            [
              23.011904,
              48.839298
            ],
            [
              23.012065,
              48.839718
            ],
            [
              23.012329,
              48.840402
            ],
            [
              23.012557,
              48.841008
            ],
            [
              23.012724,
              48.841372
            ],
            [
              23.012847,
              48.841611
            ],
            [
              23.013199,
              48.84202
            ],
            [
              23.013493,
              48.842337
            ],
            [
              23.013754,
              48.842629
            ],
            [
              23.014104,
              48.842949
            ],
            [
              23.01478,
              48.843557
            ],
            [
              23.015083,
              48.843825
            ],
            [
              23.015387,
              48.844092
            ],
            [
              23.015799,
              48.844462
            ],
            [
              23.016399,
              48.844842
            ],
            [
              23.016928,
              48.845168
            ],
            [
              23.017348,
              48.845434
            ],
            [
              23.01774,
              48.845677
            ],
            [
              23.018054,
              48.84587
            ],
            [
              23.018389,
              48.846089
            ],
            [
              23.018716,
              48.846289
            ],
            [
              23.019256,
              48.846638
            ],
            [
              23.019668,
              48.846892
            ],
            [
              23.020119,
              48.847177
            ],
            [
              23.021248,
              48.847506
            ],
            [
              23.022529,
              48.847473
            ],
            [
              23.023579,
              48.847271
            ],
            [
              23.023783,
              48.847226
            ],
            [
              23.024611,
              48.846976
            ],
            [
              23.025492,
              48.846711
            ],
            [
              23.026298,
              48.846469
            ],
            [
              23.027472,
              48.846375
            ],
            [
              23.027672,
              48.846363
            ],
            [
              23.028446,
              48.846404
            ],
            [
              23.028636,
              48.846414
            ],
            [
              23.02991,
              48.846592
            ],
            [
              23.031103,
              48.847198
            ],
            [
              23.031452,
              48.847373
            ],
            [
              23.03251,
              48.847752
            ],
            [
              23.032999,
              48.847919
            ],
            [
              23.033322,
              48.848
            ],
            [
              23.033839,
              48.848128
            ],
            [
              23.034032,
              48.848175
            ],
            [
              23.03445,
              48.848328
            ],
            [
              23.035026,
              48.848531
            ],
            [
              23.035342,
              48.848679
            ],
            [
              23.035833,
              48.848924
            ],
            [
              23.036236,
              48.84912
            ],
            [
              23.036582,
              48.849288
            ],
            [
              23.036899,
              48.849444
            ],
            [
              23.037187,
              48.84959
            ],
            [
              23.037572,
              48.849781
            ],
            [
              23.037832,
              48.849906
            ],
            [
              23.038252,
              48.850039
            ],
            [
              23.038704,
              48.850197
            ],
            [
              23.039152,
              48.850345
            ],
            [
              23.039755,
              48.850494
            ],
            [
              23.040295,
              48.850556
            ],
            [
              23.040876,
              48.850623
            ],
            [
              23.041282,
              48.850695
            ],
            [
              23.041861,
              48.850807
            ],
            [
              23.042314,
              48.850889
            ],
            [
              23.043048,
              48.851026
            ],
            [
              23.04404,
              48.851197
            ],
            [
              23.044467,
              48.851269
            ],
            [
              23.044991,
              48.851281
            ],
            [
              23.045555,
              48.851269
            ],
            [
              23.045922,
              48.851252
            ],
            [
              23.046366,
              48.851217
            ],
            [
              23.047056,
              48.851157
            ],
            [
              23.047886,
              48.851083
            ],
            [
              23.048333,
              48.851044
            ],
            [
              23.048791,
              48.851007
            ],
            [
              23.049253,
              48.850916
            ],
            [
              23.049721,
              48.850825
            ],
            [
              23.050532,
              48.850588
            ],
            [
              23.051373,
              48.85033
            ],
            [
              23.051498,
              48.850291
            ],
            [
              23.052116,
              48.849956
            ],
            [
              23.052965,
              48.849378
            ],
            [
              23.053485,
              48.849033
            ],
            [
              23.054485,
              48.848225
            ],
            [
              23.054754,
              48.84801
            ],
            [
              23.055066,
              48.847715
            ],
            [
              23.055389,
              48.847504
            ],
            [
              23.055925,
              48.847209
            ],
            [
              23.056466,
              48.846948
            ],
            [
              23.057017,
              48.846693
            ],
            [
              23.057674,
              48.846685
            ],
            [
              23.058456,
              48.847391
            ],
            [
              23.059053,
              48.847991
            ],
            [
              23.059673,
              48.848609
            ],
            [
              23.060055,
              48.849
            ],
            [
              23.060276,
              48.849222
            ],
            [
              23.06058,
              48.849467
            ],
            [
              23.061563,
              48.850258
            ],
            [
              23.062032,
              48.850686
            ],
            [
              23.062176,
              48.850812
            ],
            [
              23.062354,
              48.851008
            ],
            [
              23.062507,
              48.851186
            ],
            [
              23.062712,
              48.851395
            ],
            [
              23.062768,
              48.851476
            ],
            [
              23.06306,
              48.851716
            ],
            [
              23.063535,
              48.852061
            ],
            [
              23.063795,
              48.852228
            ],
            [
              23.064007,
              48.852363
            ],
            [
              23.064238,
              48.852517
            ],
            [
              23.064881,
              48.852819
            ],
            [
              23.064996,
              48.852888
            ],
            [
              23.065262,
              48.853071
            ],
            [
              23.065441,
              48.853189
            ],
            [
              23.065801,
              48.853384
            ],
            [
              23.066146,
              48.853524
            ],
            [
              23.066536,
              48.853593
            ],
            [
              23.066933,
              48.853658
            ],
            [
              23.067136,
              48.853697
            ],
            [
              23.067514,
              48.853871
            ],
            [
              23.067802,
              48.854001
            ],
            [
              23.068039,
              48.854133
            ],
            [
              23.068294,
              48.854289
            ],
            [
              23.068561,
              48.854441
            ],
            [
              23.068896,
              48.854643
            ],
            [
              23.069261,
              48.854663
            ],
            [
              23.069643,
              48.85489
            ],
            [
              23.069986,
              48.854909
            ],
            [
              23.070392,
              48.85483
            ],
            [
              23.070567,
              48.854806
            ],
            [
              23.070947,
              48.854786
            ],
            [
              23.071178,
              48.854756
            ],
            [
              23.071628,
              48.854687
            ],
            [
              23.071776,
              48.854663
            ],
            [
              23.072178,
              48.854493
            ],
            [
              23.072699,
              48.854221
            ],
            [
              23.073082,
              48.854018
            ],
            [
              23.073545,
              48.853927
            ],
            [
              23.074042,
              48.853828
            ],
            [
              23.074184,
              48.853801
            ],
            [
              23.074531,
              48.853673
            ],
            [
              23.075079,
              48.853457
            ],
            [
              23.075636,
              48.853306
            ],
            [
              23.076129,
              48.853167
            ],
            [
              23.076551,
              48.853101
            ],
            [
              23.076945,
              48.853184
            ],
            [
              23.077238,
              48.853489
            ],
            [
              23.077799,
              48.85389
            ],
            [
              23.078188,
              48.854107
            ],
            [
              23.078716,
              48.854315
            ],
            [
              23.079254,
              48.854382
            ],
            [
              23.079967,
              48.854429
            ],
            [
              23.080925,
              48.854463
            ],
            [
              23.081906,
              48.854495
            ],
            [
              23.082973,
              48.854519
            ],
            [
              23.083803,
              48.854524
            ],
            [
              23.08445,
              48.854534
            ],
            [
              23.084621,
              48.854551
            ],
            [
              23.084879,
              48.8546
            ],
            [
              23.085051,
              48.854735
            ],
            [
              23.085331,
              48.854981
            ],
            [
              23.085484,
              48.855195
            ],
            [
              23.085645,
              48.85541
            ],
            [
              23.085725,
              48.855535
            ],
            [
              23.085961,
              48.856296
            ],
            [
              23.086082,
              48.856704
            ],
            [
              23.086115,
              48.856851
            ],
            [
              23.086249,
              48.857332
            ],
            [
              23.086331,
              48.857727
            ],
            [
              23.086348,
              48.857928
            ],
            [
              23.08634,
              48.858041
            ],
            [
              23.086139,
              48.858436
            ],
            [
              23.0861,
              48.858668
            ],
            [
              23.086072,
              48.858862
            ],
            [
              23.086092,
              48.859044
            ],
            [
              23.086106,
              48.859167
            ],
            [
              23.086123,
              48.859315
            ],
            [
              23.086344,
              48.859711
            ],
            [
              23.086932,
              48.860291
            ],
            [
              23.087116,
              48.860437
            ],
            [
              23.087457,
              48.86069
            ],
            [
              23.087807,
              48.860859
            ],
            [
              23.088273,
              48.861013
            ],
            [
              23.089152,
              48.861337
            ],
            [
              23.089338,
              48.861401
            ],
            [
              23.090011,
              48.861563
            ],
            [
              23.090585,
              48.861666
            ],
            [
              23.091063,
              48.861767
            ],
            [
              23.091418,
              48.861839
            ],
            [
              23.091967,
              48.861888
            ],
            [
              23.092581,
              48.861953
            ],
            [
              23.093232,
              48.862007
            ],
            [
              23.093618,
              48.86205
            ],
            [
              23.09412,
              48.862131
            ],
            [
              23.09458,
              48.862252
            ],
            [
              23.095097,
              48.862394
            ],
            [
              23.095504,
              48.862503
            ],
            [
              23.095971,
              48.862624
            ],
            [
              23.096472,
              48.862735
            ],
            [
              23.096869,
              48.862827
            ],
            [
              23.097001,
              48.862855
            ],
            [
              23.097925,
              48.862882
            ],
            [
              23.098094,
              48.862889
            ],
            [
              23.098516,
              48.862835
            ],
            [
              23.098998,
              48.862701
            ],
            [
              23.099309,
              48.862614
            ],
            [
              23.099722,
              48.862449
            ],
            [
              23.099825,
              48.862412
            ],
            [
              23.100229,
              48.862199
            ],
            [
              23.100625,
              48.861838
            ],
            [
              23.101406,
              48.861118
            ],
            [
              23.101898,
              48.860638
            ],
            [
              23.102367,
              48.860147
            ],
            [
              23.102623,
              48.859876
            ],
            [
              23.10287,
              48.859613
            ],
            [
              23.103488,
              48.858952
            ],
            [
              23.104021,
              48.858536
            ],
            [
              23.104331,
              48.858402
            ],
            [
              23.104489,
              48.858339
            ],
            [
              23.105119,
              48.858174
            ],
            [
              23.106208,
              48.85794
            ],
            [
              23.106897,
              48.857795
            ],
            [
              23.107322,
              48.857727
            ],
            [
              23.108921,
              48.857493
            ],
            [
              23.109886,
              48.857368
            ],
            [
              23.111294,
              48.857184
            ],
            [
              23.112546,
              48.857026
            ],
            [
              23.113352,
              48.856906
            ],
            [
              23.114008,
              48.856811
            ],
            [
              23.114113,
              48.856793
            ],
            [
              23.114405,
              48.856719
            ],
            [
              23.114615,
              48.85661
            ],
            [
              23.11484,
              48.856479
            ],
            [
              23.115429,
              48.855996
            ],
            [
              23.116018,
              48.855532
            ],
            [
              23.11657,
              48.85515
            ],
            [
              23.117115,
              48.855
            ],
            [
              23.117457,
              48.854918
            ],
            [
              23.118284,
              48.854815
            ],
            [
              23.11879,
              48.854841
            ],
            [
              23.11924,
              48.854865
            ],
            [
              23.119623,
              48.85486
            ],
            [
              23.119916,
              48.854851
            ],
            [
              23.120376,
              48.85482
            ],
            [
              23.120702,
              48.854793
            ],
            [
              23.121032,
              48.854744
            ],
            [
              23.12127,
              48.854708
            ],
            [
              23.12157,
              48.854616
            ],
            [
              23.12191,
              48.854506
            ],
            [
              23.122117,
              48.854366
            ],
            [
              23.122223,
              48.85417
            ],
            [
              23.122336,
              48.853935
            ],
            [
              23.122456,
              48.853628
            ],
            [
              23.122592,
              48.853236
            ],
            [
              23.122897,
              48.852621
            ],
            [
              23.123488,
              48.851906
            ],
            [
              23.123919,
              48.851551
            ],
            [
              23.124302,
              48.851251
            ],
            [
              23.124743,
              48.851072
            ],
            [
              23.125181,
              48.851003
            ],
            [
              23.125496,
              48.850949
            ],
            [
              23.126159,
              48.851008
            ],
            [
              23.126643,
              48.851185
            ],
            [
              23.127313,
              48.851426
            ],
            [
              23.127792,
              48.851599
            ],
            [
              23.129011,
              48.852047
            ],
            [
              23.129491,
              48.852221
            ],
            [
              23.129654,
              48.852275
            ],
            [
              23.129926,
              48.852345
            ],
            [
              23.130434,
              48.852484
            ],
            [
              23.130739,
              48.852561
            ],
            [
              23.131469,
              48.852566
            ],
            [
              23.131778,
              48.852328
            ],
            [
              23.13204,
              48.851712
            ],
            [
              23.132296,
              48.851116
            ],
            [
              23.132521,
              48.850564
            ],
            [
              23.132714,
              48.850108
            ],
            [
              23.13302,
              48.84939
            ],
            [
              23.133662,
              48.848491
            ],
            [
              23.134299,
              48.847586
            ],
            [
              23.134944,
              48.846854
            ],
            [
              23.135557,
              48.846136
            ],
            [
              23.135974,
              48.845589
            ],
            [
              23.136083,
              48.845085
            ],
            [
              23.135887,
              48.844706
            ],
            [
              23.135745,
              48.844536
            ],
            [
              23.134849,
              48.843851
            ],
            [
              23.134394,
              48.843511
            ],
            [
              23.13358,
              48.842892
            ],
            [
              23.132924,
              48.842383
            ],
            [
              23.132548,
              48.842021
            ],
            [
              23.131806,
              48.841307
            ],
            [
              23.130725,
              48.840271
            ],
            [
              23.131186,
              48.838682
            ],
            [
              23.132074,
              48.836993
            ],
            [
              23.133604,
              48.834088
            ],
            [
              23.135301,
              48.833981
            ],
            [
              23.137354,
              48.833853
            ],
            [
              23.139568,
              48.833723
            ],
            [
              23.140575,
              48.833662
            ],
            [
              23.140874,
              48.833657
            ],
            [
              23.141372,
              48.833735
            ],
            [
              23.141761,
              48.83373
            ],
            [
              23.141993,
              48.833706
            ],
            [
              23.142343,
              48.833628
            ],
            [
              23.142902,
              48.833512
            ],
            [
              23.143004,
              48.833482
            ],
            [
              23.143982,
              48.833438
            ],
            [
              23.145124,
              48.833487
            ],
            [
              23.145581,
              48.833504
            ],
            [
              23.146354,
              48.833499
            ],
            [
              23.146589,
              48.833499
            ],
            [
              23.147023,
              48.833453
            ],
            [
              23.147189,
              48.833433
            ],
            [
              23.147333,
              48.833401
            ],
            [
              23.14772,
              48.833308
            ],
            [
              23.148166,
              48.833207
            ],
            [
              23.148393,
              48.833148
            ],
            [
              23.148848,
              48.832999
            ],
            [
              23.149249,
              48.832851
            ],
            [
              23.149435,
              48.832787
            ],
            [
              23.15042,
              48.832314
            ],
            [
              23.15081,
              48.832133
            ],
            [
              23.151138,
              48.831928
            ],
            [
              23.151552,
              48.831671
            ],
            [
              23.151969,
              48.831432
            ],
            [
              23.152117,
              48.831331
            ],
            [
              23.152565,
              48.831066
            ],
            [
              23.15288,
              48.830844
            ],
            [
              23.153215,
              48.830596
            ],
            [
              23.153251,
              48.830557
            ],
            [
              23.153483,
              48.830228
            ],
            [
              23.153646,
              48.829824
            ],
            [
              23.153816,
              48.829408
            ],
            [
              23.154089,
              48.828982
            ],
            [
              23.154529,
              48.828566
            ],
            [
              23.155125,
              48.828155
            ],
            [
              23.156355,
              48.827291
            ],
            [
              23.157259,
              48.826686
            ],
            [
              23.157964,
              48.826224
            ],
            [
              23.158777,
              48.825689
            ],
            [
              23.158907,
              48.825612
            ],
            [
              23.1593,
              48.825201
            ],
            [
              23.159569,
              48.824884
            ],
            [
              23.159902,
              48.82444
            ],
            [
              23.16035,
              48.824002
            ],
            [
              23.160927,
              48.823416
            ],
            [
              23.161534,
              48.822795
            ],
            [
              23.16203,
              48.822382
            ],
            [
              23.162293,
              48.822163
            ],
            [
              23.162366,
              48.82209
            ],
            [
              23.162691,
              48.821682
            ],
            [
              23.163032,
              48.821264
            ],
            [
              23.163221,
              48.820901
            ],
            [
              23.163684,
              48.81996
            ],
            [
              23.164212,
              48.818906
            ],
            [
              23.164473,
              48.818669
            ],
            [
              23.164978,
              48.81841
            ],
            [
              23.165652,
              48.81807
            ],
            [
              23.166825,
              48.817504
            ],
            [
              23.167664,
              48.817046
            ],
            [
              23.167814,
              48.816962
            ],
            [
              23.168076,
              48.816734
            ],
            [
              23.168192,
              48.816285
            ],
            [
              23.168267,
              48.816195
            ],
            [
              23.168766,
              48.815887
            ],
            [
              23.168851,
              48.815797
            ],
            [
              23.169177,
              48.815294
            ],
            [
              23.169316,
              48.815056
            ],
            [
              23.169464,
              48.81477
            ],
            [
              23.169553,
              48.814528
            ],
            [
              23.169596,
              48.814213
            ],
            [
              23.169629,
              48.814007
            ],
            [
              23.169654,
              48.813899
            ],
            [
              23.169858,
              48.813362
            ],
            [
              23.170043,
              48.812903
            ],
            [
              23.170068,
              48.812823
            ],
            [
              23.170046,
              48.812382
            ],
            [
              23.170022,
              48.811657
            ],
            [
              23.170005,
              48.811369
            ],
            [
              23.170004,
              48.81126
            ],
            [
              23.169898,
              48.810818
            ],
            [
              23.169879,
              48.810556
            ],
            [
              23.169874,
              48.810386
            ],
            [
              23.169943,
              48.81019
            ],
            [
              23.16995,
              48.810141
            ],
            [
              23.170221,
              48.80979
            ],
            [
              23.170751,
              48.809086
            ],
            [
              23.17088,
              48.808921
            ],
            [
              23.17102,
              48.80879
            ],
            [
              23.171401,
              48.808497
            ],
            [
              23.171895,
              48.80822
            ],
            [
              23.172328,
              48.807986
            ],
            [
              23.172963,
              48.807765
            ],
            [
              23.173346,
              48.807637
            ],
            [
              23.173803,
              48.807583
            ],
            [
              23.174094,
              48.807533
            ],
            [
              23.174648,
              48.807419
            ],
            [
              23.175022,
              48.807339
            ],
            [
              23.175132,
              48.807308
            ],
            [
              23.17582,
              48.807053
            ],
            [
              23.176565,
              48.806769
            ],
            [
              23.17696,
              48.806621
            ],
            [
              23.177438,
              48.806361
            ],
            [
              23.17753,
              48.806245
            ],
            [
              23.177664,
              48.806003
            ],
            [
              23.177637,
              48.805561
            ],
            [
              23.177612,
              48.804958
            ],
            [
              23.177587,
              48.80478
            ],
            [
              23.177558,
              48.804503
            ],
            [
              23.177522,
              48.804297
            ],
            [
              23.177513,
              48.80417
            ],
            [
              23.177525,
              48.803895
            ],
            [
              23.177523,
              48.803769
            ],
            [
              23.177536,
              48.803636
            ],
            [
              23.177578,
              48.803438
            ],
            [
              23.177667,
              48.8032
            ],
            [
              23.17784,
              48.802929
            ],
            [
              23.178034,
              48.802513
            ],
            [
              23.178297,
              48.801988
            ],
            [
              23.178416,
              48.801763
            ],
            [
              23.17869,
              48.801358
            ],
            [
              23.178863,
              48.801081
            ],
            [
              23.178954,
              48.800734
            ],
            [
              23.178843,
              48.800335
            ],
            [
              23.178776,
              48.800027
            ],
            [
              23.178603,
              48.798859
            ],
            [
              23.178706,
              48.798281
            ],
            [
              23.178694,
              48.798065
            ],
            [
              23.178656,
              48.797635
            ],
            [
              23.178637,
              48.797465
            ],
            [
              23.178662,
              48.797086
            ],
            [
              23.178716,
              48.796778
            ],
            [
              23.178854,
              48.796116
            ],
            [
              23.178813,
              48.795898
            ],
            [
              23.178739,
              48.795594
            ],
            [
              23.178698,
              48.795411
            ],
            [
              23.178683,
              48.795137
            ],
            [
              23.178684,
              48.794996
            ],
            [
              23.178733,
              48.794453
            ],
            [
              23.178804,
              48.793622
            ],
            [
              23.178873,
              48.792938
            ],
            [
              23.178888,
              48.792716
            ],
            [
              23.179083,
              48.792266
            ],
            [
              23.179175,
              48.792044
            ],
            [
              23.179361,
              48.791736
            ],
            [
              23.17972,
              48.791181
            ],
            [
              23.18022,
              48.79051
            ],
            [
              23.180686,
              48.790245
            ],
            [
              23.181083,
              48.789865
            ],
            [
              23.181192,
              48.789754
            ],
            [
              23.181362,
              48.789453
            ],
            [
              23.181753,
              48.788793
            ],
            [
              23.181908,
              48.788549
            ],
            [
              23.182314,
              48.788033
            ],
            [
              23.182764,
              48.787447
            ],
            [
              23.18324,
              48.786836
            ],
            [
              23.184168,
              48.785966
            ],
            [
              23.184855,
              48.785489
            ],
            [
              23.185358,
              48.785254
            ],
            [
              23.186514,
              48.784817
            ],
            [
              23.187262,
              48.784303
            ],
            [
              23.187358,
              48.78424
            ],
            [
              23.187754,
              48.783818
            ],
            [
              23.188274,
              48.78326
            ],
            [
              23.188454,
              48.783062
            ],
            [
              23.189005,
              48.782389
            ],
            [
              23.18943,
              48.781947
            ],
            [
              23.189543,
              48.781828
            ],
            [
              23.189696,
              48.781561
            ],
            [
              23.189711,
              48.781086
            ],
            [
              23.189709,
              48.780887
            ],
            [
              23.189748,
              48.780659
            ],
            [
              23.18982,
              48.780465
            ],
            [
              23.189871,
              48.780338
            ],
            [
              23.193311,
              48.781222
            ],
            [
              23.189968,
              48.780211
            ],
            [
              23.190204,
              48.779877
            ],
            [
              23.190509,
              48.779425
            ],
            [
              23.190867,
              48.778923
            ],
            [
              23.191256,
              48.778461
            ],
            [
              23.191598,
              48.778028
            ],
            [
              23.191979,
              48.77758
            ],
            [
              23.192326,
              48.777139
            ],
            [
              23.192426,
              48.777
            ],
            [
              23.19262,
              48.776604
            ],
            [
              23.19265,
              48.776323
            ],
            [
              23.192673,
              48.776142
            ],
            [
              23.19279,
              48.775783
            ],
            [
              23.192818,
              48.775669
            ],
            [
              23.192817,
              48.775544
            ],
            [
              23.192705,
              48.775248
            ],
            [
              23.192462,
              48.774843
            ],
            [
              23.192351,
              48.774508
            ],
            [
              23.192187,
              48.774099
            ],
            [
              23.192146,
              48.773786
            ],
            [
              23.19225,
              48.773356
            ],
            [
              23.192372,
              48.773131
            ],
            [
              23.192599,
              48.772901
            ],
            [
              23.192968,
              48.772488
            ],
            [
              23.193239,
              48.772147
            ],
            [
              23.193524,
              48.771777
            ],
            [
              23.193844,
              48.771269
            ],
            [
              23.194015,
              48.77098
            ],
            [
              23.194397,
              48.77036
            ],
            [
              23.194794,
              48.769712
            ],
            [
              23.195292,
              48.768964
            ],
            [
              23.195624,
              48.768634
            ],
            [
              23.195806,
              48.768481
            ],
            [
              23.19602,
              48.768314
            ],
            [
              23.196095,
              48.768252
            ],
            [
              23.196617,
              48.767737
            ],
            [
              23.19699,
              48.767305
            ],
            [
              23.197208,
              48.767062
            ],
            [
              23.197852,
              48.766197
            ],
            [
              23.198046,
              48.765824
            ],
            [
              23.198196,
              48.76535
            ],
            [
              23.198382,
              48.764614
            ],
            [
              23.198447,
              48.764142
            ],
            [
              23.198441,
              48.763855
            ],
            [
              23.198432,
              48.763518
            ],
            [
              23.1985,
              48.762963
            ],
            [
              23.19869,
              48.762599
            ],
            [
              23.198997,
              48.762242
            ],
            [
              23.199324,
              48.761932
            ],
            [
              23.199658,
              48.761598
            ],
            [
              23.20013,
              48.76115
            ],
            [
              23.200863,
              48.760616
            ],
            [
              23.201386,
              48.760405
            ],
            [
              23.202049,
              48.760245
            ],
            [
              23.202664,
              48.760231
            ],
            [
              23.203443,
              48.760327
            ],
            [
              23.203864,
              48.760382
            ],
            [
              23.204399,
              48.760506
            ],
            [
              23.204909,
              48.760474
            ],
            [
              23.205488,
              48.760391
            ],
            [
              23.206084,
              48.760419
            ],
            [
              23.207229,
              48.760458
            ],
            [
              23.207721,
              48.760524
            ],
            [
              23.208324,
              48.760643
            ],
            [
              23.209742,
              48.7609
            ],
            [
              23.210336,
              48.761032
            ],
            [
              23.210659,
              48.761048
            ],
            [
              23.211002,
              48.761026
            ],
            [
              23.211272,
              48.761008
            ],
            [
              23.211922,
              48.760912
            ],
            [
              23.212815,
              48.76077
            ],
            [
              23.213545,
              48.760664
            ],
            [
              23.213929,
              48.760607
            ],
            [
              23.214506,
              48.760555
            ],
            [
              23.214985,
              48.760522
            ],
            [
              23.215618,
              48.760535
            ],
            [
              23.215825,
              48.760535
            ],
            [
              23.216176,
              48.760604
            ],
            [
              23.216438,
              48.760652
            ],
            [
              23.216692,
              48.760705
            ],
            [
              23.2169,
              48.760794
            ],
            [
              23.217236,
              48.760929
            ],
            [
              23.21753,
              48.761042
            ],
            [
              23.217952,
              48.761215
            ],
            [
              23.218446,
              48.761405
            ],
            [
              23.218892,
              48.761588
            ],
            [
              23.219495,
              48.761829
            ],
            [
              23.219718,
              48.761917
            ],
            [
              23.220166,
              48.762077
            ],
            [
              23.220706,
              48.762264
            ],
            [
              23.221213,
              48.762421
            ],
            [
              23.221671,
              48.762558
            ],
            [
              23.2221,
              48.762675
            ],
            [
              23.222709,
              48.762839
            ],
            [
              23.223154,
              48.763004
            ],
            [
              23.223671,
              48.763187
            ],
            [
              23.224058,
              48.76333
            ],
            [
              23.224201,
              48.763382
            ],
            [
              23.224489,
              48.763447
            ],
            [
              23.224723,
              48.763456
            ],
            [
              23.22592,
              48.76314
            ],
            [
              23.226287,
              48.763042
            ],
            [
              23.226558,
              48.762941
            ],
            [
              23.226782,
              48.762849
            ],
            [
              23.227422,
              48.762522
            ],
            [
              23.228104,
              48.762174
            ],
            [
              23.228687,
              48.761906
            ],
            [
              23.229452,
              48.761571
            ],
            [
              23.230283,
              48.761205
            ],
            [
              23.230701,
              48.761017
            ],
            [
              23.230792,
              48.760974
            ],
            [
              23.232035,
              48.760634
            ],
            [
              23.232813,
              48.76048
            ],
            [
              23.233423,
              48.760358
            ],
            [
              23.234083,
              48.760229
            ],
            [
              23.235021,
              48.759937
            ],
            [
              23.235577,
              48.759767
            ],
            [
              23.236309,
              48.759583
            ],
            [
              23.236863,
              48.759448
            ],
            [
              23.237345,
              48.75932
            ],
            [
              23.237908,
              48.75918
            ],
            [
              23.238522,
              48.759008
            ],
            [
              23.238938,
              48.75888
            ],
            [
              23.239165,
              48.758809
            ],
            [
              23.239262,
              48.758782
            ],
            [
              23.239867,
              48.75867
            ],
            [
              23.239967,
              48.75865
            ],
            [
              23.240317,
              48.758692
            ],
            [
              23.241039,
              48.758756
            ],
            [
              23.241232,
              48.758775
            ],
            [
              23.241779,
              48.758877
            ],
            [
              23.242421,
              48.759003
            ],
            [
              23.242899,
              48.759094
            ],
            [
              23.243474,
              48.759279
            ],
            [
              23.243776,
              48.759381
            ],
            [
              23.244031,
              48.759466
            ],
            [
              23.244212,
              48.759555
            ],
            [
              23.244455,
              48.759667
            ],
            [
              23.244852,
              48.759797
            ],
            [
              23.245175,
              48.759846
            ],
            [
              23.245465,
              48.75986
            ],
            [
              23.245858,
              48.75982
            ],
            [
              23.246331,
              48.759771
            ],
            [
              23.246844,
              48.759726
            ],
            [
              23.246878,
              48.759726
            ],
            [
              23.246975,
              48.759724
            ],
            [
              23.247315,
              48.759757
            ],
            [
              23.247629,
              48.759784
            ],
            [
              23.247893,
              48.759904
            ],
            [
              23.248274,
              48.760076
            ],
            [
              23.24852,
              48.760216
            ],
            [
              23.248877,
              48.760443
            ],
            [
              23.249146,
              48.760633
            ],
            [
              23.249465,
              48.760861
            ],
            [
              23.249698,
              48.761023
            ],
            [
              23.250095,
              48.761326
            ],
            [
              23.25043,
              48.761586
            ],
            [
              23.25112,
              48.762108
            ],
            [
              23.251433,
              48.762295
            ],
            [
              23.251638,
              48.762418
            ],
            [
              23.252085,
              48.762596
            ],
            [
              23.252153,
              48.762618
            ],
            [
              23.252586,
              48.762701
            ],
            [
              23.252763,
              48.76274
            ],
            [
              23.25326,
              48.762748
            ],
            [
              23.253657,
              48.762683
            ],
            [
              23.254558,
              48.762508
            ],
            [
              23.255226,
              48.76236
            ],
            [
              23.255685,
              48.76219
            ],
            [
              23.256445,
              48.761678
            ],
            [
              23.25723,
              48.761326
            ],
            [
              23.257788,
              48.761139
            ],
            [
              23.25879,
              48.760871
            ],
            [
              23.258957,
              48.760836
            ],
            [
              23.259345,
              48.760781
            ],
            [
              23.260594,
              48.760823
            ],
            [
              23.260674,
              48.76083
            ],
            [
              23.260973,
              48.760854
            ],
            [
              23.261236,
              48.760894
            ],
            [
              23.261436,
              48.760951
            ],
            [
              23.261993,
              48.761125
            ],
            [
              23.262427,
              48.761255
            ],
            [
              23.262606,
              48.761317
            ],
            [
              23.262981,
              48.761384
            ],
            [
              23.263866,
              48.76148
            ],
            [
              23.26457,
              48.761541
            ],
            [
              23.265074,
              48.76159
            ],
            [
              23.265501,
              48.761635
            ],
            [
              23.265803,
              48.761667
            ],
            [
              23.26595,
              48.761678
            ],
            [
              23.267678,
              48.761648
            ],
            [
              23.267887,
              48.761657
            ],
            [
              23.268184,
              48.76171
            ],
            [
              23.26833,
              48.761787
            ],
            [
              23.268526,
              48.761915
            ],
            [
              23.268913,
              48.762189
            ],
            [
              23.269107,
              48.762353
            ],
            [
              23.269186,
              48.762438
            ],
            [
              23.269533,
              48.763136
            ],
            [
              23.269753,
              48.763564
            ],
            [
              23.269987,
              48.763977
            ],
            [
              23.27003,
              48.764037
            ],
            [
              23.270207,
              48.764197
            ],
            [
              23.270467,
              48.764399
            ],
            [
              23.270812,
              48.764627
            ],
            [
              23.271175,
              48.764945
            ],
            [
              23.271554,
              48.765265
            ],
            [
              23.271916,
              48.765556
            ],
            [
              23.272294,
              48.765855
            ],
            [
              23.272353,
              48.765902
            ],
            [
              23.272612,
              48.765955
            ],
            [
              23.273006,
              48.765945
            ],
            [
              23.273493,
              48.76594
            ],
            [
              23.274631,
              48.765928
            ],
            [
              23.275742,
              48.765938
            ],
            [
              23.276622,
              48.765944
            ],
            [
              23.277011,
              48.765954
            ],
            [
              23.277431,
              48.766059
            ],
            [
              23.277867,
              48.766252
            ],
            [
              23.278296,
              48.766441
            ],
            [
              23.278749,
              48.766746
            ],
            [
              23.2791,
              48.767019
            ],
            [
              23.279381,
              48.767536
            ],
            [
              23.27967,
              48.767886
            ],
            [
              23.279753,
              48.768374
            ],
            [
              23.279699,
              48.768902
            ],
            [
              23.279694,
              48.769378
            ],
            [
              23.279998,
              48.771241
            ],
            [
              23.280446,
              48.773051
            ],
            [
              23.280682,
              48.77395
            ],
            [
              23.280849,
              48.774701
            ],
            [
              23.281064,
              48.775015
            ],
            [
              23.281175,
              48.775161
            ],
            [
              23.281414,
              48.77535
            ],
            [
              23.281948,
              48.775518
            ],
            [
              23.282784,
              48.775623
            ],
            [
              23.283915,
              48.775708
            ],
            [
              23.285,
              48.775792
            ],
            [
              23.285446,
              48.775829
            ],
            [
              23.285915,
              48.775771
            ],
            [
              23.286539,
              48.775534
            ],
            [
              23.287857,
              48.774837
            ],
            [
              23.288826,
              48.774335
            ],
            [
              23.289528,
              48.774007
            ],
            [
              23.290079,
              48.773727
            ],
            [
              23.290455,
              48.773567
            ],
            [
              23.290652,
              48.773339
            ],
            [
              23.290847,
              48.772827
            ],
            [
              23.291021,
              48.772365
            ],
            [
              23.291165,
              48.772173
            ],
            [
              23.291579,
              48.771891
            ],
            [
              23.292251,
              48.771479
            ],
            [
              23.293004,
              48.770997
            ],
            [
              23.293349,
              48.770728
            ],
            [
              23.293747,
              48.770361
            ],
            [
              23.294179,
              48.769872
            ],
            [
              23.294363,
              48.769667
            ],
            [
              23.294821,
              48.768815
            ],
            [
              23.295312,
              48.767885
            ],
            [
              23.295671,
              48.767121
            ],
            [
              23.295868,
              48.766889
            ],
            [
              23.296157,
              48.766766
            ],
            [
              23.296487,
              48.766711
            ],
            [
              23.297,
              48.766716
            ],
            [
              23.297637,
              48.766748
            ],
            [
              23.298124,
              48.766779
            ],
            [
              23.298526,
              48.766774
            ],
            [
              23.298736,
              48.766753
            ],
            [
              23.2991,
              48.766713
            ],
            [
              23.299628,
              48.766567
            ],
            [
              23.300043,
              48.766464
            ],
            [
              23.300457,
              48.76632
            ],
            [
              23.301336,
              48.765947
            ],
            [
              23.301561,
              48.76583
            ],
            [
              23.301774,
              48.765712
            ],
            [
              23.302041,
              48.76553
            ],
            [
              23.30229,
              48.765317
            ],
            [
              23.302485,
              48.765152
            ],
            [
              23.302802,
              48.764858
            ],
            [
              23.303124,
              48.764588
            ],
            [
              23.303564,
              48.764082
            ],
            [
              23.303793,
              48.763828
            ],
            [
              23.304272,
              48.763502
            ],
            [
              23.304944,
              48.763046
            ],
            [
              23.305666,
              48.762546
            ],
            [
              23.306352,
              48.762079
            ]
          ],
          [
            [
              22.353677,
              48.717841
            ],
            [
              22.351979,
              48.719261
            ],
            [
              22.350689,
              48.720336
            ],
            [
              22.351829,
              48.721275
            ],
            [
              22.35343,
              48.72258
            ],
            [
              22.354592,
              48.723535
            ],
            [
              22.355102,
              48.723976
            ],
            [
              22.355448,
              48.724279
            ],
            [
              22.3558,
              48.724599
            ],
            [
              22.356072,
              48.724842
            ],
            [
              22.356307,
              48.725046
            ],
            [
              22.356976,
              48.725646
            ],
            [
              22.358104,
              48.72582
            ],
            [
              22.360136,
              48.72614
            ],
            [
              22.36053,
              48.727107
            ],
            [
              22.360789,
              48.727719
            ],
            [
              22.361427,
              48.729258
            ],
            [
              22.361806,
              48.730205
            ],
            [
              22.361716,
              48.730975
            ],
            [
              22.361514,
              48.732755
            ],
            [
              22.361471,
              48.733127
            ],
            [
              22.360924,
              48.734318
            ],
            [
              22.36046,
              48.735316
            ],
            [
              22.36046,
              48.73635
            ],
            [
              22.360452,
              48.737807
            ],
            [
              22.360447,
              48.738565
            ],
            [
              22.361224,
              48.739184
            ],
            [
              22.361547,
              48.73945
            ],
            [
              22.362222,
              48.739999
            ],
            [
              22.360918,
              48.741136
            ],
            [
              22.36011,
              48.741833
            ],
            [
              22.357811,
              48.74233
            ],
            [
              22.356502,
              48.742607
            ],
            [
              22.355833,
              48.742887
            ],
            [
              22.353923,
              48.743224
            ],
            [
              22.353106,
              48.744284
            ],
            [
              22.352627,
              48.745213
            ],
            [
              22.3525,
              48.745479
            ],
            [
              22.352696,
              48.746171
            ],
            [
              22.351085,
              48.746913
            ],
            [
              22.350807,
              48.747693
            ],
            [
              22.350528,
              48.748475
            ],
            [
              22.350236,
              48.748918
            ],
            [
              22.350051,
              48.749194
            ],
            [
              22.346918,
              48.74932
            ],
            [
              22.345177,
              48.749389
            ],
            [
              22.344392,
              48.749588
            ],
            [
              22.343366,
              48.749856
            ],
            [
              22.342675,
              48.750664
            ],
            [
              22.342678,
              48.750698
            ],
            [
              22.342999,
              48.751167
            ],
            [
              22.343381,
              48.752345
            ],
            [
              22.343567,
              48.752935
            ],
            [
              22.343975,
              48.754167
            ],
            [
              22.345036,
              48.756129
            ],
            [
              22.345579,
              48.757054
            ],
            [
              22.345608,
              48.757113
            ],
            [
              22.345723,
              48.757784
            ],
            [
              22.345731,
              48.757785
            ]
          ],
          [
            [
              22.188369,
              48.607774
            ],
            [
              22.188272,
              48.607978
            ],
            [
              22.188226,
              48.608144
            ],
            [
              22.188152,
              48.60839
            ],
            [
              22.188129,
              48.608473
            ],
            [
              22.188138,
              48.608715
            ],
            [
              22.188161,
              48.608944
            ],
            [
              22.188332,
              48.609279
            ],
            [
              22.188472,
              48.609473
            ],
            [
              22.188615,
              48.609577
            ],
            [
              22.188758,
              48.6097
            ],
            [
              22.188895,
              48.609785
            ],
            [
              22.189028,
              48.609865
            ],
            [
              22.189285,
              48.60995
            ],
            [
              22.18956,
              48.610001
            ],
            [
              22.189694,
              48.610033
            ],
            [
              22.189929,
              48.610027
            ],
            [
              22.190057,
              48.610027
            ],
            [
              22.190338,
              48.609967
            ],
            [
              22.190701,
              48.609857
            ],
            [
              22.19137,
              48.609778
            ],
            [
              22.19165,
              48.609714
            ],
            [
              22.192127,
              48.609642
            ],
            [
              22.192933,
              48.609523
            ],
            [
              22.193459,
              48.609443
            ],
            [
              22.193897,
              48.609345
            ],
            [
              22.194371,
              48.609249
            ],
            [
              22.194652,
              48.60919
            ],
            [
              22.194838,
              48.60917
            ],
            [
              22.19511,
              48.60914
            ],
            [
              22.195284,
              48.60915
            ],
            [
              22.195385,
              48.609158
            ],
            [
              22.195498,
              48.609167
            ],
            [
              22.195707,
              48.609167
            ],
            [
              22.195966,
              48.609168
            ],
            [
              22.196154,
              48.609173
            ],
            [
              22.196417,
              48.609186
            ],
            [
              22.196649,
              48.609194
            ],
            [
              22.196862,
              48.609195
            ],
            [
              22.197002,
              48.609193
            ],
            [
              22.197061,
              48.609195
            ],
            [
              22.197218,
              48.609211
            ],
            [
              22.197395,
              48.609228
            ],
            [
              22.197587,
              48.609247
            ],
            [
              22.197733,
              48.609277
            ],
            [
              22.197927,
              48.60932
            ],
            [
              22.198007,
              48.609336
            ],
            [
              22.198237,
              48.609369
            ],
            [
              22.198392,
              48.60939
            ],
            [
              22.198621,
              48.60947
            ],
            [
              22.198813,
              48.60954
            ],
            [
              22.198869,
              48.609557
            ],
            [
              22.199011,
              48.609631
            ],
            [
              22.199066,
              48.60966
            ],
            [
              22.199276,
              48.609739
            ],
            [
              22.199347,
              48.60977
            ],
            [
              22.199434,
              48.609824
            ],
            [
              22.199526,
              48.609877
            ],
            [
              22.199567,
              48.609901
            ],
            [
              22.199723,
              48.61
            ],
            [
              22.199789,
              48.610044
            ],
            [
              22.19985,
              48.610084
            ],
            [
              22.199921,
              48.610132
            ],
            [
              22.199995,
              48.610181
            ],
            [
              22.200204,
              48.610321
            ],
            [
              22.200252,
              48.610351
            ],
            [
              22.200344,
              48.610398
            ],
            [
              22.200524,
              48.610498
            ],
            [
              22.200779,
              48.610626
            ],
            [
              22.200907,
              48.610688
            ],
            [
              22.200974,
              48.610724
            ],
            [
              22.201176,
              48.610795
            ],
            [
              22.201252,
              48.610822
            ],
            [
              22.201405,
              48.61088
            ],
            [
              22.201555,
              48.610934
            ],
            [
              22.201797,
              48.611013
            ],
            [
              22.201979,
              48.61107
            ],
            [
              22.202111,
              48.611115
            ],
            [
              22.202201,
              48.611141
            ],
            [
              22.202333,
              48.611169
            ],
            [
              22.202442,
              48.611193
            ],
            [
              22.202571,
              48.611237
            ],
            [
              22.202722,
              48.611286
            ],
            [
              22.202935,
              48.61136
            ],
            [
              22.203196,
              48.611418
            ],
            [
              22.203472,
              48.611416
            ],
            [
              22.203879,
              48.61191
            ],
            [
              22.20426,
              48.612368
            ],
            [
              22.20473,
              48.612942
            ],
            [
              22.205043,
              48.613319
            ],
            [
              22.205573,
              48.613954
            ],
            [
              22.205965,
              48.614425
            ],
            [
              22.206286,
              48.614809
            ],
            [
              22.20695,
              48.615603
            ],
            [
              22.207432,
              48.616173
            ],
            [
              22.207806,
              48.616633
            ],
            [
              22.208142,
              48.617023
            ],
            [
              22.208404,
              48.617339
            ],
            [
              22.208465,
              48.617422
            ],
            [
              22.208477,
              48.617419
            ],
            [
              22.208853,
              48.617621
            ],
            [
              22.20978,
              48.618116
            ],
            [
              22.211205,
              48.618879
            ],
            [
              22.21307,
              48.619876
            ],
            [
              22.214768,
              48.620783
            ],
            [
              22.215569,
              48.62121
            ],
            [
              22.215695,
              48.621279
            ],
            [
              22.217341,
              48.621193
            ],
            [
              22.229918,
              48.620561
            ],
            [
              22.230967,
              48.62226
            ],
            [
              22.238146,
              48.626338
            ],
            [
              22.240492,
              48.627685
            ],
            [
              22.241868,
              48.629453
            ],
            [
              22.242605,
              48.630392
            ],
            [
              22.243588,
              48.631663
            ],
            [
              22.244172,
              48.632417
            ],
            [
              22.245033,
              48.633527
            ],
            [
              22.245615,
              48.634266
            ],
            [
              22.246375,
              48.635245
            ],
            [
              22.246869,
              48.635878
            ],
            [
              22.247033,
              48.636085
            ],
            [
              22.247869,
              48.63716
            ],
            [
              22.248445,
              48.637918
            ],
            [
              22.248478,
              48.63796
            ],
            [
              22.248845,
              48.638426
            ],
            [
              22.249314,
              48.63902
            ],
            [
              22.249667,
              48.639475
            ],
            [
              22.24967,
              48.640401
            ],
            [
              22.249673,
              48.641873
            ],
            [
              22.249667,
              48.643393
            ],
            [
              22.249666,
              48.645232
            ],
            [
              22.250187,
              48.647
            ],
            [
              22.250305,
              48.647388
            ],
            [
              22.25226,
              48.647761
            ],
            [
              22.253853,
              48.648056
            ],
            [
              22.254511,
              48.648172
            ],
            [
              22.255104,
              48.648276
            ],
            [
              22.255409,
              48.64833
            ],
            [
              22.255934,
              48.648584
            ],
            [
              22.256315,
              48.64878
            ],
            [
              22.256603,
              48.648916
            ],
            [
              22.257798,
              48.649508
            ],
            [
              22.258832,
              48.65001
            ],
            [
              22.259806,
              48.650487
            ],
            [
              22.261122,
              48.65114
            ],
            [
              22.261995,
              48.651571
            ],
            [
              22.262865,
              48.651993
            ],
            [
              22.263822,
              48.652469
            ],
            [
              22.264819,
              48.652956
            ],
            [
              22.265305,
              48.653194
            ],
            [
              22.265113,
              48.65443
            ],
            [
              22.265026,
              48.654972
            ],
            [
              22.268494,
              48.654946
            ],
            [
              22.268907,
              48.654945
            ],
            [
              22.269851,
              48.655409
            ],
            [
              22.270952,
              48.655954
            ],
            [
              22.271774,
              48.656365
            ],
            [
              22.273307,
              48.657131
            ],
            [
              22.274516,
              48.657734
            ],
            [
              22.274974,
              48.657952
            ],
            [
              22.276146,
              48.658529
            ],
            [
              22.277372,
              48.659129
            ],
            [
              22.278357,
              48.659611
            ],
            [
              22.280221,
              48.660534
            ],
            [
              22.281292,
              48.661068
            ],
            [
              22.282266,
              48.661551
            ],
            [
              22.283314,
              48.662256
            ],
            [
              22.283955,
              48.662694
            ],
            [
              22.28568,
              48.66386
            ],
            [
              22.286926,
              48.664695
            ],
            [
              22.289309,
              48.666311
            ],
            [
              22.28908,
              48.667096
            ],
            [
              22.289097,
              48.667599
            ],
            [
              22.289114,
              48.668006
            ],
            [
              22.289467,
              48.668315
            ],
            [
              22.28981,
              48.668614
            ],
            [
              22.29081,
              48.669338
            ],
            [
              22.292095,
              48.669612
            ],
            [
              22.293001,
              48.669808
            ],
            [
              22.294546,
              48.6703
            ],
            [
              22.295696,
              48.670669
            ],
            [
              22.297201,
              48.671564
            ],
            [
              22.297563,
              48.671786
            ],
            [
              22.299094,
              48.672243
            ],
            [
              22.300229,
              48.672711
            ],
            [
              22.300913,
              48.672998
            ],
            [
              22.301399,
              48.6732
            ],
            [
              22.301561,
              48.673359
            ],
            [
              22.301763,
              48.673549
            ],
            [
              22.301952,
              48.673729
            ],
            [
              22.302215,
              48.67398
            ],
            [
              22.302499,
              48.674249
            ],
            [
              22.302502,
              48.67435
            ],
            [
              22.302507,
              48.674517
            ],
            [
              22.302511,
              48.674661
            ],
            [
              22.302516,
              48.674879
            ],
            [
              22.302523,
              48.675131
            ],
            [
              22.302531,
              48.675397
            ],
            [
              22.302539,
              48.675706
            ],
            [
              22.302546,
              48.676029
            ],
            [
              22.302555,
              48.676335
            ],
            [
              22.302555,
              48.676361
            ],
            [
              22.302774,
              48.676375
            ],
            [
              22.30309,
              48.676395
            ],
            [
              22.303485,
              48.67642
            ],
            [
              22.303774,
              48.676439
            ],
            [
              22.304193,
              48.676465
            ],
            [
              22.304516,
              48.676487
            ],
            [
              22.304625,
              48.676494
            ],
            [
              22.304695,
              48.676498
            ],
            [
              22.304719,
              48.6765
            ],
            [
              22.304895,
              48.676522
            ],
            [
              22.305116,
              48.67655
            ],
            [
              22.305251,
              48.676569
            ],
            [
              22.30534,
              48.676579
            ],
            [
              22.305404,
              48.676589
            ],
            [
              22.305581,
              48.676612
            ],
            [
              22.305832,
              48.676644
            ],
            [
              22.306033,
              48.67667
            ],
            [
              22.306178,
              48.676689
            ],
            [
              22.306386,
              48.676716
            ],
            [
              22.306646,
              48.67675
            ],
            [
              22.30674,
              48.676762
            ],
            [
              22.307084,
              48.676806
            ],
            [
              22.307214,
              48.676895
            ],
            [
              22.307296,
              48.676951
            ],
            [
              22.307603,
              48.67716
            ],
            [
              22.3077,
              48.677226
            ],
            [
              22.307848,
              48.677326
            ],
            [
              22.308015,
              48.67744
            ],
            [
              22.308132,
              48.67752
            ],
            [
              22.308303,
              48.677637
            ],
            [
              22.308361,
              48.677685
            ],
            [
              22.308437,
              48.677749
            ],
            [
              22.308511,
              48.677811
            ],
            [
              22.308604,
              48.677891
            ],
            [
              22.308662,
              48.67794
            ],
            [
              22.308764,
              48.678025
            ],
            [
              22.308838,
              48.678089
            ],
            [
              22.309043,
              48.678262
            ],
            [
              22.309117,
              48.678325
            ],
            [
              22.309222,
              48.678414
            ],
            [
              22.30933,
              48.678506
            ],
            [
              22.309429,
              48.67859
            ],
            [
              22.309626,
              48.678756
            ],
            [
              22.309749,
              48.678861
            ],
            [
              22.310126,
              48.678924
            ],
            [
              22.310453,
              48.678978
            ],
            [
              22.310895,
              48.679052
            ],
            [
              22.311415,
              48.679139
            ],
            [
              22.312112,
              48.679156
            ],
            [
              22.312859,
              48.679175
            ],
            [
              22.31361,
              48.679194
            ],
            [
              22.314164,
              48.679354
            ],
            [
              22.314846,
              48.679552
            ],
            [
              22.315384,
              48.67966
            ],
            [
              22.316032,
              48.67979
            ],
            [
              22.316388,
              48.679861
            ],
            [
              22.316501,
              48.679983
            ],
            [
              22.316536,
              48.680021
            ],
            [
              22.316625,
              48.680119
            ],
            [
              22.316706,
              48.680207
            ],
            [
              22.316875,
              48.680391
            ],
            [
              22.316937,
              48.68046
            ],
            [
              22.316977,
              48.680503
            ],
            [
              22.317001,
              48.680529
            ],
            [
              22.317138,
              48.680678
            ],
            [
              22.317196,
              48.680741
            ],
            [
              22.317226,
              48.680775
            ],
            [
              22.317308,
              48.680863
            ],
            [
              22.317446,
              48.680945
            ],
            [
              22.317539,
              48.681002
            ],
            [
              22.317625,
              48.681054
            ],
            [
              22.317845,
              48.681187
            ],
            [
              22.317948,
              48.68125
            ],
            [
              22.318008,
              48.681286
            ],
            [
              22.318044,
              48.681307
            ],
            [
              22.318262,
              48.681439
            ],
            [
              22.318349,
              48.681493
            ],
            [
              22.3185,
              48.681583
            ],
            [
              22.31883,
              48.681622
            ],
            [
              22.319213,
              48.681666
            ],
            [
              22.319797,
              48.681735
            ],
            [
              22.320034,
              48.681762
            ],
            [
              22.320519,
              48.681819
            ],
            [
              22.32064,
              48.681833
            ],
            [
              22.320846,
              48.681937
            ],
            [
              22.320958,
              48.681992
            ],
            [
              22.321241,
              48.682134
            ],
            [
              22.321529,
              48.682278
            ],
            [
              22.321854,
              48.682339
            ],
            [
              22.322384,
              48.682439
            ],
            [
              22.322636,
              48.682486
            ],
            [
              22.322725,
              48.682502
            ],
            [
              22.322923,
              48.682539
            ],
            [
              22.323119,
              48.682577
            ],
            [
              22.32332,
              48.682615
            ],
            [
              22.32522,
              48.682972
            ],
            [
              22.326462,
              48.682999
            ],
            [
              22.328532,
              48.682471
            ],
            [
              22.331005,
              48.682647
            ],
            [
              22.332087,
              48.682723
            ],
            [
              22.333184,
              48.682959
            ],
            [
              22.333759,
              48.683086
            ],
            [
              22.334185,
              48.683223
            ],
            [
              22.33575,
              48.683722
            ],
            [
              22.336686,
              48.683682
            ],
            [
              22.337726,
              48.683639
            ],
            [
              22.338301,
              48.683716
            ],
            [
              22.339212,
              48.683837
            ],
            [
              22.339485,
              48.683874
            ],
            [
              22.339608,
              48.683888
            ],
            [
              22.339814,
              48.684388
            ],
            [
              22.340221,
              48.685406
            ],
            [
              22.340594,
              48.686324
            ],
            [
              22.340691,
              48.686567
            ],
            [
              22.341006,
              48.687354
            ],
            [
              22.341217,
              48.687861
            ],
            [
              22.341609,
              48.688795
            ],
            [
              22.342086,
              48.689934
            ],
            [
              22.342387,
              48.690655
            ],
            [
              22.342478,
              48.690869
            ],
            [
              22.342732,
              48.691469
            ],
            [
              22.342823,
              48.691692
            ],
            [
              22.343226,
              48.692652
            ],
            [
              22.343554,
              48.693438
            ],
            [
              22.343875,
              48.694201
            ],
            [
              22.344032,
              48.694574
            ],
            [
              22.344428,
              48.695522
            ],
            [
              22.344877,
              48.696594
            ],
            [
              22.345009,
              48.696918
            ],
            [
              22.345395,
              48.697852
            ],
            [
              22.345675,
              48.698537
            ],
            [
              22.345696,
              48.698584
            ],
            [
              22.345699,
              48.698979
            ],
            [
              22.34571,
              48.699936
            ],
            [
              22.345718,
              48.700388
            ],
            [
              22.345727,
              48.701305
            ],
            [
              22.345737,
              48.701798
            ],
            [
              22.345749,
              48.702871
            ],
            [
              22.345749,
              48.702972
            ],
            [
              22.34573,
              48.703197
            ],
            [
              22.345659,
              48.704007
            ],
            [
              22.345635,
              48.704357
            ],
            [
              22.345604,
              48.705297
            ],
            [
              22.345592,
              48.705627
            ],
            [
              22.345582,
              48.705889
            ],
            [
              22.345898,
              48.706358
            ],
            [
              22.346078,
              48.706625
            ],
            [
              22.346584,
              48.707378
            ],
            [
              22.346861,
              48.707792
            ],
            [
              22.347268,
              48.708397
            ],
            [
              22.347506,
              48.708748
            ],
            [
              22.347951,
              48.709419
            ],
            [
              22.348217,
              48.70982
            ],
            [
              22.348785,
              48.71068
            ],
            [
              22.348985,
              48.710967
            ],
            [
              22.349474,
              48.711689
            ],
            [
              22.350567,
              48.713292
            ],
            [
              22.351305,
              48.714368
            ],
            [
              22.351601,
              48.714802
            ],
            [
              22.351749,
              48.715011
            ],
            [
              22.352363,
              48.715905
            ],
            [
              22.352489,
              48.716083
            ],
            [
              22.352961,
              48.716774
            ],
            [
              22.353418,
              48.717431
            ],
            [
              22.35361,
              48.71771
            ],
            [
              22.353695,
              48.717835
            ],
            [
              22.352797,
              48.718582
            ],
            [
              22.350694,
              48.720336
            ],
            [
              22.35166,
              48.721133
            ],
            [
              22.35213,
              48.721523
            ],
            [
              22.352836,
              48.722104
            ],
            [
              22.353359,
              48.722522
            ],
            [
              22.354244,
              48.723234
            ],
            [
              22.354653,
              48.723583
            ],
            [
              22.355919,
              48.724698
            ],
            [
              22.356971,
              48.725641
            ],
            [
              22.357378,
              48.725704
            ],
            [
              22.360139,
              48.72614
            ],
            [
              22.360613,
              48.727296
            ],
            [
              22.360773,
              48.727685
            ],
            [
              22.360987,
              48.728205
            ],
            [
              22.361237,
              48.728815
            ],
            [
              22.361544,
              48.729557
            ],
            [
              22.361805,
              48.730195
            ],
            [
              22.361733,
              48.730837
            ],
            [
              22.361617,
              48.731884
            ],
            [
              22.361497,
              48.732905
            ],
            [
              22.361473,
              48.733117
            ],
            [
              22.361468,
              48.733155
            ],
            [
              22.361113,
              48.733916
            ],
            [
              22.360733,
              48.734737
            ],
            [
              22.360471,
              48.73531
            ],
            [
              22.360465,
              48.735945
            ],
            [
              22.360461,
              48.736729
            ],
            [
              22.360454,
              48.737703
            ],
            [
              22.360448,
              48.738157
            ],
            [
              22.360441,
              48.738558
            ],
            [
              22.361125,
              48.739109
            ],
            [
              22.362223,
              48.740002
            ],
            [
              22.360932,
              48.741123
            ],
            [
              22.36011,
              48.741834
            ],
            [
              22.35742,
              48.742413
            ],
            [
              22.356501,
              48.742611
            ],
            [
              22.35583,
              48.74289
            ],
            [
              22.354777,
              48.743073
            ],
            [
              22.353919,
              48.743219
            ]
          ],
          [
            [
              22.34568,
              48.757811
            ],
            [
              22.345764,
              48.757977
            ],
            [
              22.345936,
              48.760462
            ],
            [
              22.346003,
              48.761046
            ],
            [
              22.34614,
              48.762795
            ],
            [
              22.346225,
              48.763767
            ],
            [
              22.346006,
              48.765241
            ],
            [
              22.345696,
              48.766147
            ],
            [
              22.347293,
              48.767543
            ],
            [
              22.347852,
              48.768253
            ],
            [
              22.348886,
              48.769587
            ],
            [
              22.349578,
              48.770472
            ],
            [
              22.350282,
              48.771619
            ],
            [
              22.350958,
              48.771837
            ],
            [
              22.351122,
              48.771893
            ],
            [
              22.351969,
              48.772332
            ],
            [
              22.354477,
              48.772529
            ],
            [
              22.355673,
              48.77247
            ],
            [
              22.356224,
              48.772444
            ],
            [
              22.357949,
              48.773001
            ],
            [
              22.358751,
              48.773966
            ],
            [
              22.359844,
              48.775299
            ],
            [
              22.361583,
              48.777407
            ],
            [
              22.362276,
              48.77825
            ],
            [
              22.363811,
              48.779117
            ],
            [
              22.364408,
              48.77953
            ],
            [
              22.365408,
              48.78003
            ],
            [
              22.366274,
              48.780472
            ],
            [
              22.366335,
              48.780499
            ],
            [
              22.367971,
              48.780863
            ],
            [
              22.368596,
              48.781004
            ],
            [
              22.370604,
              48.781649
            ],
            [
              22.370933,
              48.781756
            ],
            [
              22.372188,
              48.782112
            ],
            [
              22.373365,
              48.782448
            ],
            [
              22.373823,
              48.783712
            ],
            [
              22.374116,
              48.784511
            ],
            [
              22.37459,
              48.785454
            ],
            [
              22.374638,
              48.785525
            ],
            [
              22.374924,
              48.785763
            ],
            [
              22.375593,
              48.786341
            ],
            [
              22.376122,
              48.786559
            ],
            [
              22.377199,
              48.788451
            ],
            [
              22.376055,
              48.789173
            ],
            [
              22.376173,
              48.790203
            ],
            [
              22.37683,
              48.790694
            ],
            [
              22.37729,
              48.791151
            ],
            [
              22.377743,
              48.791598
            ],
            [
              22.378087,
              48.791958
            ],
            [
              22.378364,
              48.792548
            ],
            [
              22.378757,
              48.793395
            ],
            [
              22.378913,
              48.793904
            ],
            [
              22.379037,
              48.794547
            ],
            [
              22.379057,
              48.79464
            ],
            [
              22.379256,
              48.794799
            ],
            [
              22.380383,
              48.795716
            ],
            [
              22.380823,
              48.796456
            ],
            [
              22.380836,
              48.796474
            ],
            [
              22.381471,
              48.796735
            ],
            [
              22.382627,
              48.797215
            ],
            [
              22.384746,
              48.79809
            ],
            [
              22.385311,
              48.798306
            ],
            [
              22.386447,
              48.798729
            ],
            [
              22.387005,
              48.798933
            ],
            [
              22.38702,
              48.798946
            ],
            [
              22.387637,
              48.800027
            ],
            [
              22.387108,
              48.800934
            ],
            [
              22.386794,
              48.801448
            ],
            [
              22.38653,
              48.802909
            ],
            [
              22.385839,
              48.804925
            ],
            [
              22.38582,
              48.804958
            ],
            [
              22.38538,
              48.805574
            ],
            [
              22.38505,
              48.806483
            ],
            [
              22.385002,
              48.806582
            ],
            [
              22.384982,
              48.806877
            ],
            [
              22.384947,
              48.807524
            ],
            [
              22.384957,
              48.807621
            ],
            [
              22.385114,
              48.808269
            ],
            [
              22.385212,
              48.808707
            ],
            [
              22.385589,
              48.810371
            ],
            [
              22.385691,
              48.810837
            ],
            [
              22.385387,
              48.812917
            ],
            [
              22.385182,
              48.814322
            ],
            [
              22.384776,
              48.817107
            ],
            [
              22.384405,
              48.819675
            ],
            [
              22.383985,
              48.82247
            ],
            [
              22.383697,
              48.8245
            ],
            [
              22.38172,
              48.825694
            ],
            [
              22.380445,
              48.827477
            ],
            [
              22.379107,
              48.829261
            ],
            [
              22.378665,
              48.829974
            ],
            [
              22.377439,
              48.831922
            ],
            [
              22.376855,
              48.832857
            ],
            [
              22.376617,
              48.833247
            ],
            [
              22.375894,
              48.83405
            ],
            [
              22.375898,
              48.834849
            ],
            [
              22.375864,
              48.835751
            ],
            [
              22.376126,
              48.836441
            ],
            [
              22.379949,
              48.838859
            ],
            [
              22.379166,
              48.841078
            ],
            [
              22.37994,
              48.844341
            ],
            [
              22.380686,
              48.848175
            ],
            [
              22.381412,
              48.85233
            ],
            [
              22.382055,
              48.855983
            ],
            [
              22.381182,
              48.857478
            ],
            [
              22.381273,
              48.860039
            ],
            [
              22.382858,
              48.862106
            ],
            [
              22.383367,
              48.864296
            ],
            [
              22.383529,
              48.865025
            ],
            [
              22.384693,
              48.866726
            ],
            [
              22.386727,
              48.869673
            ],
            [
              22.389274,
              48.870363
            ],
            [
              22.390886,
              48.870811
            ],
            [
              22.392899,
              48.872214
            ],
            [
              22.394412,
              48.873277
            ],
            [
              22.394544,
              48.875166
            ],
            [
              22.394666,
              48.877085
            ],
            [
              22.400073,
              48.878498
            ],
            [
              22.407083,
              48.880322
            ],
            [
              22.412529,
              48.88176
            ],
            [
              22.417466,
              48.883036
            ],
            [
              22.41933,
              48.883534
            ],
            [
              22.421108,
              48.884607
            ],
            [
              22.421273,
              48.886404
            ],
            [
              22.421516,
              48.889011
            ],
            [
              22.421766,
              48.891989
            ],
            [
              22.421994,
              48.89463
            ],
            [
              22.422224,
              48.897344
            ],
            [
              22.422435,
              48.899793
            ],
            [
              22.422587,
              48.901501
            ],
            [
              22.421497,
              48.902274
            ],
            [
              22.421003,
              48.90294
            ],
            [
              22.420741,
              48.903463
            ],
            [
              22.421462,
              48.903867
            ],
            [
              22.422607,
              48.9043
            ],
            [
              22.423447,
              48.904583
            ],
            [
              22.423365,
              48.905198
            ],
            [
              22.423693,
              48.906114
            ],
            [
              22.423892,
              48.906647
            ],
            [
              22.423871,
              48.907444
            ],
            [
              22.423638,
              48.90816
            ],
            [
              22.424166,
              48.908758
            ],
            [
              22.424733,
              48.909317
            ],
            [
              22.425113,
              48.909696
            ],
            [
              22.425226,
              48.910588
            ],
            [
              22.424555,
              48.911698
            ],
            [
              22.424803,
              48.912599
            ],
            [
              22.426145,
              48.913574
            ],
            [
              22.426173,
              48.913843
            ],
            [
              22.425994,
              48.914234
            ],
            [
              22.426586,
              48.914787
            ],
            [
              22.42732,
              48.915491
            ],
            [
              22.428335,
              48.916164
            ],
            [
              22.42891,
              48.916535
            ],
            [
              22.429665,
              48.917033
            ],
            [
              22.430095,
              48.917417
            ],
            [
              22.430452,
              48.917735
            ],
            [
              22.430833,
              48.918078
            ],
            [
              22.431553,
              48.919255
            ],
            [
              22.431291,
              48.92103
            ],
            [
              22.431164,
              48.921894
            ],
            [
              22.428333,
              48.922943
            ],
            [
              22.42774,
              48.923512
            ],
            [
              22.426316,
              48.924365
            ],
            [
              22.425729,
              48.925301
            ],
            [
              22.425387,
              48.925954
            ],
            [
              22.425277,
              48.926169
            ],
            [
              22.425076,
              48.927957
            ],
            [
              22.424927,
              48.929332
            ],
            [
              22.426375,
              48.929865
            ],
            [
              22.428371,
              48.931814
            ],
            [
              22.429431,
              48.932966
            ],
            [
              22.431192,
              48.934889
            ],
            [
              22.433089,
              48.936955
            ],
            [
              22.435742,
              48.939825
            ],
            [
              22.438032,
              48.942307
            ],
            [
              22.440688,
              48.945216
            ],
            [
              22.442012,
              48.946635
            ],
            [
              22.443595,
              48.94836
            ],
            [
              22.44527,
              48.950171
            ],
            [
              22.44689,
              48.951921
            ],
            [
              22.449076,
              48.95432
            ],
            [
              22.451859,
              48.957336
            ],
            [
              22.454085,
              48.959745
            ],
            [
              22.457407,
              48.963349
            ],
            [
              22.460162,
              48.966358
            ],
            [
              22.462783,
              48.969204
            ],
            [
              22.465602,
              48.972274
            ],
            [
              22.466222,
              48.972945
            ],
            [
              22.46864,
              48.97372
            ],
            [
              22.469558,
              48.97431
            ],
            [
              22.47157,
              48.97445
            ],
            [
              22.473311,
              48.974931
            ],
            [
              22.473893,
              48.97509
            ],
            [
              22.474057,
              48.97514
            ],
            [
              22.475612,
              48.976282
            ],
            [
              22.475826,
              48.977803
            ],
            [
              22.47569,
              48.979396
            ],
            [
              22.476017,
              48.980545
            ],
            [
              22.476304,
              48.98144
            ],
            [
              22.476714,
              48.982487
            ],
            [
              22.477056,
              48.983292
            ],
            [
              22.477263,
              48.983773
            ],
            [
              22.477416,
              48.98414
            ],
            [
              22.477206,
              48.984872
            ],
            [
              22.477084,
              48.985311
            ],
            [
              22.477168,
              48.985961
            ],
            [
              22.477297,
              48.986975
            ],
            [
              22.477322,
              48.987184
            ],
            [
              22.477336,
              48.987423
            ],
            [
              22.477332,
              48.988406
            ],
            [
              22.477373,
              48.989085
            ],
            [
              22.477413,
              48.98956
            ],
            [
              22.477378,
              48.990157
            ],
            [
              22.477351,
              48.990563
            ],
            [
              22.477308,
              48.991194
            ],
            [
              22.478464,
              48.991847
            ],
            [
              22.47884,
              48.992061
            ],
            [
              22.479696,
              48.992835
            ],
            [
              22.481134,
              48.992898
            ],
            [
              22.482947,
              48.992974
            ],
            [
              22.483718,
              48.993008
            ],
            [
              22.484156,
              48.993026
            ],
            [
              22.485656,
              48.993148
            ],
            [
              22.486551,
              48.993225
            ],
            [
              22.486877,
              48.993298
            ],
            [
              22.488583,
              48.993699
            ],
            [
              22.490252,
              48.99409
            ],
            [
              22.49033,
              48.994111
            ],
            [
              22.491224,
              48.994557
            ],
            [
              22.491692,
              48.994967
            ],
            [
              22.492123,
              48.995342
            ],
            [
              22.492354,
              48.99555
            ],
            [
              22.492969,
              48.996083
            ],
            [
              22.493256,
              48.9964
            ],
            [
              22.494016,
              48.997265
            ],
            [
              22.494776,
              48.998134
            ],
            [
              22.495002,
              48.998389
            ],
            [
              22.495783,
              48.998631
            ],
            [
              22.496614,
              48.998889
            ],
            [
              22.497945,
              48.999108
            ],
            [
              22.500486,
              48.999526
            ],
            [
              22.502161,
              48.999669
            ],
            [
              22.503959,
              48.99982
            ],
            [
              22.505481,
              48.999918
            ],
            [
              22.508103,
              48.998924
            ],
            [
              22.510463,
              48.998043
            ],
            [
              22.510524,
              48.998019
            ],
            [
              22.511309,
              48.997831
            ],
            [
              22.512207,
              48.997551
            ],
            [
              22.512566,
              48.997438
            ],
            [
              22.513893,
              48.996637
            ],
            [
              22.515839,
              48.99667
            ],
            [
              22.520835,
              48.996752
            ],
            [
              22.522188,
              48.997137
            ],
            [
              22.522667,
              48.997833
            ],
            [
              22.523481,
              48.99851
            ],
            [
              22.525245,
              48.999876
            ],
            [
              22.525875,
              49.000344
            ],
            [
              22.526609,
              49.000805
            ],
            [
              22.52693,
              49.001011
            ],
            [
              22.527728,
              49.001344
            ],
            [
              22.529229,
              49.001994
            ],
            [
              22.52997,
              49.002308
            ],
            [
              22.530665,
              49.002654
            ],
            [
              22.53112,
              49.002898
            ],
            [
              22.532252,
              49.002966
            ],
            [
              22.532329,
              49.002971
            ],
            [
              22.533265,
              49.003198
            ],
            [
              22.535643,
              49.003773
            ],
            [
              22.538329,
              49.004419
            ],
            [
              22.539823,
              49.00478
            ],
            [
              22.540808,
              49.005018
            ],
            [
              22.541212,
              49.005115
            ],
            [
              22.54284,
              49.005651
            ],
            [
              22.544388,
              49.00615
            ],
            [
              22.544744,
              49.00626
            ],
            [
              22.545444,
              49.00674
            ],
            [
              22.545497,
              49.006776
            ],
            [
              22.544996,
              49.008122
            ],
            [
              22.543762,
              49.010198
            ],
            [
              22.54188,
              49.013345
            ],
            [
              22.540333,
              49.015913
            ],
            [
              22.539013,
              49.018104
            ],
            [
              22.538958,
              49.01891
            ],
            [
              22.538889,
              49.019845
            ],
            [
              22.537997,
              49.021335
            ],
            [
              22.541779,
              49.022412
            ],
            [
              22.543463,
              49.022895
            ],
            [
              22.544697,
              49.023553
            ],
            [
              22.54755,
              49.025114
            ],
            [
              22.547693,
              49.025194
            ],
            [
              22.54894,
              49.026727
            ],
            [
              22.549466,
              49.027377
            ],
            [
              22.54998,
              49.028011
            ],
            [
              22.550565,
              49.029164
            ],
            [
              22.551081,
              49.03017
            ],
            [
              22.551065,
              49.031999
            ],
            [
              22.551052,
              49.033807
            ],
            [
              22.551083,
              49.036703
            ],
            [
              22.551122,
              49.039439
            ],
            [
              22.551155,
              49.042343
            ],
            [
              22.551179,
              49.045387
            ],
            [
              22.551211,
              49.049913
            ],
            [
              22.551275,
              49.053937
            ],
            [
              22.551266,
              49.056754
            ],
            [
              22.551316,
              49.059146
            ],
            [
              22.551346,
              49.061331
            ],
            [
              22.551397,
              49.062572
            ],
            [
              22.551464,
              49.064516
            ],
            [
              22.551506,
              49.065518
            ],
            [
              22.551594,
              49.066768
            ],
            [
              22.551655,
              49.06766
            ],
            [
              22.551702,
              49.068321
            ],
            [
              22.551912,
              49.069645
            ],
            [
              22.552021,
              49.070284
            ],
            [
              22.552279,
              49.072024
            ],
            [
              22.552384,
              49.072843
            ],
            [
              22.552587,
              49.074379
            ],
            [
              22.552696,
              49.075201
            ],
            [
              22.552883,
              49.076702
            ],
            [
              22.553022,
              49.077678
            ],
            [
              22.553246,
              49.079478
            ],
            [
              22.554808,
              49.079225
            ],
            [
              22.556797,
              49.079773
            ],
            [
              22.558134,
              49.080149
            ],
            [
              22.55906,
              49.080332
            ],
            [
              22.562581,
              49.08103
            ],
            [
              22.56475,
              49.082694
            ],
            [
              22.565591,
              49.083675
            ],
            [
              22.565557,
              49.086893
            ],
            [
              22.56556,
              49.087478
            ],
            [
              22.565685,
              49.088004
            ],
            [
              22.565736,
              49.087998
            ],
            [
              22.566421,
              49.088237
            ],
            [
              22.566975,
              49.088432
            ],
            [
              22.567476,
              49.088574
            ],
            [
              22.567862,
              49.088681
            ],
            [
              22.568193,
              49.088836
            ],
            [
              22.568365,
              49.088918
            ],
            [
              22.568703,
              49.089518
            ],
            [
              22.569224,
              49.090457
            ],
            [
              22.570103,
              49.091071
            ],
            [
              22.571095,
              49.091165
            ],
            [
              22.572491,
              49.091681
            ],
            [
              22.573036,
              49.091882
            ],
            [
              22.574291,
              49.092601
            ],
            [
              22.575329,
              49.093167
            ],
            [
              22.575948,
              49.093499
            ],
            [
              22.576344,
              49.093694
            ],
            [
              22.576806,
              49.093913
            ],
            [
              22.577132,
              49.094062
            ],
            [
              22.577545,
              49.094264
            ],
            [
              22.577719,
              49.09438
            ],
            [
              22.578657,
              49.095052
            ],
            [
              22.578986,
              49.095292
            ],
            [
              22.579064,
              49.09534
            ],
            [
              22.579274,
              49.095803
            ],
            [
              22.579422,
              49.09614
            ],
            [
              22.580071,
              49.09639
            ],
            [
              22.58235,
              49.097274
            ],
            [
              22.582474,
              49.097322
            ],
            [
              22.582872,
              49.097233
            ],
            [
              22.583644,
              49.096998
            ],
            [
              22.584175,
              49.097259
            ],
            [
              22.584479,
              49.097311
            ],
            [
              22.585133,
              49.097092
            ],
            [
              22.586073,
              49.096968
            ],
            [
              22.586718,
              49.096433
            ],
            [
              22.5871,
              49.096368
            ],
            [
              22.587613,
              49.096269
            ],
            [
              22.588247,
              49.09606
            ],
            [
              22.589135,
              49.09577
            ],
            [
              22.590238,
              49.095409
            ],
            [
              22.590686,
              49.095261
            ],
            [
              22.591228,
              49.095126
            ],
            [
              22.591633,
              49.095031
            ],
            [
              22.592313,
              49.094929
            ],
            [
              22.593276,
              49.094784
            ],
            [
              22.593881,
              49.094693
            ],
            [
              22.594085,
              49.094664
            ],
            [
              22.59534,
              49.09462
            ],
            [
              22.596645,
              49.094117
            ],
            [
              22.597963,
              49.093859
            ],
            [
              22.598822,
              49.093692
            ],
            [
              22.599811,
              49.093498
            ],
            [
              22.600466,
              49.092783
            ],
            [
              22.601092,
              49.092102
            ],
            [
              22.601284,
              49.091406
            ],
            [
              22.601421,
              49.090902
            ],
            [
              22.602291,
              49.090051
            ],
            [
              22.602377,
              49.089967
            ],
            [
              22.602376,
              49.089457
            ],
            [
              22.602685,
              49.088647
            ],
            [
              22.602761,
              49.088443
            ],
            [
              22.603108,
              49.08751
            ],
            [
              22.603459,
              49.086987
            ],
            [
              22.604256,
              49.08625
            ],
            [
              22.604412,
              49.08611
            ],
            [
              22.604639,
              49.085652
            ],
            [
              22.604819,
              49.085145
            ],
            [
              22.605031,
              49.084512
            ],
            [
              22.607017,
              49.084283
            ],
            [
              22.608359,
              49.084128
            ],
            [
              22.609776,
              49.084184
            ],
            [
              22.610452,
              49.084208
            ],
            [
              22.610789,
              49.084224
            ],
            [
              22.612202,
              49.084172
            ],
            [
              22.613209,
              49.084143
            ],
            [
              22.614328,
              49.083179
            ],
            [
              22.6149,
              49.08267
            ],
            [
              22.615255,
              49.082389
            ],
            [
              22.616719,
              49.081825
            ],
            [
              22.617913,
              49.081353
            ],
            [
              22.618317,
              49.081188
            ],
            [
              22.619258,
              49.080963
            ],
            [
              22.620527,
              49.080999
            ],
            [
              22.621106,
              49.080864
            ],
            [
              22.621686,
              49.080724
            ],
            [
              22.622625,
              49.080612
            ],
            [
              22.623989,
              49.080465
            ],
            [
              22.624775,
              49.0804
            ],
            [
              22.625668,
              49.080324
            ],
            [
              22.626673,
              49.079601
            ],
            [
              22.627913,
              49.078663
            ],
            [
              22.628236,
              49.078079
            ],
            [
              22.628716,
              49.077223
            ],
            [
              22.629536,
              49.076762
            ],
            [
              22.630144,
              49.076423
            ],
            [
              22.630745,
              49.076031
            ],
            [
              22.63116,
              49.075764
            ],
            [
              22.63123,
              49.07521
            ],
            [
              22.631253,
              49.075057
            ],
            [
              22.631257,
              49.074993
            ],
            [
              22.631444,
              49.07457
            ],
            [
              22.631934,
              49.073862
            ],
            [
              22.632186,
              49.073487
            ],
            [
              22.632249,
              49.073403
            ],
            [
              22.632402,
              49.073104
            ],
            [
              22.632501,
              49.072916
            ],
            [
              22.63169,
              49.071911
            ],
            [
              22.631966,
              49.071328
            ],
            [
              22.632181,
              49.070882
            ],
            [
              22.632824,
              49.070361
            ],
            [
              22.633123,
              49.069963
            ],
            [
              22.633551,
              49.069382
            ],
            [
              22.633977,
              49.068808
            ],
            [
              22.633951,
              49.068657
            ],
            [
              22.633878,
              49.067835
            ],
            [
              22.633825,
              49.067287
            ],
            [
              22.633997,
              49.066887
            ],
            [
              22.635418,
              49.066301
            ],
            [
              22.636217,
              49.065292
            ],
            [
              22.636671,
              49.063704
            ],
            [
              22.637644,
              49.062433
            ],
            [
              22.637909,
              49.062096
            ],
            [
              22.638018,
              49.061448
            ],
            [
              22.639162,
              49.060281
            ],
            [
              22.63972,
              49.059715
            ],
            [
              22.641252,
              49.059127
            ],
            [
              22.643015,
              49.058446
            ],
            [
              22.644283,
              49.057956
            ],
            [
              22.645975,
              49.057773
            ],
            [
              22.646563,
              49.056819
            ],
            [
              22.646637,
              49.056707
            ],
            [
              22.646794,
              49.055925
            ],
            [
              22.646973,
              49.055316
            ],
            [
              22.647106,
              49.054857
            ],
            [
              22.647842,
              49.054192
            ],
            [
              22.648581,
              49.053813
            ],
            [
              22.649556,
              49.053308
            ],
            [
              22.650494,
              49.052642
            ],
            [
              22.650902,
              49.052349
            ],
            [
              22.651241,
              49.051951
            ],
            [
              22.651503,
              49.051058
            ],
            [
              22.651568,
              49.050819
            ],
            [
              22.653263,
              49.050264
            ],
            [
              22.654684,
              49.049794
            ],
            [
              22.655866,
              49.049191
            ],
            [
              22.656026,
              49.049107
            ],
            [
              22.656743,
              49.048602
            ],
            [
              22.658784,
              49.047707
            ],
            [
              22.659499,
              49.047391
            ],
            [
              22.659893,
              49.04711
            ],
            [
              22.661247,
              49.047523
            ],
            [
              22.662932,
              49.048035
            ],
            [
              22.664388,
              49.047944
            ],
            [
              22.666466,
              49.04781
            ],
            [
              22.668371,
              49.047686
            ],
            [
              22.669196,
              49.047636
            ],
            [
              22.669642,
              49.047323
            ],
            [
              22.669522,
              49.046227
            ],
            [
              22.67004,
              49.045504
            ],
            [
              22.670468,
              49.044669
            ],
            [
              22.671169,
              49.044001
            ],
            [
              22.671338,
              49.043841
            ],
            [
              22.671297,
              49.043294
            ],
            [
              22.671261,
              49.042817
            ],
            [
              22.673009,
              49.042074
            ],
            [
              22.673441,
              49.04189
            ],
            [
              22.674734,
              49.041307
            ],
            [
              22.67564,
              49.041412
            ],
            [
              22.676938,
              49.041293
            ],
            [
              22.678036,
              49.040994
            ],
            [
              22.678527,
              49.040859
            ],
            [
              22.678897,
              49.040744
            ],
            [
              22.679759,
              49.040481
            ],
            [
              22.679944,
              49.04042
            ],
            [
              22.680157,
              49.039999
            ],
            [
              22.680171,
              49.039626
            ],
            [
              22.680189,
              49.039381
            ],
            [
              22.680788,
              49.039228
            ],
            [
              22.681163,
              49.039139
            ],
            [
              22.681664,
              49.039017
            ],
            [
              22.681806,
              49.038981
            ],
            [
              22.683324,
              49.038863
            ],
            [
              22.684296,
              49.039218
            ],
            [
              22.684821,
              49.039411
            ],
            [
              22.68566,
              49.039568
            ],
            [
              22.686493,
              49.03973
            ],
            [
              22.68713,
              49.040286
            ],
            [
              22.687348,
              49.040478
            ],
            [
              22.687557,
              49.040706
            ],
            [
              22.687751,
              49.040924
            ],
            [
              22.68813,
              49.041263
            ],
            [
              22.688246,
              49.041363
            ],
            [
              22.688443,
              49.041613
            ],
            [
              22.688652,
              49.041893
            ],
            [
              22.688792,
              49.04208
            ],
            [
              22.689177,
              49.042354
            ],
            [
              22.689565,
              49.042635
            ],
            [
              22.689837,
              49.042817
            ],
            [
              22.690121,
              49.042997
            ],
            [
              22.690283,
              49.043102
            ],
            [
              22.690564,
              49.043226
            ],
            [
              22.690799,
              49.043334
            ],
            [
              22.691049,
              49.043464
            ],
            [
              22.691253,
              49.043567
            ],
            [
              22.691435,
              49.043662
            ],
            [
              22.691642,
              49.043769
            ],
            [
              22.691815,
              49.04388
            ],
            [
              22.692033,
              49.044014
            ],
            [
              22.692214,
              49.044133
            ],
            [
              22.692347,
              49.044216
            ],
            [
              22.69276,
              49.044474
            ],
            [
              22.693006,
              49.044631
            ],
            [
              22.693241,
              49.044755
            ],
            [
              22.69351,
              49.044895
            ],
            [
              22.693693,
              49.044995
            ],
            [
              22.693914,
              49.045113
            ],
            [
              22.694052,
              49.0452
            ],
            [
              22.694272,
              49.045335
            ],
            [
              22.694491,
              49.045476
            ],
            [
              22.694754,
              49.045728
            ],
            [
              22.69491,
              49.045878
            ],
            [
              22.695052,
              49.046017
            ],
            [
              22.695122,
              49.046078
            ],
            [
              22.695306,
              49.046228
            ],
            [
              22.69565,
              49.046498
            ],
            [
              22.695886,
              49.046687
            ],
            [
              22.696022,
              49.046797
            ],
            [
              22.696138,
              49.046886
            ],
            [
              22.69626,
              49.046987
            ],
            [
              22.696392,
              49.04709
            ],
            [
              22.696439,
              49.047134
            ],
            [
              22.696679,
              49.047472
            ],
            [
              22.696854,
              49.047719
            ],
            [
              22.69699,
              49.047911
            ],
            [
              22.697096,
              49.048057
            ],
            [
              22.697289,
              49.048296
            ],
            [
              22.697402,
              49.048415
            ],
            [
              22.697873,
              49.048927
            ],
            [
              22.69833,
              49.049371
            ],
            [
              22.698342,
              49.049388
            ],
            [
              22.698748,
              49.049559
            ],
            [
              22.699104,
              49.0497
            ],
            [
              22.699555,
              49.049758
            ],
            [
              22.699876,
              49.0498
            ],
            [
              22.700179,
              49.049834
            ],
            [
              22.700496,
              49.049875
            ],
            [
              22.702054,
              49.050074
            ],
            [
              22.702831,
              49.05017
            ],
            [
              22.703568,
              49.050263
            ],
            [
              22.704185,
              49.050342
            ],
            [
              22.70557,
              49.050517
            ],
            [
              22.706286,
              49.050605
            ],
            [
              22.707133,
              49.050712
            ],
            [
              22.707822,
              49.050802
            ],
            [
              22.708252,
              49.050839
            ],
            [
              22.708603,
              49.050877
            ],
            [
              22.710165,
              49.05103
            ],
            [
              22.714242,
              49.051433
            ],
            [
              22.714648,
              49.051472
            ],
            [
              22.715021,
              49.051623
            ],
            [
              22.715711,
              49.0519
            ],
            [
              22.716322,
              49.052147
            ],
            [
              22.717576,
              49.052654
            ],
            [
              22.717871,
              49.052774
            ],
            [
              22.717874,
              49.05277
            ],
            [
              22.718217,
              49.05267
            ],
            [
              22.718623,
              49.05255
            ],
            [
              22.718905,
              49.052466
            ],
            [
              22.719614,
              49.052259
            ],
            [
              22.720031,
              49.052135
            ],
            [
              22.720205,
              49.052131
            ],
            [
              22.720723,
              49.052121
            ],
            [
              22.721028,
              49.052055
            ],
            [
              22.721299,
              49.051997
            ],
            [
              22.7214,
              49.051914
            ],
            [
              22.721604,
              49.051744
            ],
            [
              22.721793,
              49.051587
            ],
            [
              22.721865,
              49.051528
            ],
            [
              22.721984,
              49.05145
            ],
            [
              22.722074,
              49.05139
            ],
            [
              22.722238,
              49.051286
            ],
            [
              22.722352,
              49.051212
            ],
            [
              22.722586,
              49.05106
            ],
            [
              22.722798,
              49.051084
            ],
            [
              22.723132,
              49.05112
            ],
            [
              22.723242,
              49.051133
            ],
            [
              22.723761,
              49.05119
            ],
            [
              22.724179,
              49.051236
            ],
            [
              22.72429,
              49.05125
            ],
            [
              22.724382,
              49.051163
            ],
            [
              22.724545,
              49.051008
            ],
            [
              22.724671,
              49.05089
            ],
            [
              22.72475,
              49.050816
            ],
            [
              22.724985,
              49.050594
            ],
            [
              22.725133,
              49.050457
            ],
            [
              22.72539,
              49.050214
            ],
            [
              22.725531,
              49.05008
            ],
            [
              22.725799,
              49.049829
            ],
            [
              22.725988,
              49.049651
            ],
            [
              22.726266,
              49.049389
            ],
            [
              22.726411,
              49.049256
            ],
            [
              22.726648,
              49.049031
            ],
            [
              22.726804,
              49.048884
            ],
            [
              22.727056,
              49.048649
            ],
            [
              22.727477,
              49.048253
            ],
            [
              22.727789,
              49.04827
            ],
            [
              22.728169,
              49.048291
            ],
            [
              22.728551,
              49.04831
            ],
            [
              22.728864,
              49.048328
            ],
            [
              22.729058,
              49.048338
            ],
            [
              22.729469,
              49.048369
            ],
            [
              22.729948,
              49.048407
            ],
            [
              22.730305,
              49.048435
            ],
            [
              22.730433,
              49.048445
            ],
            [
              22.730815,
              49.048475
            ],
            [
              22.73112,
              49.048498
            ],
            [
              22.731355,
              49.048517
            ],
            [
              22.731536,
              49.048531
            ],
            [
              22.731652,
              49.04854
            ],
            [
              22.732128,
              49.048577
            ],
            [
              22.732628,
              49.048617
            ],
            [
              22.733017,
              49.048647
            ],
            [
              22.733486,
              49.048683
            ],
            [
              22.733701,
              49.048699
            ],
            [
              22.733805,
              49.048708
            ],
            [
              22.733819,
              49.048709
            ],
            [
              22.733932,
              49.048731
            ],
            [
              22.734141,
              49.048775
            ],
            [
              22.734496,
              49.048847
            ],
            [
              22.734853,
              49.04892
            ],
            [
              22.73507,
              49.048964
            ],
            [
              22.735246,
              49.049
            ],
            [
              22.735388,
              49.049029
            ],
            [
              22.735492,
              49.048991
            ],
            [
              22.735835,
              49.048866
            ],
            [
              22.736017,
              49.048799
            ],
            [
              22.736034,
              49.048793
            ],
            [
              22.736185,
              49.048764
            ],
            [
              22.736484,
              49.048707
            ],
            [
              22.736698,
              49.048667
            ],
            [
              22.737076,
              49.048595
            ],
            [
              22.737423,
              49.04853
            ],
            [
              22.737656,
              49.048485
            ],
            [
              22.738061,
              49.048409
            ],
            [
              22.738261,
              49.048343
            ],
            [
              22.738539,
              49.048252
            ],
            [
              22.738839,
              49.048155
            ],
            [
              22.738847,
              49.048152
            ],
            [
              22.738947,
              49.048102
            ],
            [
              22.739364,
              49.047889
            ],
            [
              22.73973,
              49.047703
            ],
            [
              22.740484,
              49.047319
            ],
            [
              22.740793,
              49.047162
            ],
            [
              22.741573,
              49.046764
            ],
            [
              22.741902,
              49.046481
            ],
            [
              22.742286,
              49.046148
            ],
            [
              22.742518,
              49.045947
            ],
            [
              22.742715,
              49.045774
            ],
            [
              22.74302,
              49.045684
            ],
            [
              22.744014,
              49.045388
            ],
            [
              22.744283,
              49.045436
            ],
            [
              22.744981,
              49.045562
            ],
            [
              22.745366,
              49.045631
            ],
            [
              22.745714,
              49.045692
            ],
            [
              22.74587,
              49.045721
            ],
            [
              22.746658,
              49.045591
            ],
            [
              22.747426,
              49.045464
            ],
            [
              22.747983,
              49.045373
            ],
            [
              22.748702,
              49.045254
            ],
            [
              22.749027,
              49.045032
            ],
            [
              22.749552,
              49.044675
            ],
            [
              22.749627,
              49.044623
            ],
            [
              22.749734,
              49.044541
            ],
            [
              22.749959,
              49.044367
            ],
            [
              22.750188,
              49.044193
            ],
            [
              22.750452,
              49.043991
            ],
            [
              22.750749,
              49.043763
            ],
            [
              22.751155,
              49.043452
            ],
            [
              22.751297,
              49.043344
            ],
            [
              22.751441,
              49.043234
            ],
            [
              22.751551,
              49.043148
            ],
            [
              22.751619,
              49.043098
            ],
            [
              22.751752,
              49.042995
            ],
            [
              22.75185,
              49.042922
            ],
            [
              22.751934,
              49.042856
            ],
            [
              22.752019,
              49.042792
            ],
            [
              22.75229,
              49.042806
            ],
            [
              22.752519,
              49.042818
            ],
            [
              22.75301,
              49.042843
            ],
            [
              22.753308,
              49.042859
            ],
            [
              22.753737,
              49.042881
            ],
            [
              22.753961,
              49.042893
            ],
            [
              22.754418,
              49.042916
            ],
            [
              22.7548,
              49.042936
            ],
            [
              22.754967,
              49.042945
            ],
            [
              22.755153,
              49.04307
            ],
            [
              22.755458,
              49.043275
            ],
            [
              22.755833,
              49.043529
            ],
            [
              22.756089,
              49.043701
            ],
            [
              22.756376,
              49.043895
            ],
            [
              22.756676,
              49.044098
            ],
            [
              22.756725,
              49.044129
            ],
            [
              22.756847,
              49.044338
            ],
            [
              22.756984,
              49.04457
            ],
            [
              22.757031,
              49.04465
            ],
            [
              22.757127,
              49.044811
            ],
            [
              22.757187,
              49.044913
            ],
            [
              22.757214,
              49.044957
            ],
            [
              22.757282,
              49.045016
            ],
            [
              22.757447,
              49.045154
            ],
            [
              22.757591,
              49.045277
            ],
            [
              22.757815,
              49.045467
            ],
            [
              22.757934,
              49.045568
            ],
            [
              22.758062,
              49.045677
            ],
            [
              22.758139,
              49.045742
            ],
            [
              22.75823,
              49.045813
            ],
            [
              22.758302,
              49.045871
            ],
            [
              22.758558,
              49.046075
            ],
            [
              22.75863,
              49.046134
            ],
            [
              22.758819,
              49.046283
            ],
            [
              22.758908,
              49.046354
            ],
            [
              22.758956,
              49.046393
            ],
            [
              22.759123,
              49.046524
            ],
            [
              22.759253,
              49.046629
            ],
            [
              22.759442,
              49.04678
            ],
            [
              22.759589,
              49.046897
            ],
            [
              22.759817,
              49.047078
            ],
            [
              22.760085,
              49.047292
            ],
            [
              22.760147,
              49.047442
            ],
            [
              22.760225,
              49.04763
            ],
            [
              22.760306,
              49.04783
            ],
            [
              22.760386,
              49.048025
            ],
            [
              22.76046,
              49.048206
            ],
            [
              22.76054,
              49.048399
            ],
            [
              22.760618,
              49.048594
            ],
            [
              22.760694,
              49.048775
            ],
            [
              22.760792,
              49.049014
            ],
            [
              22.760896,
              49.049268
            ],
            [
              22.76101,
              49.049546
            ],
            [
              22.761115,
              49.049805
            ],
            [
              22.761225,
              49.050071
            ],
            [
              22.76131,
              49.05028
            ],
            [
              22.761347,
              49.050419
            ],
            [
              22.761407,
              49.050658
            ],
            [
              22.761466,
              49.050899
            ],
            [
              22.761511,
              49.051077
            ],
            [
              22.761545,
              49.051218
            ],
            [
              22.76158,
              49.051357
            ],
            [
              22.761609,
              49.051473
            ],
            [
              22.761624,
              49.051535
            ],
            [
              22.761671,
              49.051728
            ],
            [
              22.761694,
              49.051817
            ],
            [
              22.761734,
              49.051979
            ],
            [
              22.761755,
              49.052063
            ],
            [
              22.761766,
              49.052109
            ],
            [
              22.7619,
              49.052172
            ],
            [
              22.762032,
              49.052235
            ],
            [
              22.762241,
              49.052333
            ],
            [
              22.762431,
              49.052424
            ],
            [
              22.762752,
              49.052576
            ],
            [
              22.76289,
              49.052641
            ],
            [
              22.763217,
              49.052796
            ],
            [
              22.76332,
              49.052844
            ],
            [
              22.763383,
              49.052874
            ],
            [
              22.763663,
              49.053007
            ],
            [
              22.763785,
              49.053065
            ],
            [
              22.7639,
              49.05312
            ],
            [
              22.763944,
              49.05314
            ],
            [
              22.764272,
              49.053295
            ],
            [
              22.764437,
              49.053327
            ],
            [
              22.764709,
              49.053379
            ],
            [
              22.765165,
              49.053466
            ],
            [
              22.765405,
              49.053512
            ],
            [
              22.765495,
              49.053529
            ],
            [
              22.765775,
              49.053419
            ],
            [
              22.766192,
              49.053255
            ],
            [
              22.766435,
              49.05316
            ],
            [
              22.766732,
              49.053043
            ],
            [
              22.766875,
              49.052995
            ],
            [
              22.767756,
              49.052716
            ],
            [
              22.768097,
              49.052606
            ],
            [
              22.769327,
              49.052217
            ],
            [
              22.769416,
              49.05219
            ],
            [
              22.769817,
              49.052184
            ],
            [
              22.770149,
              49.052179
            ],
            [
              22.771736,
              49.052153
            ],
            [
              22.773047,
              49.051817
            ],
            [
              22.77375,
              49.051481
            ],
            [
              22.774773,
              49.050991
            ],
            [
              22.775172,
              49.0508
            ],
            [
              22.775454,
              49.050665
            ],
            [
              22.775656,
              49.050569
            ],
            [
              22.776369,
              49.050228
            ],
            [
              22.776926,
              49.049961
            ],
            [
              22.777358,
              49.049755
            ],
            [
              22.777868,
              49.049513
            ],
            [
              22.777993,
              49.049451
            ],
            [
              22.778669,
              49.049207
            ],
            [
              22.779493,
              49.048906
            ],
            [
              22.780602,
              49.048502
            ],
            [
              22.781307,
              49.048243
            ],
            [
              22.781695,
              49.048106
            ],
            [
              22.783867,
              49.047308
            ],
            [
              22.785205,
              49.046825
            ],
            [
              22.786231,
              49.046452
            ],
            [
              22.787389,
              49.044972
            ],
            [
              22.791019,
              49.043128
            ],
            [
              22.792263,
              49.042116
            ],
            [
              22.79299,
              49.04153
            ],
            [
              22.794493,
              49.039911
            ],
            [
              22.794877,
              49.039494
            ],
            [
              22.796131,
              49.038815
            ],
            [
              22.798327,
              49.037624
            ],
            [
              22.799675,
              49.036888
            ],
            [
              22.800146,
              49.036633
            ],
            [
              22.80311,
              49.036194
            ],
            [
              22.807621,
              49.035119
            ],
            [
              22.809508,
              49.034641
            ],
            [
              22.809616,
              49.032647
            ],
            [
              22.809716,
              49.031076
            ],
            [
              22.811379,
              49.029329
            ],
            [
              22.811839,
              49.028274
            ],
            [
              22.81221,
              49.027402
            ],
            [
              22.81319,
              49.025137
            ],
            [
              22.816777,
              49.024867
            ],
            [
              22.81961,
              49.02464
            ],
            [
              22.822614,
              49.022982
            ],
            [
              22.824307,
              49.022762
            ],
            [
              22.825108,
              49.023033
            ],
            [
              22.826172,
              49.023654
            ],
            [
              22.826543,
              49.023962
            ],
            [
              22.827054,
              49.02436
            ],
            [
              22.827445,
              49.024501
            ],
            [
              22.828433,
              49.024933
            ],
            [
              22.829319,
              49.025119
            ],
            [
              22.83017,
              49.02525
            ],
            [
              22.83097,
              49.025291
            ],
            [
              22.831205,
              49.025304
            ],
            [
              22.832,
              49.025507
            ],
            [
              22.833758,
              49.02608
            ],
            [
              22.834214,
              49.02491
            ],
            [
              22.834251,
              49.024829
            ],
            [
              22.834911,
              49.023795
            ],
            [
              22.835826,
              49.022458
            ],
            [
              22.836653,
              49.021899
            ],
            [
              22.83847,
              49.021259
            ],
            [
              22.839546,
              49.019859
            ],
            [
              22.839869,
              49.019201
            ],
            [
              22.840642,
              49.018021
            ],
            [
              22.840935,
              49.01721
            ],
            [
              22.841279,
              49.016485
            ],
            [
              22.841225,
              49.015876
            ],
            [
              22.842156,
              49.014657
            ],
            [
              22.842263,
              49.014151
            ],
            [
              22.842438,
              49.013577
            ],
            [
              22.842619,
              49.013052
            ],
            [
              22.84334,
              49.012754
            ],
            [
              22.844061,
              49.011984
            ],
            [
              22.844458,
              49.011414
            ],
            [
              22.843762,
              49.010628
            ],
            [
              22.844864,
              49.009119
            ],
            [
              22.844064,
              49.008205
            ],
            [
              22.843991,
              49.006956
            ],
            [
              22.84433,
              49.005529
            ],
            [
              22.843974,
              49.004919
            ],
            [
              22.846812,
              49.003528
            ],
            [
              22.847097,
              49.002391
            ],
            [
              22.847386,
              49.002498
            ],
            [
              22.84951,
              49.002791
            ],
            [
              22.852333,
              49.003169
            ],
            [
              22.855842,
              49.0025
            ],
            [
              22.856358,
              49.002402
            ],
            [
              22.859651,
              49.002048
            ],
            [
              22.860964,
              49.00228
            ],
            [
              22.863672,
              49.002756
            ],
            [
              22.863782,
              49.002782
            ],
            [
              22.866488,
              49.00284
            ],
            [
              22.867831,
              49.002866
            ],
            [
              22.86877,
              49.003547
            ],
            [
              22.868719,
              49.003536
            ],
            [
              22.868689,
              49.003536
            ],
            [
              22.868778,
              49.003546
            ]
          ],
          [
            [
              22.155181,
              48.403407
            ],
            [
              22.155181,
              48.405945
            ],
            [
              22.155399,
              48.408353
            ],
            [
              22.156261,
              48.409362
            ],
            [
              22.15753,
              48.4101
            ],
            [
              22.159034,
              48.410714
            ],
            [
              22.160351,
              48.411265
            ],
            [
              22.162544,
              48.411952
            ],
            [
              22.163469,
              48.412243
            ],
            [
              22.165396,
              48.412596
            ],
            [
              22.167746,
              48.413002
            ],
            [
              22.169485,
              48.413252
            ],
            [
              22.170598,
              48.413387
            ],
            [
              22.171695,
              48.413439
            ],
            [
              22.173481,
              48.413481
            ],
            [
              22.175471,
              48.413481
            ],
            [
              22.176521,
              48.413501
            ],
            [
              22.177429,
              48.413543
            ],
            [
              22.178683,
              48.413668
            ],
            [
              22.180344,
              48.413959
            ],
            [
              22.181942,
              48.414229
            ],
            [
              22.182976,
              48.414489
            ],
            [
              22.184371,
              48.414916
            ],
            [
              22.185405,
              48.4153
            ],
            [
              22.186486,
              48.415706
            ],
            [
              22.188664,
              48.416652
            ],
            [
              22.190262,
              48.417796
            ],
            [
              22.191876,
              48.418982
            ],
            [
              22.19338,
              48.420126
            ],
            [
              22.197535,
              48.42242
            ],
            [
              22.199572,
              48.423532
            ],
            [
              22.201828,
              48.424385
            ],
            [
              22.205244,
              48.425321
            ],
            [
              22.207077,
              48.425684
            ],
            [
              22.209976,
              48.425757
            ],
            [
              22.212358,
              48.425476
            ],
            [
              22.213047,
              48.425321
            ],
            [
              22.214535,
              48.424842
            ],
            [
              22.215679,
              48.424364
            ],
            [
              22.216666,
              48.423574
            ],
            [
              22.218343,
              48.421629
            ],
            [
              22.219722,
              48.420142
            ],
            [
              22.220928,
              48.419144
            ],
            [
              22.223827,
              48.416742
            ],
            [
              22.226096,
              48.414482
            ],
            [
              22.227804,
              48.413317
            ],
            [
              22.230092,
              48.412318
            ],
            [
              22.23216,
              48.411434
            ],
            [
              22.233178,
              48.410977
            ],
            [
              22.236061,
              48.410238
            ],
            [
              22.237252,
              48.409989
            ],
            [
              22.239242,
              48.409739
            ],
            [
              22.240872,
              48.40949
            ],
            [
              22.242484,
              48.409588
            ],
            [
              22.244991,
              48.409931
            ],
            [
              22.247984,
              48.410399
            ],
            [
              22.249989,
              48.410649
            ],
            [
              22.252731,
              48.410815
            ],
            [
              22.25494,
              48.41094
            ],
            [
              22.257212,
              48.411075
            ],
            [
              22.259531,
              48.411065
            ],
            [
              22.262461,
              48.410628
            ],
            [
              22.263997,
              48.410316
            ],
            [
              22.264624,
              48.410098
            ],
            [
              22.265141,
              48.409827
            ],
            [
              22.265407,
              48.409463
            ],
            [
              22.265579,
              48.408985
            ],
            [
              22.265611,
              48.408194
            ],
            [
              22.265517,
              48.407757
            ],
            [
              22.265078,
              48.406904
            ],
            [
              22.264232,
              48.404731
            ],
            [
              22.26337,
              48.402952
            ],
            [
              22.262947,
              48.402088
            ],
            [
              22.261866,
              48.400207
            ],
            [
              22.260283,
              48.398106
            ],
            [
              22.259437,
              48.396961
            ],
            [
              22.257588,
              48.394714
            ],
            [
              22.256429,
              48.393414
            ],
            [
              22.25596,
              48.392884
            ],
            [
              22.255161,
              48.392302
            ],
            [
              22.254597,
              48.391906
            ],
            [
              22.253218,
              48.391313
            ],
            [
              22.251494,
              48.390751
            ],
            [
              22.249081,
              48.390325
            ],
            [
              22.248705,
              48.390314
            ],
            [
              22.248298,
              48.390241
            ],
            [
              22.24601,
              48.389784
            ],
            [
              22.244318,
              48.389191
            ],
            [
              22.243488,
              48.38918
            ],
            [
              22.242861,
              48.389159
            ],
            [
              22.241446,
              48.38888
            ],
            [
              22.240741,
              48.388568
            ],
            [
              22.240334,
              48.388381
            ],
            [
              22.239566,
              48.387819
            ],
            [
              22.23941,
              48.387517
            ],
            [
              22.239347,
              48.387174
            ],
            [
              22.239723,
              48.386487
            ],
            [
              22.240976,
              48.385405
            ],
            [
              22.241932,
              48.384822
            ],
            [
              22.242716,
              48.384448
            ],
            [
              22.244596,
              48.383865
            ],
            [
              22.245364,
              48.383553
            ],
            [
              22.246476,
              48.383116
            ],
            [
              22.248402,
              48.382135
            ],
            [
              22.250329,
              48.381095
            ],
            [
              22.251911,
              48.379898
            ],
            [
              22.253416,
              48.378462
            ],
            [
              22.254215,
              48.377515
            ],
            [
              22.254967,
              48.376214
            ],
            [
              22.255844,
              48.374569
            ],
            [
              22.258241,
              48.370874
            ],
            [
              22.260529,
              48.368126
            ],
            [
              22.261877,
              48.366513
            ],
            [
              22.264196,
              48.36415
            ],
            [
              22.265637,
              48.362713
            ],
            [
              22.267401,
              48.360879
            ],
            [
              22.275032,
              48.359515
            ],
            [
              22.285436,
              48.357652
            ],
            [
              22.294383,
              48.35609
            ],
            [
              22.297203,
              48.354403
            ],
            [
              22.299647,
              48.353445
            ],
            [
              22.305413,
              48.353633
            ],
            [
              22.317556,
              48.353997
            ],
            [
              22.317697,
              48.353466
            ],
            [
              22.31765,
              48.352498
            ],
            [
              22.318183,
              48.351977
            ],
            [
              22.319343,
              48.35104
            ],
            [
              22.319687,
              48.350686
            ],
            [
              22.319813,
              48.35002
            ],
            [
              22.319797,
              48.349645
            ],
            [
              22.319484,
              48.349207
            ],
            [
              22.317823,
              48.346364
            ],
            [
              22.317227,
              48.345302
            ],
            [
              22.317118,
              48.344886
            ],
            [
              22.317384,
              48.344052
            ],
            [
              22.319954,
              48.339324
            ],
            [
              22.320126,
              48.338803
            ],
            [
              22.320079,
              48.338449
            ],
            [
              22.319076,
              48.336324
            ],
            [
              22.315647,
              48.329134
            ],
            [
              22.31502,
              48.328488
            ],
            [
              22.314675,
              48.328207
            ],
            [
              22.314174,
              48.328071
            ],
            [
              22.313281,
              48.327821
            ],
            [
              22.312701,
              48.327248
            ],
            [
              22.312795,
              48.326428
            ],
            [
              22.313093,
              48.325251
            ],
            [
              22.313328,
              48.324803
            ],
            [
              22.314127,
              48.324137
            ],
            [
              22.315224,
              48.323438
            ],
            [
              22.316242,
              48.323136
            ],
            [
              22.316681,
              48.323095
            ],
            [
              22.317809,
              48.32299
            ],
            [
              22.318358,
              48.322918
            ],
            [
              22.318608,
              48.322813
            ],
            [
              22.318984,
              48.322511
            ],
            [
              22.319298,
              48.322084
            ],
            [
              22.319407,
              48.321688
            ],
            [
              22.319407,
              48.321334
            ],
            [
              22.319407,
              48.32099
            ],
            [
              22.319204,
              48.320594
            ],
            [
              22.319031,
              48.320344
            ],
            [
              22.318749,
              48.31999
            ],
            [
              22.318655,
              48.319677
            ],
            [
              22.318718,
              48.319386
            ],
            [
              22.319,
              48.319135
            ],
            [
              22.319345,
              48.318906
            ],
            [
              22.319376,
              48.318469
            ],
            [
              22.319,
              48.31826
            ],
            [
              22.318671,
              48.318104
            ],
            [
              22.318452,
              48.31801
            ],
            [
              22.318185,
              48.317781
            ],
            [
              22.318123,
              48.317656
            ],
            [
              22.31806,
              48.317395
            ],
            [
              22.318358,
              48.316999
            ],
            [
              22.318446,
              48.316933
            ],
            [
              22.319517,
              48.316348
            ],
            [
              22.320013,
              48.31611
            ],
            [
              22.320492,
              48.31591
            ],
            [
              22.320749,
              48.315657
            ],
            [
              22.320762,
              48.315152
            ],
            [
              22.320792,
              48.31484
            ],
            [
              22.320818,
              48.314637
            ],
            [
              22.321052,
              48.314423
            ],
            [
              22.321205,
              48.314347
            ],
            [
              22.321391,
              48.314299
            ],
            [
              22.321766,
              48.314241
            ],
            [
              22.322187,
              48.31418
            ],
            [
              22.322539,
              48.314141
            ],
            [
              22.322887,
              48.314024
            ],
            [
              22.323187,
              48.313697
            ],
            [
              22.323454,
              48.31309
            ],
            [
              22.323702,
              48.312782
            ],
            [
              22.324048,
              48.312533
            ],
            [
              22.324393,
              48.312335
            ],
            [
              22.324739,
              48.312105
            ],
            [
              22.324892,
              48.311995
            ],
            [
              22.325156,
              48.311884
            ],
            [
              22.325407,
              48.311839
            ],
            [
              22.325762,
              48.311828
            ],
            [
              22.326205,
              48.311871
            ],
            [
              22.327118,
              48.312001
            ],
            [
              22.327522,
              48.31204
            ],
            [
              22.32791,
              48.31204
            ],
            [
              22.328119,
              48.312017
            ],
            [
              22.328454,
              48.311778
            ],
            [
              22.328298,
              48.311347
            ],
            [
              22.327985,
              48.310805
            ],
            [
              22.327959,
              48.310722
            ],
            [
              22.328194,
              48.310345
            ],
            [
              22.328539,
              48.31018
            ],
            [
              22.329712,
              48.310115
            ],
            [
              22.330231,
              48.309964
            ],
            [
              22.330397,
              48.30989
            ],
            [
              22.330553,
              48.309812
            ],
            [
              22.33099,
              48.309372
            ],
            [
              22.331442,
              48.309002
            ],
            [
              22.331579,
              48.308951
            ],
            [
              22.331905,
              48.308877
            ],
            [
              22.332402,
              48.30882
            ],
            [
              22.332779,
              48.308797
            ],
            [
              22.333276,
              48.308694
            ],
            [
              22.333652,
              48.308614
            ],
            [
              22.333884,
              48.308597
            ],
            [
              22.33474,
              48.308438
            ],
            [
              22.335366,
              48.308301
            ],
            [
              22.336162,
              48.308142
            ],
            [
              22.336454,
              48.308022
            ],
            [
              22.336736,
              48.307771
            ],
            [
              22.336813,
              48.307395
            ],
            [
              22.336565,
              48.306968
            ],
            [
              22.336411,
              48.306637
            ],
            [
              22.336368,
              48.306529
            ],
            [
              22.336334,
              48.306153
            ],
            [
              22.336445,
              48.30576
            ],
            [
              22.337148,
              48.304324
            ],
            [
              22.337405,
              48.304016
            ],
            [
              22.338107,
              48.302956
            ],
            [
              22.338107,
              48.302526
            ],
            [
              22.33791,
              48.302127
            ],
            [
              22.337627,
              48.301255
            ],
            [
              22.337721,
              48.300902
            ],
            [
              22.338604,
              48.298907
            ],
            [
              22.340082,
              48.295886
            ],
            [
              22.340134,
              48.295578
            ],
            [
              22.339997,
              48.295247
            ],
            [
              22.339234,
              48.294352
            ],
            [
              22.338125,
              48.293263
            ],
            [
              22.337525,
              48.292819
            ],
            [
              22.337276,
              48.292466
            ],
            [
              22.337328,
              48.29201
            ],
            [
              22.337611,
              48.291519
            ],
            [
              22.337628,
              48.291052
            ],
            [
              22.337139,
              48.290317
            ],
            [
              22.339331,
              48.285365
            ],
            [
              22.340565,
              48.283222
            ],
            [
              22.340744,
              48.282732
            ],
            [
              22.340676,
              48.282367
            ],
            [
              22.33904,
              48.279534
            ],
            [
              22.338661,
              48.278935
            ],
            [
              22.345531,
              48.273895
            ],
            [
              22.349237,
              48.271233
            ],
            [
              22.350702,
              48.271951
            ],
            [
              22.357555,
              48.266956
            ],
            [
              22.359679,
              48.2654
            ],
            [
              22.362875,
              48.260843
            ],
            [
              22.365676,
              48.256686
            ],
            [
              22.365304,
              48.256527
            ],
            [
              22.365357,
              48.25605
            ],
            [
              22.365729,
              48.25545
            ],
            [
              22.365463,
              48.254532
            ],
            [
              22.365729,
              48.253384
            ],
            [
              22.365808,
              48.253031
            ],
            [
              22.365835,
              48.252307
            ],
            [
              22.366153,
              48.252112
            ],
            [
              22.367373,
              48.250505
            ],
            [
              22.370686,
              48.246317
            ],
            [
              22.369359,
              48.245151
            ],
            [
              22.371746,
              48.243208
            ],
            [
              22.384397,
              48.234217
            ],
            [
              22.385087,
              48.235153
            ],
            [
              22.38514,
              48.235418
            ],
            [
              22.385246,
              48.236602
            ],
            [
              22.385352,
              48.23692
            ],
            [
              22.386015,
              48.237927
            ],
            [
              22.387023,
              48.238774
            ],
            [
              22.388614,
              48.239428
            ],
            [
              22.389596,
              48.239728
            ],
            [
              22.39063,
              48.240099
            ],
            [
              22.391797,
              48.240576
            ],
            [
              22.392139,
              48.240576
            ],
            [
              22.392802,
              48.240717
            ],
            [
              22.393703,
              48.240929
            ],
            [
              22.394101,
              48.241212
            ],
            [
              22.394579,
              48.241813
            ],
            [
              22.395162,
              48.242554
            ],
            [
              22.395507,
              48.244056
            ],
            [
              22.396514,
              48.245491
            ],
            [
              22.400627,
              48.248998
            ],
            [
              22.408157,
              48.249723
            ],
            [
              22.41954,
              48.25065
            ],
            [
              22.419561,
              48.248795
            ],
            [
              22.424763,
              48.247984
            ],
            [
              22.432466,
              48.246843
            ],
            [
              22.430311,
              48.250713
            ],
            [
              22.432618,
              48.252307
            ],
            [
              22.435774,
              48.250582
            ],
            [
              22.436993,
              48.249858
            ],
            [
              22.440214,
              48.250003
            ],
            [
              22.444741,
              48.246988
            ],
            [
              22.447069,
              48.244539
            ],
            [
              22.446852,
              48.243452
            ],
            [
              22.447135,
              48.243423
            ],
            [
              22.447526,
              48.243771
            ],
            [
              22.447875,
              48.243829
            ],
            [
              22.448136,
              48.243872
            ],
            [
              22.448615,
              48.243771
            ],
            [
              22.449311,
              48.243437
            ],
            [
              22.449986,
              48.243148
            ],
            [
              22.450878,
              48.242901
            ],
            [
              22.451224,
              48.24289
            ],
            [
              22.451462,
              48.242996
            ],
            [
              22.451588,
              48.243064
            ],
            [
              22.451762,
              48.243259
            ],
            [
              22.451983,
              48.243564
            ],
            [
              22.452062,
              48.24369
            ],
            [
              22.45497,
              48.243369
            ],
            [
              22.455618,
              48.243453
            ],
            [
              22.455824,
              48.243374
            ],
            [
              22.456077,
              48.243111
            ],
            [
              22.456385,
              48.24238
            ],
            [
              22.457247,
              48.241432
            ],
            [
              22.459813,
              48.242215
            ],
            [
              22.462041,
              48.242836
            ],
            [
              22.462397,
              48.242736
            ],
            [
              22.463148,
              48.243036
            ],
            [
              22.463258,
              48.243088
            ],
            [
              22.464467,
              48.243362
            ],
            [
              22.465684,
              48.243341
            ],
            [
              22.46634,
              48.243246
            ],
            [
              22.466537,
              48.242962
            ],
            [
              22.466853,
              48.242688
            ],
            [
              22.467328,
              48.242857
            ],
            [
              22.467731,
              48.242915
            ],
            [
              22.467952,
              48.242983
            ],
            [
              22.468102,
              48.243036
            ],
            [
              22.468458,
              48.243257
            ],
            [
              22.468695,
              48.243451
            ],
            [
              22.4689,
              48.243772
            ],
            [
              22.46928,
              48.244194
            ],
            [
              22.469691,
              48.244662
            ],
            [
              22.470094,
              48.245057
            ],
            [
              22.470267,
              48.245351
            ],
            [
              22.470196,
              48.245793
            ],
            [
              22.469785,
              48.246351
            ],
            [
              22.469627,
              48.246788
            ],
            [
              22.469588,
              48.247372
            ],
            [
              22.469857,
              48.24763
            ],
            [
              22.470141,
              48.247483
            ],
            [
              22.470465,
              48.247157
            ],
            [
              22.470623,
              48.247035
            ],
            [
              22.470908,
              48.246872
            ],
            [
              22.471224,
              48.246762
            ],
            [
              22.471334,
              48.246757
            ],
            [
              22.471714,
              48.246867
            ],
            [
              22.471793,
              48.246904
            ],
            [
              22.472267,
              48.247178
            ],
            [
              22.473026,
              48.247772
            ],
            [
              22.473239,
              48.247935
            ],
            [
              22.473737,
              48.248167
            ],
            [
              22.473974,
              48.248188
            ],
            [
              22.474369,
              48.248167
            ],
            [
              22.474725,
              48.248188
            ],
            [
              22.475271,
              48.248288
            ],
            [
              22.475468,
              48.248341
            ],
            [
              22.475863,
              48.248472
            ],
            [
              22.476108,
              48.248541
            ],
            [
              22.476203,
              48.248625
            ],
            [
              22.476456,
              48.24873
            ],
            [
              22.476819,
              48.248951
            ],
            [
              22.477167,
              48.249151
            ],
            [
              22.477547,
              48.249362
            ],
            [
              22.477705,
              48.249435
            ],
            [
              22.478724,
              48.249404
            ],
            [
              22.479167,
              48.249346
            ],
            [
              22.479514,
              48.249278
            ],
            [
              22.479862,
              48.249283
            ],
            [
              22.480289,
              48.249383
            ],
            [
              22.480482,
              48.249515
            ],
            [
              22.480577,
              48.249636
            ],
            [
              22.480632,
              48.24981
            ],
            [
              22.480648,
              48.249952
            ],
            [
              22.480742,
              48.250099
            ],
            [
              22.480861,
              48.250205
            ],
            [
              22.48128,
              48.25032
            ],
            [
              22.481768,
              48.250478
            ],
            [
              22.482052,
              48.250472
            ],
            [
              22.482258,
              48.250515
            ],
            [
              22.482542,
              48.25063
            ],
            [
              22.483167,
              48.251593
            ],
            [
              22.483672,
              48.252146
            ],
            [
              22.484803,
              48.252104
            ],
            [
              22.484882,
              48.252356
            ],
            [
              22.485593,
              48.252341
            ],
            [
              22.486826,
              48.25243
            ],
            [
              22.48664,
              48.253755
            ],
            [
              22.489177,
              48.25386
            ],
            [
              22.489493,
              48.253292
            ],
            [
              22.489635,
              48.252797
            ],
            [
              22.494914,
              48.251018
            ],
            [
              22.50214,
              48.248444
            ],
            [
              22.500148,
              48.246591
            ],
            [
              22.50018,
              48.246565
            ],
            [
              22.503562,
              48.245344
            ],
            [
              22.503475,
              48.244944
            ],
            [
              22.502764,
              48.244086
            ],
            [
              22.498469,
              48.240638
            ],
            [
              22.49775,
              48.239953
            ],
            [
              22.497347,
              48.239532
            ],
            [
              22.499283,
              48.239422
            ],
            [
              22.502942,
              48.239216
            ],
            [
              22.512063,
              48.238312
            ],
            [
              22.515399,
              48.237985
            ],
            [
              22.515264,
              48.236459
            ],
            [
              22.513763,
              48.234859
            ],
            [
              22.514015,
              48.233988
            ],
            [
              22.515571,
              48.233314
            ],
            [
              22.514852,
              48.231856
            ],
            [
              22.513453,
              48.23065
            ],
            [
              22.512639,
              48.229698
            ],
            [
              22.51245,
              48.227776
            ],
            [
              22.512956,
              48.22616
            ],
            [
              22.515698,
              48.224006
            ],
            [
              22.517097,
              48.22289
            ],
            [
              22.521705,
              48.220484
            ],
            [
              22.521278,
              48.219631
            ],
            [
              22.523458,
              48.218245
            ],
            [
              22.523181,
              48.217576
            ],
            [
              22.523695,
              48.215816
            ],
            [
              22.525347,
              48.214889
            ],
            [
              22.526904,
              48.214642
            ],
            [
              22.527947,
              48.213262
            ],
            [
              22.529967,
              48.212158
            ],
            [
              22.529959,
              48.211363
            ],
            [
              22.53131,
              48.209304
            ],
            [
              22.535862,
              48.210336
            ],
            [
              22.538083,
              48.209725
            ],
            [
              22.544295,
              48.207903
            ],
            [
              22.550736,
              48.203179
            ],
            [
              22.556299,
              48.199084
            ],
            [
              22.556047,
              48.198436
            ],
            [
              22.56033,
              48.197756
            ],
            [
              22.570341,
              48.196141
            ],
            [
              22.571032,
              48.194768
            ],
            [
              22.571358,
              48.192291
            ],
            [
              22.571645,
              48.190354
            ],
            [
              22.570889,
              48.189094
            ],
            [
              22.568673,
              48.185131
            ],
            [
              22.56209,
              48.184661
            ],
            [
              22.561412,
              48.181567
            ],
            [
              22.565701,
              48.17896
            ],
            [
              22.56501,
              48.177952
            ],
            [
              22.564528,
              48.177039
            ],
            [
              22.56634,
              48.176257
            ],
            [
              22.56707,
              48.173127
            ],
            [
              22.568073,
              48.172293
            ],
            [
              22.569286,
              48.171562
            ],
            [
              22.571137,
              48.16852
            ],
            [
              22.572518,
              48.166416
            ],
            [
              22.573222,
              48.16472
            ],
            [
              22.574056,
              48.162729
            ],
            [
              22.575047,
              48.159347
            ],
            [
              22.575946,
              48.158773
            ],
            [
              22.57665,
              48.158443
            ],
            [
              22.577902,
              48.158165
            ],
            [
              22.582855,
              48.159608
            ],
            [
              22.584289,
              48.157443
            ],
            [
              22.585888,
              48.154324
            ],
            [
              22.588899,
              48.151202
            ],
            [
              22.591858,
              48.152471
            ],
            [
              22.593735,
              48.150332
            ],
            [
              22.596447,
              48.147201
            ],
            [
              22.598193,
              48.145253
            ],
            [
              22.597659,
              48.14467
            ],
            [
              22.597503,
              48.144357
            ],
            [
              22.597138,
              48.144113
            ],
            [
              22.596942,
              48.144035
            ],
            [
              22.596642,
              48.143887
            ],
            [
              22.596121,
              48.143913
            ],
            [
              22.595834,
              48.143905
            ],
            [
              22.595691,
              48.143861
            ],
            [
              22.595208,
              48.143983
            ],
            [
              22.595026,
              48.143983
            ],
            [
              22.594778,
              48.144
            ],
            [
              22.594531,
              48.144113
            ],
            [
              22.593775,
              48.144105
            ],
            [
              22.593175,
              48.144296
            ],
            [
              22.592823,
              48.144209
            ],
            [
              22.592432,
              48.144139
            ],
            [
              22.592249,
              48.14407
            ],
            [
              22.591633,
              48.14342
            ],
            [
              22.591085,
              48.143315
            ],
            [
              22.590629,
              48.143115
            ],
            [
              22.590303,
              48.143019
            ],
            [
              22.589964,
              48.142976
            ],
            [
              22.589664,
              48.142854
            ],
            [
              22.589573,
              48.142793
            ],
            [
              22.589312,
              48.142367
            ],
            [
              22.589013,
              48.142045
            ],
            [
              22.588608,
              48.141958
            ],
            [
              22.588204,
              48.141749
            ],
            [
              22.588165,
              48.14168
            ],
            [
              22.58827,
              48.141489
            ],
            [
              22.588309,
              48.141106
            ],
            [
              22.588296,
              48.140827
            ],
            [
              22.588348,
              48.14048
            ],
            [
              22.5884,
              48.140323
            ],
            [
              22.588621,
              48.139723
            ],
            [
              22.588752,
              48.139349
            ],
            [
              22.588908,
              48.139105
            ],
            [
              22.589143,
              48.13887
            ],
            [
              22.589651,
              48.138792
            ],
            [
              22.590486,
              48.138322
            ],
            [
              22.591659,
              48.137731
            ],
            [
              22.592327,
              48.137179
            ],
            [
              22.592875,
              48.136674
            ],
            [
              22.593331,
              48.136344
            ],
            [
              22.593879,
              48.13603
            ],
            [
              22.594204,
              48.135856
            ],
            [
              22.594439,
              48.135769
            ],
            [
              22.594765,
              48.135665
            ],
            [
              22.595247,
              48.135395
            ],
            [
              22.59526,
              48.135082
            ],
            [
              22.595221,
              48.134734
            ],
            [
              22.595156,
              48.134508
            ],
            [
              22.595052,
              48.133473
            ],
            [
              22.594768,
              48.133256
            ],
            [
              22.594651,
              48.133161
            ],
            [
              22.594181,
              48.132969
            ],
            [
              22.593725,
              48.132769
            ],
            [
              22.593477,
              48.132621
            ],
            [
              22.593243,
              48.132465
            ],
            [
              22.592982,
              48.132317
            ],
            [
              22.592839,
              48.132073
            ],
            [
              22.592734,
              48.131908
            ],
            [
              22.592604,
              48.13149
            ],
            [
              22.592552,
              48.131203
            ],
            [
              22.592461,
              48.130925
            ],
            [
              22.592278,
              48.130681
            ],
            [
              22.592252,
              48.130377
            ],
            [
              22.592239,
              48.130159
            ],
            [
              22.592278,
              48.129868
            ],
            [
              22.592304,
              48.129694
            ],
            [
              22.592395,
              48.129563
            ],
            [
              22.592474,
              48.129381
            ],
            [
              22.592526,
              48.129198
            ],
            [
              22.592526,
              48.129102
            ],
            [
              22.592552,
              48.128902
            ],
            [
              22.592461,
              48.128676
            ],
            [
              22.592278,
              48.128267
            ],
            [
              22.592109,
              48.127919
            ],
            [
              22.592004,
              48.127597
            ],
            [
              22.59207,
              48.12731
            ],
            [
              22.592239,
              48.127066
            ],
            [
              22.592395,
              48.126962
            ],
            [
              22.592369,
              48.126701
            ],
            [
              22.592369,
              48.12644
            ],
            [
              22.592304,
              48.126126
            ],
            [
              22.592265,
              48.125987
            ],
            [
              22.592369,
              48.124961
            ],
            [
              22.592369,
              48.124595
            ],
            [
              22.592422,
              48.123899
            ],
            [
              22.592565,
              48.123307
            ],
            [
              22.5928,
              48.122916
            ],
            [
              22.593595,
              48.122072
            ],
            [
              22.594286,
              48.121428
            ],
            [
              22.594611,
              48.121184
            ],
            [
              22.596097,
              48.120366
            ],
            [
              22.595759,
              48.119653
            ],
            [
              22.596749,
              48.118556
            ],
            [
              22.598444,
              48.117025
            ],
            [
              22.599239,
              48.116294
            ],
            [
              22.59555,
              48.115171
            ],
            [
              22.5922,
              48.113343
            ],
            [
              22.59147,
              48.111228
            ],
            [
              22.590505,
              48.108374
            ],
            [
              22.590235,
              48.107566
            ],
            [
              22.593272,
              48.107923
            ],
            [
              22.595853,
              48.107671
            ],
            [
              22.597782,
              48.107201
            ],
            [
              22.599803,
              48.106
            ],
            [
              22.601667,
              48.104537
            ],
            [
              22.605408,
              48.103928
            ],
            [
              22.610478,
              48.103676
            ],
            [
              22.613737,
              48.103902
            ],
            [
              22.615653,
              48.104912
            ],
            [
              22.61783,
              48.105556
            ],
            [
              22.619785,
              48.105869
            ],
            [
              22.619824,
              48.104807
            ],
            [
              22.619746,
              48.103815
            ],
            [
              22.621284,
              48.104302
            ],
            [
              22.622497,
              48.104215
            ],
            [
              22.623422,
              48.103937
            ],
            [
              22.624986,
              48.103066
            ],
            [
              22.626186,
              48.101996
            ],
            [
              22.628519,
              48.099593
            ],
            [
              22.631765,
              48.097338
            ],
            [
              22.633551,
              48.096276
            ],
            [
              22.634554,
              48.095884
            ],
            [
              22.635467,
              48.095701
            ],
            [
              22.636197,
              48.095667
            ],
            [
              22.637396,
              48.095701
            ],
            [
              22.638725,
              48.095728
            ],
            [
              22.639964,
              48.095789
            ],
            [
              22.641059,
              48.095806
            ],
            [
              22.642023,
              48.095841
            ],
            [
              22.643014,
              48.095789
            ],
            [
              22.643826,
              48.095762
            ],
            [
              22.644921,
              48.095614
            ],
            [
              22.646355,
              48.095397
            ],
            [
              22.648297,
              48.09517
            ],
            [
              22.649327,
              48.095031
            ],
            [
              22.650096,
              48.094979
            ],
            [
              22.651204,
              48.094935
            ],
            [
              22.65149,
              48.094944
            ],
            [
              22.652377,
              48.095031
            ],
            [
              22.652872,
              48.095127
            ],
            [
              22.653576,
              48.095257
            ],
            [
              22.654019,
              48.095362
            ],
            [
              22.65557,
              48.095519
            ],
            [
              22.656105,
              48.095571
            ],
            [
              22.657017,
              48.095519
            ],
            [
              22.658047,
              48.095292
            ],
            [
              22.658881,
              48.095005
            ],
            [
              22.65922,
              48.094857
            ],
            [
              22.66085,
              48.093925
            ],
            [
              22.662649,
              48.093124
            ],
            [
              22.663691,
              48.09268
            ],
            [
              22.66506,
              48.09228
            ],
            [
              22.666885,
              48.091975
            ],
            [
              22.667511,
              48.091862
            ],
            [
              22.669276,
              48.091742
            ],
            [
              22.670163,
              48.091698
            ],
            [
              22.671244,
              48.091716
            ],
            [
              22.672652,
              48.091716
            ],
            [
              22.673161,
              48.091733
            ],
            [
              22.674008,
              48.091803
            ],
            [
              22.675194,
              48.091959
            ],
            [
              22.675885,
              48.092099
            ],
            [
              22.677084,
              48.092499
            ],
            [
              22.677593,
              48.092656
            ],
            [
              22.679287,
              48.093814
            ],
            [
              22.680578,
              48.094963
            ],
            [
              22.681503,
              48.095764
            ],
            [
              22.682055,
              48.096288
            ],
            [
              22.682668,
              48.096723
            ],
            [
              22.684389,
              48.097768
            ],
            [
              22.685783,
              48.098665
            ],
            [
              22.688794,
              48.099849
            ],
            [
              22.690398,
              48.100475
            ],
            [
              22.692796,
              48.101425
            ],
            [
              22.693695,
              48.10179
            ],
            [
              22.694842,
              48.102434
            ],
            [
              22.697839,
              48.10411
            ],
            [
              22.699117,
              48.104771
            ],
            [
              22.69999,
              48.105242
            ],
            [
              22.701307,
              48.106182
            ],
            [
              22.702076,
              48.106756
            ],
            [
              22.702858,
              48.1076
            ],
            [
              22.70328,
              48.108268
            ],
            [
              22.703527,
              48.108642
            ],
            [
              22.704114,
              48.109077
            ],
            [
              22.70474,
              48.109565
            ],
            [
              22.705704,
              48.110113
            ],
            [
              22.706591,
              48.110374
            ],
            [
              22.708937,
              48.110505
            ],
            [
              22.712,
              48.110496
            ],
            [
              22.713328,
              48.110654
            ],
            [
              22.715636,
              48.111689
            ],
            [
              22.716131,
              48.11182
            ],
            [
              22.717017,
              48.112342
            ],
            [
              22.717578,
              48.112821
            ],
            [
              22.717956,
              48.113369
            ],
            [
              22.718292,
              48.113899
            ],
            [
              22.71957,
              48.114804
            ],
            [
              22.720404,
              48.115144
            ],
            [
              22.721238,
              48.115239
            ],
            [
              22.722099,
              48.115265
            ],
            [
              22.722907,
              48.115265
            ],
            [
              22.723976,
              48.115057
            ],
            [
              22.725227,
              48.114874
            ],
            [
              22.726804,
              48.114587
            ],
            [
              22.72743,
              48.114508
            ],
            [
              22.728434,
              48.114456
            ],
            [
              22.729216,
              48.114613
            ],
            [
              22.729613,
              48.114739
            ],
            [
              22.730174,
              48.115052
            ],
            [
              22.730539,
              48.115278
            ],
            [
              22.730774,
              48.115539
            ],
            [
              22.731047,
              48.115922
            ],
            [
              22.731308,
              48.116479
            ],
            [
              22.731517,
              48.116888
            ],
            [
              22.732377,
              48.117967
            ],
            [
              22.732833,
              48.118428
            ],
            [
              22.733263,
              48.118829
            ],
            [
              22.73355,
              48.119055
            ],
            [
              22.734241,
              48.11942
            ],
            [
              22.734749,
              48.119664
            ],
            [
              22.736131,
              48.119638
            ],
            [
              22.736965,
              48.119542
            ],
            [
              22.738881,
              48.119003
            ],
            [
              22.739963,
              48.11842
            ],
            [
              22.740615,
              48.118211
            ],
            [
              22.742075,
              48.117784
            ],
            [
              22.743771,
              48.117681
            ],
            [
              22.74497,
              48.117716
            ],
            [
              22.745648,
              48.117881
            ],
            [
              22.74643,
              48.118455
            ],
            [
              22.747864,
              48.118986
            ],
            [
              22.748985,
              48.119317
            ],
            [
              22.750576,
              48.119978
            ],
            [
              22.752088,
              48.120326
            ],
            [
              22.753157,
              48.120378
            ],
            [
              22.753913,
              48.12037
            ],
            [
              22.755581,
              48.12023
            ],
            [
              22.757354,
              48.119769
            ],
            [
              22.758292,
              48.119273
            ],
            [
              22.759088,
              48.118438
            ],
            [
              22.759453,
              48.117376
            ],
            [
              22.759518,
              48.116976
            ],
            [
              22.75957,
              48.116219
            ],
            [
              22.7597,
              48.115026
            ],
            [
              22.760561,
              48.113564
            ],
            [
              22.761386,
              48.112397
            ],
            [
              22.763328,
              48.1107
            ],
            [
              22.764228,
              48.110187
            ],
            [
              22.765492,
              48.109673
            ],
            [
              22.76647,
              48.109325
            ],
            [
              22.76836,
              48.108977
            ],
            [
              22.769455,
              48.10889
            ],
            [
              22.769898,
              48.108855
            ],
            [
              22.771384,
              48.108872
            ],
            [
              22.771866,
              48.108899
            ],
            [
              22.772883,
              48.109134
            ],
            [
              22.773926,
              48.109429
            ],
            [
              22.774426,
              48.109642
            ],
            [
              22.774865,
              48.109783
            ],
            [
              22.775795,
              48.110175
            ],
            [
              22.776585,
              48.110685
            ],
            [
              22.777059,
              48.110996
            ],
            [
              22.777446,
              48.111371
            ],
            [
              22.777841,
              48.111734
            ],
            [
              22.77799,
              48.112074
            ],
            [
              22.778016,
              48.112531
            ],
            [
              22.777849,
              48.113035
            ],
            [
              22.776585,
              48.113844
            ],
            [
              22.775403,
              48.114512
            ],
            [
              22.774736,
              48.11511
            ],
            [
              22.77384,
              48.115728
            ],
            [
              22.772462,
              48.11625
            ],
            [
              22.771435,
              48.116859
            ],
            [
              22.770768,
              48.117603
            ],
            [
              22.770294,
              48.118377
            ],
            [
              22.770039,
              48.118969
            ],
            [
              22.770065,
              48.119514
            ],
            [
              22.770127,
              48.119971
            ],
            [
              22.770452,
              48.120521
            ],
            [
              22.770645,
              48.120838
            ],
            [
              22.771154,
              48.12123
            ],
            [
              22.771804,
              48.121512
            ],
            [
              22.773647,
              48.121758
            ],
            [
              22.773752,
              48.121705
            ],
            [
              22.774805,
              48.121705
            ],
            [
              22.775613,
              48.121629
            ],
            [
              22.777158,
              48.121459
            ],
            [
              22.777948,
              48.121307
            ],
            [
              22.779054,
              48.121043
            ],
            [
              22.779967,
              48.120732
            ],
            [
              22.78116,
              48.120129
            ],
            [
              22.783311,
              48.119039
            ],
            [
              22.785303,
              48.118066
            ],
            [
              22.786769,
              48.11741
            ],
            [
              22.788086,
              48.116883
            ],
            [
              22.789007,
              48.11666
            ],
            [
              22.789824,
              48.116519
            ],
            [
              22.790561,
              48.116513
            ],
            [
              22.791316,
              48.116572
            ],
            [
              22.791957,
              48.11673
            ],
            [
              22.792246,
              48.1168
            ],
            [
              22.79236,
              48.11683
            ],
            [
              22.792834,
              48.117017
            ],
            [
              22.793413,
              48.117345
            ],
            [
              22.79387,
              48.117609
            ],
            [
              22.794616,
              48.118371
            ],
            [
              22.794958,
              48.118775
            ],
            [
              22.796152,
              48.120107
            ],
            [
              22.796696,
              48.120705
            ],
            [
              22.796924,
              48.121027
            ],
            [
              22.797231,
              48.121279
            ],
            [
              22.797565,
              48.121578
            ],
            [
              22.798399,
              48.122
            ],
            [
              22.799154,
              48.122175
            ],
            [
              22.800058,
              48.122304
            ],
            [
              22.801094,
              48.122246
            ],
            [
              22.80291,
              48.121847
            ],
            [
              22.804201,
              48.121466
            ],
            [
              22.804411,
              48.121384
            ],
            [
              22.805394,
              48.120945
            ],
            [
              22.806097,
              48.120271
            ],
            [
              22.8065,
              48.119668
            ],
            [
              22.806641,
              48.119087
            ],
            [
              22.806658,
              48.118665
            ],
            [
              22.806615,
              48.118361
            ],
            [
              22.806413,
              48.117816
            ],
            [
              22.806158,
              48.117335
            ],
            [
              22.805877,
              48.116861
            ],
            [
              22.805245,
              48.116093
            ],
            [
              22.804657,
              48.115343
            ],
            [
              22.804122,
              48.114763
            ],
            [
              22.803455,
              48.1142
            ],
            [
              22.802472,
              48.112917
            ],
            [
              22.802013,
              48.111942
            ],
            [
              22.801826,
              48.111599
            ],
            [
              22.801747,
              48.11111
            ],
            [
              22.80148,
              48.110107
            ],
            [
              22.801519,
              48.109473
            ],
            [
              22.80235,
              48.107454
            ],
            [
              22.802824,
              48.10682
            ],
            [
              22.803417,
              48.106437
            ],
            [
              22.804307,
              48.106147
            ],
            [
              22.805068,
              48.106067
            ],
            [
              22.805928,
              48.106114
            ],
            [
              22.806907,
              48.106292
            ],
            [
              22.808083,
              48.106727
            ],
            [
              22.808913,
              48.107051
            ],
            [
              22.809684,
              48.10748
            ],
            [
              22.810218,
              48.108001
            ],
            [
              22.810416,
              48.108437
            ],
            [
              22.810376,
              48.112404
            ],
            [
              22.810436,
              48.112945
            ],
            [
              22.810791,
              48.113539
            ],
            [
              22.811243,
              48.114314
            ],
            [
              22.811461,
              48.114591
            ],
            [
              22.812592,
              48.115492
            ],
            [
              22.813294,
              48.115993
            ],
            [
              22.81496,
              48.1172
            ],
            [
              22.815781,
              48.11761
            ],
            [
              22.816512,
              48.117821
            ],
            [
              22.817323,
              48.117966
            ],
            [
              22.818262,
              48.118217
            ],
            [
              22.819665,
              48.118362
            ],
            [
              22.820604,
              48.118296
            ],
            [
              22.821642,
              48.118204
            ],
            [
              22.822275,
              48.118085
            ],
            [
              22.823422,
              48.117742
            ],
            [
              22.825138,
              48.117108
            ],
            [
              22.826275,
              48.116468
            ],
            [
              22.827303,
              48.115702
            ],
            [
              22.827787,
              48.115082
            ],
            [
              22.828667,
              48.113986
            ],
            [
              22.829968,
              48.112312
            ],
            [
              22.830621,
              48.111078
            ],
            [
              22.831115,
              48.110134
            ],
            [
              22.831649,
              48.108755
            ],
            [
              22.831728,
              48.107092
            ],
            [
              22.831569,
              48.106108
            ],
            [
              22.830778,
              48.104854
            ],
            [
              22.82982,
              48.103791
            ],
            [
              22.829098,
              48.103052
            ],
            [
              22.828485,
              48.102352
            ],
            [
              22.827981,
              48.10152
            ],
            [
              22.827813,
              48.101098
            ],
            [
              22.827694,
              48.100609
            ],
            [
              22.827793,
              48.09978
            ],
            [
              22.828396,
              48.098103
            ],
            [
              22.828871,
              48.097384
            ],
            [
              22.828109,
              48.096948
            ],
            [
              22.827813,
              48.09673
            ],
            [
              22.827605,
              48.096453
            ],
            [
              22.827872,
              48.09572
            ],
            [
              22.82889,
              48.094881
            ],
            [
              22.829256,
              48.094419
            ],
            [
              22.829543,
              48.093917
            ],
            [
              22.829691,
              48.093567
            ],
            [
              22.82975,
              48.093495
            ],
            [
              22.830264,
              48.093376
            ],
            [
              22.831124,
              48.093244
            ],
            [
              22.831797,
              48.093237
            ],
            [
              22.832064,
              48.093264
            ],
            [
              22.832666,
              48.093303
            ],
            [
              22.833685,
              48.093402
            ],
            [
              22.834238,
              48.093343
            ],
            [
              22.834495,
              48.093079
            ],
            [
              22.833744,
              48.092498
            ],
            [
              22.833635,
              48.092174
            ],
            [
              22.833605,
              48.091943
            ],
            [
              22.833655,
              48.091712
            ],
            [
              22.833843,
              48.091005
            ],
            [
              22.833509,
              48.09006
            ],
            [
              22.833371,
              48.089783
            ],
            [
              22.833282,
              48.089023
            ],
            [
              22.833727,
              48.08831
            ],
            [
              22.834419,
              48.0873
            ],
            [
              22.834824,
              48.086758
            ],
            [
              22.835585,
              48.086111
            ],
            [
              22.836386,
              48.085761
            ],
            [
              22.837068,
              48.085517
            ],
            [
              22.83779,
              48.085477
            ],
            [
              22.838402,
              48.085557
            ],
            [
              22.839124,
              48.085768
            ],
            [
              22.839618,
              48.085847
            ],
            [
              22.839865,
              48.085583
            ],
            [
              22.839786,
              48.085352
            ],
            [
              22.83946,
              48.084883
            ],
            [
              22.839213,
              48.084533
            ],
            [
              22.838778,
              48.084031
            ],
            [
              22.838284,
              48.083978
            ],
            [
              22.837414,
              48.084077
            ],
            [
              22.836682,
              48.084031
            ],
            [
              22.836307,
              48.083793
            ],
            [
              22.835961,
              48.082618
            ],
            [
              22.835892,
              48.081489
            ],
            [
              22.83606,
              48.081198
            ],
            [
              22.83606,
              48.081053
            ],
            [
              22.83607,
              48.080815
            ],
            [
              22.835901,
              48.080478
            ],
            [
              22.83606,
              48.08026
            ],
            [
              22.836257,
              48.080128
            ],
            [
              22.837167,
              48.07993
            ],
            [
              22.838313,
              48.079732
            ],
            [
              22.838412,
              48.079705
            ],
            [
              22.838709,
              48.07956
            ],
            [
              22.839114,
              48.079369
            ],
            [
              22.839411,
              48.079137
            ],
            [
              22.839559,
              48.079085
            ],
            [
              22.839737,
              48.079085
            ],
            [
              22.839964,
              48.079164
            ],
            [
              22.840271,
              48.079296
            ],
            [
              22.840597,
              48.079441
            ],
            [
              22.841131,
              48.079758
            ],
            [
              22.841536,
              48.080049
            ],
            [
              22.841922,
              48.08059
            ],
            [
              22.842001,
              48.080967
            ],
            [
              22.84208,
              48.081224
            ],
            [
              22.84295,
              48.08238
            ],
            [
              22.843642,
              48.083007
            ],
            [
              22.84548,
              48.083529
            ],
            [
              22.846508,
              48.083516
            ],
            [
              22.847833,
              48.083351
            ],
            [
              22.848317,
              48.082961
            ],
            [
              22.84897,
              48.082063
            ],
            [
              22.849296,
              48.081667
            ],
            [
              22.849655,
              48.081106
            ],
            [
              22.849865,
              48.080685
            ],
            [
              22.849988,
              48.080498
            ],
            [
              22.850583,
              48.08023
            ],
            [
              22.85109,
              48.079785
            ],
            [
              22.851632,
              48.079423
            ],
            [
              22.852017,
              48.079236
            ],
            [
              22.853837,
              48.078979
            ],
            [
              22.854834,
              48.078745
            ],
            [
              22.855621,
              48.078535
            ],
            [
              22.856198,
              48.078348
            ],
            [
              22.856618,
              48.078079
            ],
            [
              22.856828,
              48.077834
            ],
            [
              22.857003,
              48.077611
            ],
            [
              22.857353,
              48.077354
            ],
            [
              22.857668,
              48.076992
            ],
            [
              22.85807,
              48.076595
            ],
            [
              22.858053,
              48.076466
            ],
            [
              22.85814,
              48.07615
            ],
            [
              22.85807,
              48.0758
            ],
            [
              22.857988,
              48.075409
            ],
            [
              22.858181,
              48.074988
            ],
            [
              22.858373,
              48.074872
            ],
            [
              22.859125,
              48.074626
            ],
            [
              22.859318,
              48.074568
            ],
            [
              22.859414,
              48.074563
            ],
            [
              22.859496,
              48.074555
            ],
            [
              22.860014,
              48.074752
            ],
            [
              22.860297,
              48.07476
            ],
            [
              22.86111,
              48.074288
            ],
            [
              22.861075,
              48.073815
            ],
            [
              22.859967,
              48.073083
            ],
            [
              22.859849,
              48.072981
            ],
            [
              22.859343,
              48.072816
            ],
            [
              22.859166,
              48.072446
            ],
            [
              22.859249,
              48.072178
            ],
            [
              22.859449,
              48.072044
            ],
            [
              22.860568,
              48.071785
            ],
            [
              22.861169,
              48.071509
            ],
            [
              22.861664,
              48.07106
            ],
            [
              22.861699,
              48.07069
            ],
            [
              22.860815,
              48.070218
            ],
            [
              22.860097,
              48.069848
            ],
            [
              22.859732,
              48.069777
            ],
            [
              22.85926,
              48.069604
            ],
            [
              22.858742,
              48.06925
            ],
            [
              22.858624,
              48.06914
            ],
            [
              22.858436,
              48.068691
            ],
            [
              22.858789,
              48.068431
            ],
            [
              22.859425,
              48.068321
            ],
            [
              22.860662,
              48.068203
            ],
            [
              22.860957,
              48.068101
            ],
            [
              22.861369,
              48.067841
            ],
            [
              22.861181,
              48.067384
            ],
            [
              22.859967,
              48.06703
            ],
            [
              22.859685,
              48.066849
            ],
            [
              22.859484,
              48.066447
            ],
            [
              22.85939,
              48.065589
            ],
            [
              22.860156,
              48.064834
            ],
            [
              22.860438,
              48.0647
            ],
            [
              22.861946,
              48.064432
            ],
            [
              22.8623,
              48.064267
            ],
            [
              22.862418,
              48.063771
            ],
            [
              22.862194,
              48.063417
            ],
            [
              22.862123,
              48.06307
            ],
            [
              22.862205,
              48.062802
            ],
            [
              22.862559,
              48.062535
            ],
            [
              22.863101,
              48.062181
            ],
            [
              22.863442,
              48.062007
            ],
            [
              22.863513,
              48.061724
            ],
            [
              22.863219,
              48.061527
            ],
            [
              22.862865,
              48.061181
            ],
            [
              22.863254,
              48.060756
            ],
            [
              22.863089,
              48.060354
            ],
            [
              22.86283,
              48.06022
            ],
            [
              22.862418,
              48.060173
            ],
            [
              22.861993,
              48.060102
            ],
            [
              22.861664,
              48.059984
            ],
            [
              22.861475,
              48.059716
            ],
            [
              22.861817,
              48.059496
            ],
            [
              22.862594,
              48.059606
            ],
            [
              22.862924,
              48.059716
            ],
            [
              22.863572,
              48.059779
            ],
            [
              22.864196,
              48.059622
            ],
            [
              22.864455,
              48.05948
            ],
            [
              22.864715,
              48.059181
            ],
            [
              22.864561,
              48.058905
            ],
            [
              22.863749,
              48.058575
            ],
            [
              22.862665,
              48.058504
            ],
            [
              22.861558,
              48.058464
            ],
            [
              22.861228,
              48.058378
            ],
            [
              22.860945,
              48.058016
            ],
            [
              22.860839,
              48.05774
            ],
            [
              22.861133,
              48.057307
            ],
            [
              22.861805,
              48.056898
            ],
            [
              22.862076,
              48.056709
            ],
            [
              22.862688,
              48.056457
            ],
            [
              22.863136,
              48.056299
            ],
            [
              22.863564,
              48.056012
            ],
            [
              22.863833,
              48.055637
            ],
            [
              22.86405,
              48.054952
            ],
            [
              22.864468,
              48.054818
            ],
            [
              22.86492,
              48.05486
            ],
            [
              22.865298,
              48.054883
            ],
            [
              22.865573,
              48.054799
            ],
            [
              22.86591,
              48.05452
            ],
            [
              22.866442,
              48.053514
            ],
            [
              22.867644,
              48.052397
            ],
            [
              22.867678,
              48.052397
            ],
            [
              22.868296,
              48.052145
            ],
            [
              22.868605,
              48.052007
            ],
            [
              22.869092,
              48.051655
            ],
            [
              22.869326,
              48.051506
            ],
            [
              22.869498,
              48.05141
            ],
            [
              22.869967,
              48.051449
            ],
            [
              22.870625,
              48.051632
            ],
            [
              22.870929,
              48.051693
            ],
            [
              22.871404,
              48.051709
            ],
            [
              22.871575,
              48.051678
            ],
            [
              22.871959,
              48.051571
            ],
            [
              22.872439,
              48.05151
            ],
            [
              22.872771,
              48.051433
            ],
            [
              22.873251,
              48.051479
            ],
            [
              22.87344,
              48.051816
            ],
            [
              22.873211,
              48.052114
            ],
            [
              22.872644,
              48.052565
            ],
            [
              22.872295,
              48.052565
            ],
            [
              22.872038,
              48.052825
            ],
            [
              22.872507,
              48.0532
            ],
            [
              22.872696,
              48.053353
            ],
            [
              22.872913,
              48.053682
            ],
            [
              22.872988,
              48.053981
            ],
            [
              22.872713,
              48.054256
            ],
            [
              22.87229,
              48.05439
            ],
            [
              22.872026,
              48.054707
            ],
            [
              22.872198,
              48.055228
            ],
            [
              22.87249,
              48.055527
            ],
            [
              22.872644,
              48.055692
            ],
            [
              22.873308,
              48.055994
            ],
            [
              22.873732,
              48.056017
            ],
            [
              22.874155,
              48.055649
            ],
            [
              22.874619,
              48.054999
            ],
            [
              22.874985,
              48.054777
            ],
            [
              22.875425,
              48.05467
            ],
            [
              22.87578,
              48.054663
            ],
            [
              22.876564,
              48.054391
            ],
            [
              22.876995,
              48.054338
            ],
            [
              22.877196,
              48.054437
            ],
            [
              22.877333,
              48.054468
            ],
            [
              22.87814,
              48.054601
            ],
            [
              22.878554,
              48.054617
            ],
            [
              22.878806,
              48.054675
            ],
            [
              22.879641,
              48.05469
            ],
            [
              22.880213,
              48.054701
            ],
            [
              22.881363,
              48.054843
            ],
            [
              22.881226,
              48.052498
            ],
            [
              22.880809,
              48.044071
            ],
            [
              22.880472,
              48.036535
            ],
            [
              22.879155,
              48.03509
            ],
            [
              22.878109,
              48.033894
            ],
            [
              22.876253,
              48.030825
            ],
            [
              22.874869,
              48.028342
            ],
            [
              22.872473,
              48.026198
            ],
            [
              22.872743,
              48.025295
            ],
            [
              22.872709,
              48.024753
            ],
            [
              22.871933,
              48.024415
            ],
            [
              22.871292,
              48.023963
            ],
            [
              22.869942,
              48.023693
            ],
            [
              22.868862,
              48.022767
            ],
            [
              22.864643,
              48.022045
            ],
            [
              22.864846,
              48.017846
            ],
            [
              22.864677,
              48.017191
            ],
            [
              22.864711,
              48.015769
            ],
            [
              22.864745,
              48.014369
            ],
            [
              22.865588,
              48.01227
            ],
            [
              22.86002,
              48.010215
            ],
            [
              22.857151,
              48.008951
            ],
            [
              22.854519,
              48.006806
            ],
            [
              22.851684,
              48.004345
            ],
            [
              22.850536,
              48.002583
            ],
            [
              22.847566,
              48.002538
            ],
            [
              22.847161,
              48.001816
            ],
            [
              22.849288,
              47.998519
            ],
            [
              22.848815,
              47.998473
            ],
            [
              22.847161,
              47.997886
            ],
            [
              22.845001,
              47.998564
            ],
            [
              22.843888,
              47.997412
            ],
            [
              22.839635,
              47.993663
            ],
            [
              22.838353,
              47.992398
            ],
            [
              22.837678,
              47.991946
            ],
            [
              22.837205,
              47.991472
            ],
            [
              22.836429,
              47.990953
            ],
            [
              22.836125,
              47.990478
            ],
            [
              22.836089,
              47.990258
            ],
            [
              22.83613,
              47.990081
            ],
            [
              22.836364,
              47.989843
            ],
            [
              22.836598,
              47.989714
            ],
            [
              22.837076,
              47.989727
            ],
            [
              22.837412,
              47.989761
            ],
            [
              22.837819,
              47.989863
            ],
            [
              22.838124,
              47.989863
            ],
            [
              22.83845,
              47.989795
            ],
            [
              22.838816,
              47.989468
            ],
            [
              22.838836,
              47.989237
            ],
            [
              22.838979,
              47.988951
            ],
            [
              22.839243,
              47.98859
            ],
            [
              22.839528,
              47.988338
            ],
            [
              22.839885,
              47.988236
            ],
            [
              22.840139,
              47.988209
            ],
            [
              22.840414,
              47.988209
            ],
            [
              22.841014,
              47.988284
            ],
            [
              22.841562,
              47.988267
            ],
            [
              22.841949,
              47.988308
            ],
            [
              22.842376,
              47.988315
            ],
            [
              22.8426,
              47.988178
            ],
            [
              22.842712,
              47.988138
            ],
            [
              22.842661,
              47.987824
            ],
            [
              22.842498,
              47.987654
            ],
            [
              22.842325,
              47.987497
            ],
            [
              22.84204,
              47.987334
            ],
            [
              22.841798,
              47.987018
            ],
            [
              22.841717,
              47.986596
            ],
            [
              22.842225,
              47.986031
            ],
            [
              22.842378,
              47.985922
            ],
            [
              22.84308,
              47.985649
            ],
            [
              22.843477,
              47.985513
            ],
            [
              22.843894,
              47.985166
            ],
            [
              22.844057,
              47.984839
            ],
            [
              22.843914,
              47.984567
            ],
            [
              22.843345,
              47.983981
            ],
            [
              22.842968,
              47.983913
            ],
            [
              22.841971,
              47.98364
            ],
            [
              22.841513,
              47.983463
            ],
            [
              22.841065,
              47.983191
            ],
            [
              22.840862,
              47.98285
            ],
            [
              22.840557,
              47.982503
            ],
            [
              22.840241,
              47.982237
            ],
            [
              22.840109,
              47.98206
            ],
            [
              22.840027,
              47.981863
            ],
            [
              22.84017,
              47.981461
            ],
            [
              22.840343,
              47.981209
            ],
            [
              22.84074,
              47.980943
            ],
            [
              22.84133,
              47.980998
            ],
            [
              22.842113,
              47.981515
            ],
            [
              22.84307,
              47.981815
            ],
            [
              22.843833,
              47.982067
            ],
            [
              22.844708,
              47.982305
            ],
            [
              22.846,
              47.982537
            ],
            [
              22.84654,
              47.98251
            ],
            [
              22.847028,
              47.982442
            ],
            [
              22.847496,
              47.982305
            ],
            [
              22.848422,
              47.981917
            ],
            [
              22.848941,
              47.98172
            ],
            [
              22.849531,
              47.981597
            ],
            [
              22.850101,
              47.981549
            ],
            [
              22.850182,
              47.981672
            ],
            [
              22.850498,
              47.981815
            ],
            [
              22.851312,
              47.982047
            ],
            [
              22.851729,
              47.981978
            ],
            [
              22.852014,
              47.981781
            ],
            [
              22.852146,
              47.981256
            ],
            [
              22.852329,
              47.980616
            ],
            [
              22.852584,
              47.980276
            ],
            [
              22.85297,
              47.980099
            ],
            [
              22.853286,
              47.980071
            ],
            [
              22.853672,
              47.980174
            ],
            [
              22.854049,
              47.980323
            ],
            [
              22.854344,
              47.980494
            ],
            [
              22.854792,
              47.980664
            ],
            [
              22.855178,
              47.980623
            ],
            [
              22.855311,
              47.979969
            ],
            [
              22.855311,
              47.979778
            ],
            [
              22.855555,
              47.979152
            ],
            [
              22.855891,
              47.978948
            ],
            [
              22.856338,
              47.978852
            ],
            [
              22.856644,
              47.978845
            ],
            [
              22.857163,
              47.978934
            ],
            [
              22.857641,
              47.97905
            ],
            [
              22.857977,
              47.979206
            ],
            [
              22.858343,
              47.979411
            ],
            [
              22.858719,
              47.97952
            ],
            [
              22.859187,
              47.979601
            ],
            [
              22.859299,
              47.979622
            ],
            [
              22.859808,
              47.979567
            ],
            [
              22.860368,
              47.979288
            ],
            [
              22.860327,
              47.978913
            ],
            [
              22.860205,
              47.978825
            ],
            [
              22.859696,
              47.978593
            ],
            [
              22.859452,
              47.978498
            ],
            [
              22.858902,
              47.978014
            ],
            [
              22.858597,
              47.977558
            ],
            [
              22.858485,
              47.977272
            ],
            [
              22.858353,
              47.976884
            ],
            [
              22.858485,
              47.976529
            ],
            [
              22.858668,
              47.97642
            ],
            [
              22.858994,
              47.976325
            ],
            [
              22.859442,
              47.976277
            ],
            [
              22.859869,
              47.97642
            ],
            [
              22.860246,
              47.976666
            ],
            [
              22.860561,
              47.977061
            ],
            [
              22.860978,
              47.977551
            ],
            [
              22.861182,
              47.977762
            ],
            [
              22.861528,
              47.978014
            ],
            [
              22.861721,
              47.978144
            ],
            [
              22.862108,
              47.978232
            ],
            [
              22.862474,
              47.978232
            ],
            [
              22.86285,
              47.978096
            ],
            [
              22.863125,
              47.977824
            ],
            [
              22.863085,
              47.977354
            ],
            [
              22.862332,
              47.97623
            ],
            [
              22.862108,
              47.975658
            ],
            [
              22.861935,
              47.97501
            ],
            [
              22.861782,
              47.974615
            ],
            [
              22.86167,
              47.973948
            ],
            [
              22.862016,
              47.973723
            ],
            [
              22.862403,
              47.973866
            ],
            [
              22.862606,
              47.974166
            ],
            [
              22.862739,
              47.974724
            ],
            [
              22.862932,
              47.975024
            ],
            [
              22.863451,
              47.975167
            ],
            [
              22.864,
              47.975072
            ],
            [
              22.864468,
              47.974929
            ],
            [
              22.864784,
              47.97482
            ],
            [
              22.865364,
              47.974547
            ],
            [
              22.866442,
              47.974186
            ],
            [
              22.867012,
              47.974077
            ],
            [
              22.867358,
              47.974084
            ],
            [
              22.867806,
              47.974247
            ],
            [
              22.867928,
              47.97452
            ],
            [
              22.867806,
              47.974956
            ],
            [
              22.867674,
              47.975147
            ],
            [
              22.867328,
              47.975494
            ],
            [
              22.866727,
              47.975855
            ],
            [
              22.866422,
              47.9761
            ],
            [
              22.866442,
              47.976529
            ],
            [
              22.866707,
              47.976931
            ],
            [
              22.867175,
              47.977068
            ],
            [
              22.867806,
              47.977163
            ],
            [
              22.868935,
              47.977013
            ],
            [
              22.869383,
              47.976761
            ],
            [
              22.869729,
              47.976468
            ],
            [
              22.870116,
              47.976019
            ],
            [
              22.870319,
              47.975419
            ],
            [
              22.870746,
              47.975269
            ],
            [
              22.871469,
              47.975344
            ],
            [
              22.871805,
              47.975276
            ],
            [
              22.872354,
              47.975024
            ],
            [
              22.872843,
              47.974752
            ],
            [
              22.872894,
              47.97435
            ],
            [
              22.873138,
              47.974139
            ],
            [
              22.873372,
              47.973887
            ],
            [
              22.873423,
              47.973798
            ],
            [
              22.873453,
              47.973607
            ],
            [
              22.873382,
              47.973485
            ],
            [
              22.873026,
              47.973219
            ],
            [
              22.872365,
              47.97279
            ],
            [
              22.87208,
              47.972626
            ],
            [
              22.871632,
              47.972558
            ],
            [
              22.871327,
              47.972334
            ],
            [
              22.871388,
              47.97185
            ],
            [
              22.871673,
              47.97168
            ],
            [
              22.872212,
              47.971462
            ],
            [
              22.872365,
              47.97138
            ],
            [
              22.872548,
              47.971162
            ],
            [
              22.8727,
              47.970855
            ],
            [
              22.872812,
              47.970181
            ],
            [
              22.872538,
              47.96982
            ],
            [
              22.871958,
              47.969431
            ],
            [
              22.871612,
              47.969213
            ],
            [
              22.871489,
              47.969064
            ],
            [
              22.871286,
              47.968955
            ],
            [
              22.870879,
              47.968886
            ],
            [
              22.868701,
              47.968886
            ],
            [
              22.868386,
              47.968846
            ],
            [
              22.868071,
              47.968675
            ],
            [
              22.867806,
              47.96845
            ],
            [
              22.867765,
              47.968151
            ],
            [
              22.867837,
              47.967974
            ],
            [
              22.86802,
              47.96781
            ],
            [
              22.868417,
              47.967538
            ],
            [
              22.868518,
              47.96732
            ],
            [
              22.868579,
              47.967054
            ],
            [
              22.868579,
              47.966924
            ],
            [
              22.868834,
              47.966584
            ],
            [
              22.868935,
              47.96642
            ],
            [
              22.86917,
              47.966202
            ],
            [
              22.869454,
              47.966039
            ],
            [
              22.869546,
              47.966011
            ],
            [
              22.86977,
              47.965943
            ],
            [
              22.870157,
              47.966011
            ],
            [
              22.87035,
              47.966107
            ],
            [
              22.870523,
              47.966236
            ],
            [
              22.870838,
              47.966761
            ],
            [
              22.871103,
              47.967224
            ],
            [
              22.871347,
              47.967592
            ],
            [
              22.87151,
              47.967892
            ],
            [
              22.871754,
              47.968178
            ],
            [
              22.872029,
              47.96841
            ],
            [
              22.872385,
              47.968566
            ],
            [
              22.873006,
              47.968662
            ],
            [
              22.873413,
              47.968607
            ],
            [
              22.873494,
              47.968607
            ],
            [
              22.873809,
              47.968423
            ],
            [
              22.873911,
              47.96811
            ],
            [
              22.873748,
              47.967851
            ],
            [
              22.873687,
              47.967708
            ],
            [
              22.873443,
              47.967292
            ],
            [
              22.873311,
              47.966918
            ],
            [
              22.873423,
              47.966447
            ],
            [
              22.873718,
              47.966066
            ],
            [
              22.874023,
              47.966045
            ],
            [
              22.874349,
              47.966086
            ],
            [
              22.874613,
              47.966243
            ],
            [
              22.874847,
              47.966516
            ],
            [
              22.875234,
              47.967285
            ],
            [
              22.875417,
              47.967572
            ],
            [
              22.875834,
              47.967939
            ],
            [
              22.876251,
              47.968185
            ],
            [
              22.876506,
              47.968335
            ],
            [
              22.877086,
              47.96841
            ],
            [
              22.877574,
              47.968362
            ],
            [
              22.877951,
              47.968205
            ],
            [
              22.878215,
              47.967939
            ],
            [
              22.878114,
              47.967735
            ],
            [
              22.877859,
              47.967578
            ],
            [
              22.877004,
              47.967292
            ],
            [
              22.876435,
              47.967108
            ],
            [
              22.876007,
              47.96687
            ],
            [
              22.875702,
              47.966543
            ],
            [
              22.875539,
              47.966189
            ],
            [
              22.875651,
              47.965862
            ],
            [
              22.875926,
              47.965528
            ],
            [
              22.876136,
              47.965493
            ],
            [
              22.87635,
              47.965513
            ],
            [
              22.876716,
              47.965657
            ],
            [
              22.876991,
              47.96599
            ],
            [
              22.877428,
              47.96676
            ],
            [
              22.877693,
              47.967067
            ],
            [
              22.878018,
              47.967251
            ],
            [
              22.878517,
              47.967373
            ],
            [
              22.879443,
              47.967285
            ],
            [
              22.880114,
              47.96704
            ],
            [
              22.880399,
              47.966767
            ],
            [
              22.88041,
              47.966583
            ],
            [
              22.880298,
              47.966311
            ],
            [
              22.880074,
              47.966093
            ],
            [
              22.879728,
              47.966004
            ],
            [
              22.879321,
              47.965943
            ],
            [
              22.878934,
              47.965834
            ],
            [
              22.878853,
              47.965745
            ],
            [
              22.878893,
              47.965616
            ],
            [
              22.879005,
              47.965541
            ],
            [
              22.879138,
              47.965418
            ],
            [
              22.879188,
              47.965166
            ],
            [
              22.879158,
              47.964996
            ],
            [
              22.879097,
              47.964675
            ],
            [
              22.878975,
              47.964246
            ],
            [
              22.878954,
              47.963912
            ],
            [
              22.879117,
              47.963708
            ],
            [
              22.879494,
              47.963524
            ],
            [
              22.879799,
              47.963544
            ],
            [
              22.880562,
              47.963735
            ],
            [
              22.881356,
              47.964137
            ],
            [
              22.881936,
              47.964532
            ],
            [
              22.882485,
              47.964812
            ],
            [
              22.883309,
              47.964934
            ],
            [
              22.883808,
              47.965139
            ],
            [
              22.884215,
              47.965411
            ],
            [
              22.88453,
              47.965806
            ],
            [
              22.885159,
              47.966551
            ],
            [
              22.885433,
              47.966728
            ],
            [
              22.885596,
              47.966762
            ],
            [
              22.885819,
              47.966728
            ],
            [
              22.885962,
              47.96664
            ],
            [
              22.886176,
              47.966435
            ],
            [
              22.886206,
              47.966258
            ],
            [
              22.886216,
              47.965952
            ],
            [
              22.886369,
              47.965727
            ],
            [
              22.886654,
              47.965468
            ],
            [
              22.886837,
              47.965413
            ],
            [
              22.887122,
              47.965413
            ],
            [
              22.887346,
              47.965468
            ],
            [
              22.887549,
              47.965672
            ],
            [
              22.887854,
              47.965883
            ],
            [
              22.888017,
              47.96602
            ],
            [
              22.8882,
              47.966272
            ],
            [
              22.888546,
              47.966524
            ],
            [
              22.888964,
              47.966681
            ],
            [
              22.889137,
              47.966721
            ],
            [
              22.889503,
              47.966742
            ],
            [
              22.88991,
              47.96681
            ],
            [
              22.890378,
              47.966953
            ],
            [
              22.890866,
              47.967144
            ],
            [
              22.891467,
              47.96728
            ],
            [
              22.89223,
              47.967335
            ],
            [
              22.892555,
              47.96726
            ],
            [
              22.892789,
              47.967123
            ],
            [
              22.892983,
              47.966871
            ],
            [
              22.892983,
              47.966687
            ],
            [
              22.893003,
              47.966456
            ],
            [
              22.892901,
              47.966183
            ],
            [
              22.892657,
              47.965774
            ],
            [
              22.892525,
              47.965475
            ],
            [
              22.892423,
              47.965243
            ],
            [
              22.892454,
              47.964971
            ],
            [
              22.892535,
              47.964739
            ],
            [
              22.892677,
              47.964528
            ],
            [
              22.893125,
              47.96388
            ],
            [
              22.893247,
              47.963642
            ],
            [
              22.893288,
              47.963499
            ],
            [
              22.893268,
              47.963349
            ],
            [
              22.893135,
              47.963172
            ],
            [
              22.892598,
              47.962675
            ],
            [
              22.89214,
              47.962559
            ],
            [
              22.890838,
              47.962355
            ],
            [
              22.890004,
              47.962055
            ],
            [
              22.889668,
              47.961885
            ],
            [
              22.889556,
              47.961728
            ],
            [
              22.889617,
              47.961523
            ],
            [
              22.889902,
              47.961265
            ],
            [
              22.890126,
              47.961203
            ],
            [
              22.890614,
              47.96121
            ],
            [
              22.891204,
              47.961428
            ],
            [
              22.891621,
              47.961496
            ],
            [
              22.892344,
              47.961455
            ],
            [
              22.892476,
              47.96138
            ],
            [
              22.892608,
              47.961224
            ],
            [
              22.892649,
              47.961094
            ],
            [
              22.892568,
              47.960992
            ],
            [
              22.892466,
              47.960706
            ],
            [
              22.892354,
              47.960488
            ],
            [
              22.892293,
              47.960052
            ],
            [
              22.8921,
              47.959752
            ],
            [
              22.891937,
              47.959616
            ],
            [
              22.891672,
              47.959547
            ],
            [
              22.89154,
              47.959575
            ],
            [
              22.891296,
              47.959677
            ],
            [
              22.891174,
              47.959738
            ],
            [
              22.891072,
              47.959711
            ],
            [
              22.890573,
              47.959616
            ],
            [
              22.890278,
              47.95952
            ],
            [
              22.890105,
              47.959438
            ],
            [
              22.889841,
              47.959261
            ],
            [
              22.889842,
              47.959023
            ],
            [
              22.889933,
              47.958765
            ],
            [
              22.890147,
              47.95871
            ],
            [
              22.890289,
              47.95873
            ],
            [
              22.890452,
              47.95886
            ],
            [
              22.890564,
              47.959044
            ],
            [
              22.89088,
              47.959221
            ],
            [
              22.891104,
              47.959385
            ],
            [
              22.891297,
              47.959357
            ],
            [
              22.891511,
              47.959167
            ],
            [
              22.891511,
              47.959058
            ],
            [
              22.891449,
              47.958894
            ],
            [
              22.891246,
              47.958737
            ],
            [
              22.890981,
              47.958519
            ],
            [
              22.890737,
              47.958322
            ],
            [
              22.890615,
              47.958185
            ],
            [
              22.890595,
              47.957981
            ],
            [
              22.890768,
              47.957688
            ],
            [
              22.890798,
              47.957388
            ],
            [
              22.890869,
              47.957013
            ],
            [
              22.890992,
              47.956877
            ],
            [
              22.891195,
              47.956686
            ],
            [
              22.891511,
              47.956577
            ],
            [
              22.891673,
              47.956543
            ],
            [
              22.891856,
              47.956509
            ],
            [
              22.891897,
              47.956502
            ],
            [
              22.892182,
              47.956577
            ],
            [
              22.89266,
              47.956788
            ],
            [
              22.893139,
              47.956918
            ],
            [
              22.89382,
              47.956918
            ],
            [
              22.894176,
              47.956925
            ],
            [
              22.894583,
              47.957006
            ],
            [
              22.895174,
              47.957041
            ],
            [
              22.895459,
              47.957034
            ],
            [
              22.895804,
              47.956945
            ],
            [
              22.896008,
              47.95685
            ],
            [
              22.89671,
              47.956816
            ],
            [
              22.896873,
              47.956734
            ],
            [
              22.896771,
              47.956625
            ],
            [
              22.896415,
              47.95638
            ],
            [
              22.896018,
              47.955807
            ],
            [
              22.895804,
              47.955494
            ],
            [
              22.89556,
              47.955385
            ],
            [
              22.895184,
              47.955098
            ],
            [
              22.89494,
              47.954812
            ],
            [
              22.894879,
              47.954662
            ],
            [
              22.89498,
              47.954553
            ],
            [
              22.895286,
              47.954417
            ],
            [
              22.895509,
              47.954369
            ],
            [
              22.895611,
              47.954253
            ],
            [
              22.895723,
              47.954179
            ],
            [
              22.896069,
              47.954138
            ],
            [
              22.896354,
              47.954063
            ],
            [
              22.897626,
              47.954049
            ],
            [
              22.898287,
              47.954172
            ],
            [
              22.899111,
              47.954281
            ],
            [
              22.899671,
              47.954451
            ],
            [
              22.900383,
              47.954526
            ],
            [
              22.901238,
              47.954594
            ],
            [
              22.901462,
              47.954805
            ],
            [
              22.901533,
              47.954949
            ],
            [
              22.901564,
              47.955337
            ],
            [
              22.901482,
              47.955637
            ],
            [
              22.901421,
              47.955862
            ],
            [
              22.90133,
              47.956066
            ],
            [
              22.901126,
              47.956693
            ],
            [
              22.901065,
              47.957122
            ],
            [
              22.900851,
              47.957449
            ],
            [
              22.900658,
              47.957667
            ],
            [
              22.90075,
              47.957845
            ],
            [
              22.900933,
              47.957913
            ],
            [
              22.901107,
              47.957955
            ],
            [
              22.901415,
              47.957908
            ],
            [
              22.901844,
              47.957679
            ],
            [
              22.902132,
              47.95746
            ],
            [
              22.902385,
              47.957287
            ],
            [
              22.902802,
              47.95714
            ],
            [
              22.903091,
              47.956994
            ],
            [
              22.90316,
              47.956834
            ],
            [
              22.903339,
              47.956688
            ],
            [
              22.903667,
              47.956581
            ],
            [
              22.903895,
              47.956575
            ],
            [
              22.904163,
              47.956668
            ],
            [
              22.904442,
              47.956734
            ],
            [
              22.904799,
              47.956847
            ],
            [
              22.905455,
              47.956941
            ],
            [
              22.905852,
              47.956994
            ],
            [
              22.905991,
              47.957074
            ],
            [
              22.906071,
              47.957306
            ],
            [
              22.906091,
              47.957486
            ],
            [
              22.906061,
              47.957659
            ],
            [
              22.905872,
              47.957859
            ],
            [
              22.905713,
              47.958178
            ],
            [
              22.905604,
              47.958451
            ],
            [
              22.905614,
              47.95867
            ],
            [
              22.905803,
              47.958877
            ],
            [
              22.906008,
              47.959125
            ],
            [
              22.906346,
              47.959398
            ],
            [
              22.906684,
              47.959697
            ],
            [
              22.906962,
              47.959804
            ],
            [
              22.908015,
              47.960083
            ],
            [
              22.908273,
              47.960134
            ],
            [
              22.908432,
              47.960121
            ],
            [
              22.908591,
              47.960054
            ],
            [
              22.908671,
              47.959928
            ],
            [
              22.90874,
              47.959788
            ],
            [
              22.90877,
              47.959582
            ],
            [
              22.90879,
              47.959375
            ],
            [
              22.90877,
              47.959269
            ],
            [
              22.908442,
              47.958777
            ],
            [
              22.908283,
              47.95855
            ],
            [
              22.908204,
              47.958391
            ],
            [
              22.908323,
              47.958085
            ],
            [
              22.908482,
              47.957965
            ],
            [
              22.90876,
              47.957859
            ],
            [
              22.909157,
              47.957785
            ],
            [
              22.909386,
              47.957692
            ],
            [
              22.909555,
              47.957493
            ],
            [
              22.909754,
              47.95732
            ],
            [
              22.910052,
              47.95722
            ],
            [
              22.910489,
              47.957153
            ],
            [
              22.910906,
              47.957147
            ],
            [
              22.911293,
              47.957193
            ],
            [
              22.911651,
              47.957306
            ],
            [
              22.9119,
              47.957419
            ],
            [
              22.911969,
              47.957579
            ],
            [
              22.911909,
              47.957672
            ],
            [
              22.91183,
              47.957792
            ],
            [
              22.911701,
              47.957859
            ],
            [
              22.911333,
              47.957992
            ],
            [
              22.910936,
              47.958065
            ],
            [
              22.910479,
              47.958131
            ],
            [
              22.91031,
              47.958291
            ],
            [
              22.91026,
              47.958477
            ],
            [
              22.910191,
              47.95873
            ],
            [
              22.910379,
              47.959123
            ],
            [
              22.910429,
              47.959402
            ],
            [
              22.910459,
              47.959708
            ],
            [
              22.910449,
              47.960061
            ],
            [
              22.910538,
              47.96024
            ],
            [
              22.910621,
              47.960359
            ],
            [
              22.910899,
              47.960479
            ],
            [
              22.911147,
              47.960492
            ],
            [
              22.911614,
              47.960459
            ],
            [
              22.912191,
              47.960346
            ],
            [
              22.912588,
              47.960252
            ],
            [
              22.913015,
              47.960059
            ],
            [
              22.913244,
              47.959893
            ],
            [
              22.913432,
              47.959713
            ],
            [
              22.913542,
              47.95942
            ],
            [
              22.913571,
              47.959207
            ],
            [
              22.913522,
              47.958888
            ],
            [
              22.913403,
              47.958648
            ],
            [
              22.913254,
              47.958482
            ],
            [
              22.913124,
              47.958116
            ],
            [
              22.913124,
              47.957877
            ],
            [
              22.913273,
              47.95763
            ],
            [
              22.913403,
              47.957477
            ],
            [
              22.913959,
              47.957318
            ],
            [
              22.914168,
              47.957271
            ],
            [
              22.914476,
              47.957258
            ],
            [
              22.914605,
              47.957311
            ],
            [
              22.914833,
              47.957477
            ],
            [
              22.914972,
              47.957664
            ],
            [
              22.915082,
              47.958149
            ],
            [
              22.915171,
              47.958435
            ],
            [
              22.915231,
              47.958622
            ],
            [
              22.91529,
              47.958828
            ],
            [
              22.91529,
              47.959141
            ],
            [
              22.91527,
              47.959393
            ],
            [
              22.91539,
              47.95968
            ],
            [
              22.915509,
              47.959926
            ],
            [
              22.915668,
              47.960139
            ],
            [
              22.915936,
              47.960312
            ],
            [
              22.916204,
              47.960391
            ],
            [
              22.916393,
              47.960431
            ],
            [
              22.916661,
              47.960445
            ],
            [
              22.916949,
              47.960365
            ],
            [
              22.917059,
              47.960252
            ],
            [
              22.917108,
              47.960112
            ],
            [
              22.917088,
              47.959939
            ],
            [
              22.917029,
              47.959813
            ],
            [
              22.9169,
              47.959693
            ],
            [
              22.916443,
              47.959347
            ],
            [
              22.916274,
              47.959101
            ],
            [
              22.916224,
              47.958768
            ],
            [
              22.916363,
              47.958489
            ],
            [
              22.916602,
              47.958249
            ],
            [
              22.916731,
              47.958043
            ],
            [
              22.916761,
              47.957863
            ],
            [
              22.91688,
              47.957564
            ],
            [
              22.916939,
              47.957404
            ],
            [
              22.917237,
              47.957238
            ],
            [
              22.917545,
              47.957065
            ],
            [
              22.917933,
              47.956998
            ],
            [
              22.91837,
              47.956865
            ],
            [
              22.918549,
              47.956819
            ],
            [
              22.918688,
              47.956799
            ],
            [
              22.919105,
              47.956885
            ],
            [
              22.919403,
              47.957005
            ],
            [
              22.919731,
              47.957318
            ],
            [
              22.91987,
              47.957517
            ],
            [
              22.919801,
              47.957797
            ],
            [
              22.919632,
              47.95793
            ],
            [
              22.919006,
              47.958369
            ],
            [
              22.918787,
              47.958595
            ],
            [
              22.918748,
              47.958768
            ],
            [
              22.918847,
              47.958821
            ],
            [
              22.919036,
              47.958835
            ],
            [
              22.919214,
              47.958821
            ],
            [
              22.919443,
              47.958648
            ],
            [
              22.919642,
              47.958515
            ],
            [
              22.920039,
              47.958342
            ],
            [
              22.920436,
              47.958176
            ],
            [
              22.920754,
              47.958116
            ],
            [
              22.921042,
              47.958116
            ],
            [
              22.92136,
              47.958136
            ],
            [
              22.92148,
              47.958262
            ],
            [
              22.92143,
              47.958409
            ],
            [
              22.921132,
              47.958595
            ],
            [
              22.920566,
              47.958928
            ],
            [
              22.920198,
              47.959247
            ],
            [
              22.920069,
              47.959467
            ],
            [
              22.920158,
              47.95958
            ],
            [
              22.920337,
              47.959573
            ],
            [
              22.920496,
              47.95954
            ],
            [
              22.920814,
              47.959407
            ],
            [
              22.920913,
              47.959373
            ],
            [
              22.921152,
              47.959368
            ],
            [
              22.92143,
              47.959421
            ],
            [
              22.921788,
              47.959501
            ],
            [
              22.922304,
              47.959634
            ],
            [
              22.922563,
              47.959687
            ],
            [
              22.922801,
              47.959847
            ],
            [
              22.92301,
              47.960013
            ],
            [
              22.923099,
              47.960246
            ],
            [
              22.923169,
              47.960419
            ],
            [
              22.923298,
              47.960565
            ],
            [
              22.923487,
              47.960619
            ],
            [
              22.923606,
              47.960592
            ],
            [
              22.923824,
              47.960553
            ],
            [
              22.924118,
              47.96045
            ],
            [
              22.924352,
              47.960311
            ],
            [
              22.92458,
              47.960132
            ],
            [
              22.92482,
              47.959801
            ],
            [
              22.924901,
              47.95963
            ],
            [
              22.924974,
              47.959496
            ],
            [
              22.925041,
              47.959371
            ],
            [
              22.925101,
              47.959268
            ],
            [
              22.925409,
              47.959142
            ],
            [
              22.92577,
              47.959088
            ],
            [
              22.926112,
              47.959079
            ],
            [
              22.926386,
              47.959066
            ],
            [
              22.926667,
              47.959026
            ],
            [
              22.927028,
              47.958954
            ],
            [
              22.927242,
              47.958945
            ],
            [
              22.927483,
              47.95899
            ],
            [
              22.927684,
              47.959035
            ],
            [
              22.928112,
              47.959178
            ],
            [
              22.928266,
              47.959223
            ],
            [
              22.928594,
              47.959223
            ],
            [
              22.929035,
              47.959209
            ],
            [
              22.929336,
              47.959205
            ],
            [
              22.929503,
              47.959142
            ],
            [
              22.929604,
              47.95907
            ],
            [
              22.929891,
              47.959196
            ],
            [
              22.931631,
              47.960052
            ],
            [
              22.932708,
              47.960612
            ],
            [
              22.933417,
              47.960988
            ],
            [
              22.934549,
              47.961601
            ],
            [
              22.935151,
              47.962117
            ],
            [
              22.936562,
              47.963362
            ],
            [
              22.93701,
              47.963765
            ],
            [
              22.940422,
              47.963855
            ],
            [
              22.940663,
              47.963864
            ],
            [
              22.942075,
              47.964132
            ],
            [
              22.942642,
              47.965029
            ],
            [
              22.942107,
              47.965683
            ],
            [
              22.943144,
              47.965885
            ],
            [
              22.944087,
              47.966252
            ],
            [
              22.945412,
              47.966615
            ],
            [
              22.948048,
              47.967327
            ],
            [
              22.947231,
              47.967867
            ],
            [
              22.946508,
              47.968642
            ],
            [
              22.945786,
              47.96819
            ],
            [
              22.945605,
              47.968239
            ],
            [
              22.944113,
              47.969578
            ],
            [
              22.943865,
              47.969941
            ],
            [
              22.943444,
              47.970837
            ],
            [
              22.94333,
              47.971204
            ],
            [
              22.943317,
              47.971433
            ],
            [
              22.943297,
              47.971549
            ],
            [
              22.943236,
              47.971625
            ],
            [
              22.942842,
              47.972109
            ],
            [
              22.942674,
              47.9724
            ],
            [
              22.942614,
              47.972664
            ],
            [
              22.942641,
              47.97313
            ],
            [
              22.942708,
              47.973274
            ],
            [
              22.942761,
              47.973399
            ],
            [
              22.942975,
              47.973578
            ],
            [
              22.943096,
              47.973708
            ],
            [
              22.943223,
              47.974547
            ],
            [
              22.943357,
              47.974897
            ],
            [
              22.943403,
              47.975058
            ],
            [
              22.943363,
              47.975282
            ],
            [
              22.943336,
              47.975457
            ],
            [
              22.942815,
              47.976599
            ],
            [
              22.942547,
              47.977181
            ],
            [
              22.94232,
              47.977754
            ],
            [
              22.941607,
              47.97954
            ],
            [
              22.941293,
              47.980458
            ],
            [
              22.941126,
              47.980996
            ],
            [
              22.940432,
              47.982187
            ],
            [
              22.940252,
              47.982809
            ],
            [
              22.940138,
              47.983477
            ],
            [
              22.940044,
              47.984153
            ],
            [
              22.940024,
              47.984672
            ],
            [
              22.940218,
              47.986978
            ],
            [
              22.940319,
              47.987744
            ],
            [
              22.940379,
              47.988245
            ],
            [
              22.940004,
              47.989289
            ],
            [
              22.939045,
              47.991932
            ],
            [
              22.9389,
              47.992696
            ],
            [
              22.937753,
              47.99564
            ],
            [
              22.936836,
              47.996774
            ],
            [
              22.93523,
              47.999218
            ],
            [
              22.932782,
              47.999388
            ],
            [
              22.930159,
              47.999424
            ],
            [
              22.928622,
              47.999661
            ],
            [
              22.926983,
              48.000511
            ],
            [
              22.925865,
              48.001304
            ],
            [
              22.92535,
              48.001671
            ],
            [
              22.923912,
              48.002141
            ],
            [
              22.922855,
              48.002664
            ],
            [
              22.922801,
              48.003421
            ],
            [
              22.922594,
              48.00437
            ],
            [
              22.922494,
              48.004849
            ],
            [
              22.92232,
              48.005229
            ],
            [
              22.921671,
              48.005995
            ],
            [
              22.920875,
              48.006666
            ],
            [
              22.920453,
              48.006952
            ],
            [
              22.92129,
              48.007225
            ],
            [
              22.92162,
              48.008123
            ],
            [
              22.921754,
              48.008503
            ],
            [
              22.922049,
              48.009805
            ],
            [
              22.922196,
              48.010557
            ],
            [
              22.92199,
              48.011547
            ],
            [
              22.921897,
              48.012697
            ],
            [
              22.922124,
              48.014626
            ],
            [
              22.924332,
              48.016035
            ],
            [
              22.924773,
              48.016313
            ],
            [
              22.925536,
              48.016984
            ],
            [
              22.926319,
              48.017686
            ],
            [
              22.926606,
              48.018071
            ],
            [
              22.926789,
              48.018418
            ],
            [
              22.927017,
              48.019089
            ],
            [
              22.929786,
              48.018673
            ],
            [
              22.932516,
              48.018275
            ],
            [
              22.933874,
              48.018065
            ],
            [
              22.938304,
              48.017424
            ],
            [
              22.942592,
              48.016802
            ],
            [
              22.944219,
              48.016573
            ],
            [
              22.943958,
              48.015835
            ],
            [
              22.943924,
              48.015271
            ],
            [
              22.946808,
              48.013727
            ],
            [
              22.950046,
              48.01199
            ],
            [
              22.950929,
              48.01293
            ],
            [
              22.956308,
              48.010066
            ],
            [
              22.96122,
              48.007442
            ],
            [
              22.963073,
              48.009107
            ],
            [
              22.962863,
              48.010241
            ],
            [
              22.962542,
              48.011593
            ],
            [
              22.964428,
              48.011373
            ],
            [
              22.971967,
              48.01055
            ],
            [
              22.977767,
              48.009941
            ],
            [
              22.976918,
              48.00684
            ],
            [
              22.983106,
              48.005913
            ],
            [
              22.986865,
              48.005349
            ],
            [
              22.986504,
              48.003957
            ],
            [
              22.99211,
              48.003071
            ],
            [
              22.992458,
              48.004606
            ],
            [
              22.993723,
              48.003053
            ],
            [
              22.995663,
              48.001189
            ],
            [
              22.996532,
              47.999622
            ],
            [
              22.997108,
              47.997675
            ],
            [
              22.99674,
              47.996001
            ],
            [
              22.999362,
              47.995938
            ],
            [
              23.00163,
              47.995875
            ],
            [
              23.001858,
              47.995821
            ],
            [
              23.003864,
              47.995732
            ],
            [
              23.005945,
              47.995624
            ],
            [
              23.00636,
              47.995383
            ],
            [
              23.008133,
              47.994805
            ],
            [
              23.010989,
              47.993887
            ],
            [
              23.013364,
              47.990691
            ],
            [
              23.013658,
              47.990436
            ],
            [
              23.014006,
              47.990834
            ],
            [
              23.014107,
              47.991022
            ],
            [
              23.014702,
              47.991564
            ],
            [
              23.015103,
              47.99173
            ],
            [
              23.015565,
              47.991739
            ],
            [
              23.01592,
              47.991667
            ],
            [
              23.017512,
              47.990503
            ],
            [
              23.018475,
              47.992106
            ],
            [
              23.020449,
              47.991662
            ],
            [
              23.024409,
              47.99173
            ],
            [
              23.025258,
              47.994515
            ],
            [
              23.028194,
              47.99665
            ],
            [
              23.028739,
              47.997298
            ],
            [
              23.029696,
              47.998766
            ],
            [
              23.029876,
              47.999366
            ],
            [
              23.030144,
              47.999881
            ],
            [
              23.030552,
              48.000266
            ],
            [
              23.031435,
              48.000194
            ],
            [
              23.035074,
              48.000633
            ],
            [
              23.042992,
              48.001581
            ],
            [
              23.051367,
              48.002593
            ],
            [
              23.057121,
              48.003287
            ],
            [
              23.059174,
              48.004343
            ],
            [
              23.061612,
              48.005596
            ],
            [
              23.065773,
              48.007749
            ],
            [
              23.074537,
              48.008586
            ],
            [
              23.078211,
              48.007767
            ],
            [
              23.083429,
              48.004656
            ],
            [
              23.083804,
              48.004535
            ],
            [
              23.085062,
              48.004679
            ],
            [
              23.086119,
              48.004898
            ],
            [
              23.086386,
              48.004885
            ],
            [
              23.086841,
              48.004844
            ],
            [
              23.088099,
              48.004988
            ],
            [
              23.089879,
              48.004844
            ],
            [
              23.09119,
              48.005417
            ],
            [
              23.091799,
              48.006286
            ],
            [
              23.092086,
              48.00676
            ],
            [
              23.092428,
              48.00748
            ],
            [
              23.092675,
              48.008058
            ],
            [
              23.092736,
              48.008111
            ],
            [
              23.092642,
              48.008666
            ],
            [
              23.092334,
              48.009114
            ],
            [
              23.092134,
              48.009736
            ],
            [
              23.092147,
              48.009942
            ],
            [
              23.092355,
              48.010273
            ],
            [
              23.094469,
              48.011759
            ],
            [
              23.094522,
              48.013263
            ],
            [
              23.09489,
              48.013912
            ],
            [
              23.095823,
              48.014199
            ],
            [
              23.098111,
              48.015783
            ],
            [
              23.092779,
              48.016383
            ],
            [
              23.09025,
              48.01646
            ],
            [
              23.090324,
              48.017363
            ],
            [
              23.089862,
              48.018451
            ],
            [
              23.089668,
              48.019391
            ],
            [
              23.091193,
              48.02025
            ],
            [
              23.091334,
              48.020326
            ],
            [
              23.091648,
              48.02046
            ],
            [
              23.092264,
              48.020612
            ],
            [
              23.09193,
              48.021132
            ],
            [
              23.092546,
              48.021485
            ],
            [
              23.092646,
              48.022157
            ],
            [
              23.093924,
              48.022407
            ],
            [
              23.095335,
              48.022935
            ],
            [
              23.095824,
              48.02298
            ],
            [
              23.096263,
              48.023122
            ],
            [
              23.097399,
              48.023591
            ],
            [
              23.09774,
              48.023833
            ],
            [
              23.098577,
              48.024374
            ],
            [
              23.098697,
              48.024781
            ],
            [
              23.099005,
              48.025005
            ],
            [
              23.0995,
              48.025237
            ],
            [
              23.100029,
              48.025367
            ],
            [
              23.100176,
              48.025515
            ],
            [
              23.100791,
              48.025882
            ],
            [
              23.101239,
              48.026052
            ],
            [
              23.101353,
              48.026123
            ],
            [
              23.101413,
              48.02658
            ],
            [
              23.101574,
              48.026785
            ],
            [
              23.101647,
              48.027058
            ],
            [
              23.101654,
              48.02717
            ],
            [
              23.101895,
              48.027385
            ],
            [
              23.102056,
              48.027949
            ],
            [
              23.102149,
              48.028289
            ],
            [
              23.102725,
              48.028741
            ],
            [
              23.102972,
              48.029116
            ],
            [
              23.103273,
              48.029291
            ],
            [
              23.103815,
              48.029474
            ],
            [
              23.104477,
              48.029658
            ],
            [
              23.105467,
              48.030347
            ],
            [
              23.105976,
              48.031004
            ],
            [
              23.106538,
              48.031827
            ],
            [
              23.106752,
              48.032145
            ],
            [
              23.106899,
              48.032686
            ],
            [
              23.107635,
              48.033527
            ],
            [
              23.108143,
              48.034104
            ],
            [
              23.108598,
              48.034767
            ],
            [
              23.1092,
              48.035375
            ],
            [
              23.108959,
              48.035892
            ],
            [
              23.109076,
              48.036739
            ],
            [
              23.109377,
              48.037333
            ],
            [
              23.10952,
              48.037621
            ],
            [
              23.10956,
              48.037979
            ],
            [
              23.109233,
              48.038355
            ],
            [
              23.108959,
              48.038556
            ],
            [
              23.108593,
              48.038678
            ],
            [
              23.108084,
              48.038721
            ],
            [
              23.107195,
              48.039307
            ],
            [
              23.104766,
              48.039953
            ],
            [
              23.104479,
              48.040468
            ],
            [
              23.104009,
              48.040678
            ],
            [
              23.103538,
              48.040774
            ],
            [
              23.10282,
              48.040791
            ],
            [
              23.100978,
              48.040975
            ],
            [
              23.100691,
              48.04114
            ],
            [
              23.099333,
              48.04273
            ],
            [
              23.098575,
              48.043524
            ],
            [
              23.098471,
              48.043664
            ],
            [
              23.098079,
              48.04438
            ],
            [
              23.098402,
              48.044559
            ],
            [
              23.100127,
              48.045623
            ],
            [
              23.101778,
              48.046645
            ],
            [
              23.109479,
              48.051352
            ],
            [
              23.109812,
              48.051545
            ],
            [
              23.111046,
              48.053061
            ],
            [
              23.112379,
              48.054457
            ],
            [
              23.110978,
              48.055629
            ],
            [
              23.111011,
              48.056082
            ],
            [
              23.1109,
              48.056476
            ],
            [
              23.110389,
              48.056951
            ],
            [
              23.109721,
              48.057234
            ],
            [
              23.109454,
              48.057397
            ],
            [
              23.109221,
              48.057806
            ],
            [
              23.109087,
              48.05814
            ],
            [
              23.109143,
              48.058474
            ],
            [
              23.109121,
              48.058689
            ],
            [
              23.109254,
              48.058972
            ],
            [
              23.109476,
              48.059232
            ],
            [
              23.109998,
              48.059685
            ],
            [
              23.11071,
              48.060249
            ],
            [
              23.112587,
              48.061851
            ],
            [
              23.110654,
              48.062007
            ],
            [
              23.108943,
              48.062683
            ],
            [
              23.106532,
              48.063656
            ],
            [
              23.107009,
              48.065274
            ],
            [
              23.106741,
              48.065848
            ],
            [
              23.107341,
              48.066806
            ],
            [
              23.107952,
              48.067303
            ],
            [
              23.10843,
              48.067355
            ],
            [
              23.109119,
              48.067333
            ],
            [
              23.109541,
              48.067229
            ],
            [
              23.109796,
              48.067251
            ],
            [
              23.110041,
              48.067348
            ],
            [
              23.110074,
              48.067496
            ],
            [
              23.110074,
              48.067615
            ],
            [
              23.109708,
              48.06815
            ],
            [
              23.109933,
              48.068284
            ],
            [
              23.110155,
              48.068537
            ],
            [
              23.110355,
              48.068641
            ],
            [
              23.110633,
              48.068744
            ],
            [
              23.110755,
              48.068863
            ],
            [
              23.110778,
              48.06919
            ],
            [
              23.111111,
              48.069294
            ],
            [
              23.111289,
              48.069338
            ],
            [
              23.111578,
              48.069442
            ],
            [
              23.111844,
              48.069487
            ],
            [
              23.112155,
              48.069561
            ],
            [
              23.112189,
              48.069584
            ],
            [
              23.112355,
              48.069546
            ],
            [
              23.112444,
              48.069398
            ],
            [
              23.112555,
              48.069257
            ],
            [
              23.112755,
              48.069183
            ],
            [
              23.112978,
              48.06922
            ],
            [
              23.1132,
              48.069309
            ],
            [
              23.113222,
              48.06945
            ],
            [
              23.113311,
              48.069532
            ],
            [
              23.113767,
              48.069561
            ],
            [
              23.113911,
              48.069829
            ],
            [
              23.114022,
              48.070036
            ],
            [
              23.114144,
              48.070244
            ],
            [
              23.114322,
              48.070519
            ],
            [
              23.114489,
              48.070809
            ],
            [
              23.1146,
              48.071031
            ],
            [
              23.114967,
              48.071588
            ],
            [
              23.115689,
              48.072779
            ],
            [
              23.116444,
              48.074034
            ],
            [
              23.117244,
              48.075423
            ],
            [
              23.117975,
              48.07663
            ],
            [
              23.120686,
              48.07591
            ],
            [
              23.122075,
              48.076778
            ],
            [
              23.123375,
              48.077395
            ],
            [
              23.121753,
              48.078642
            ],
            [
              23.122264,
              48.079473
            ],
            [
              23.12312,
              48.080943
            ],
            [
              23.123709,
              48.081812
            ],
            [
              23.119553,
              48.083787
            ],
            [
              23.114041,
              48.086385
            ],
            [
              23.114255,
              48.086583
            ],
            [
              23.114277,
              48.086672
            ],
            [
              23.114144,
              48.086843
            ],
            [
              23.113944,
              48.086939
            ],
            [
              23.113922,
              48.087162
            ],
            [
              23.114177,
              48.087244
            ],
            [
              23.114299,
              48.087221
            ],
            [
              23.114596,
              48.087147
            ],
            [
              23.114785,
              48.087154
            ],
            [
              23.115385,
              48.08734
            ],
            [
              23.115585,
              48.087318
            ],
            [
              23.116141,
              48.087407
            ],
            [
              23.116608,
              48.087414
            ],
            [
              23.117052,
              48.087696
            ],
            [
              23.117563,
              48.087704
            ],
            [
              23.118008,
              48.087741
            ],
            [
              23.118241,
              48.087889
            ],
            [
              23.11833,
              48.087993
            ],
            [
              23.118274,
              48.088097
            ],
            [
              23.11803,
              48.08835
            ],
            [
              23.11803,
              48.088528
            ],
            [
              23.118074,
              48.088691
            ],
            [
              23.118252,
              48.088943
            ],
            [
              23.118186,
              48.089151
            ],
            [
              23.118341,
              48.089292
            ],
            [
              23.118586,
              48.089329
            ],
            [
              23.118619,
              48.089411
            ],
            [
              23.118552,
              48.089626
            ],
            [
              23.118708,
              48.089715
            ],
            [
              23.118741,
              48.090034
            ],
            [
              23.11873,
              48.090287
            ],
            [
              23.123261,
              48.091345
            ],
            [
              23.127339,
              48.092288
            ],
            [
              23.129939,
              48.094818
            ],
            [
              23.130061,
              48.095412
            ],
            [
              23.130295,
              48.095664
            ],
            [
              23.132261,
              48.09585
            ],
            [
              23.13427,
              48.096076
            ],
            [
              23.135293,
              48.096091
            ],
            [
              23.136415,
              48.096246
            ],
            [
              23.137582,
              48.094777
            ],
            [
              23.139182,
              48.094651
            ],
            [
              23.14076,
              48.097271
            ],
            [
              23.14276,
              48.097968
            ],
            [
              23.14316,
              48.098102
            ],
            [
              23.144604,
              48.098836
            ],
            [
              23.146438,
              48.099764
            ],
            [
              23.147213,
              48.101923
            ],
            [
              23.148258,
              48.104765
            ],
            [
              23.148669,
              48.1059
            ],
            [
              23.149536,
              48.108477
            ],
            [
              23.149936,
              48.109597
            ],
            [
              23.150236,
              48.110436
            ],
            [
              23.150958,
              48.112743
            ],
            [
              23.153558,
              48.11347
            ],
            [
              23.15588,
              48.113017
            ],
            [
              23.15688,
              48.114642
            ],
            [
              23.159169,
              48.11465
            ],
            [
              23.16128,
              48.114568
            ],
            [
              23.163066,
              48.114946
            ],
            [
              23.163988,
              48.115035
            ],
            [
              23.165577,
              48.115309
            ],
            [
              23.166132,
              48.117386
            ],
            [
              23.16651,
              48.119461
            ],
            [
              23.166677,
              48.120054
            ],
            [
              23.168255,
              48.119995
            ],
            [
              23.168733,
              48.119187
            ],
            [
              23.171966,
              48.117911
            ],
            [
              23.173844,
              48.119394
            ],
            [
              23.174266,
              48.120084
            ],
            [
              23.177077,
              48.119773
            ],
            [
              23.179278,
              48.11869
            ],
            [
              23.181489,
              48.11725
            ],
            [
              23.181755,
              48.115693
            ],
            [
              23.181667,
              48.114721
            ],
            [
              23.181589,
              48.114061
            ],
            [
              23.181555,
              48.113274
            ],
            [
              23.181667,
              48.11228
            ],
            [
              23.181833,
              48.112006
            ],
            [
              23.183578,
              48.111813
            ],
            [
              23.186367,
              48.11162
            ],
            [
              23.187689,
              48.109557
            ],
            [
              23.188011,
              48.109424
            ],
            [
              23.188256,
              48.108897
            ],
            [
              23.186745,
              48.108355
            ],
            [
              23.187011,
              48.107695
            ],
            [
              23.187789,
              48.105091
            ],
            [
              23.187989,
              48.104764
            ],
            [
              23.188011,
              48.104475
            ],
            [
              23.187511,
              48.104311
            ],
            [
              23.187545,
              48.103881
            ],
            [
              23.186967,
              48.10377
            ],
            [
              23.185411,
              48.103428
            ],
            [
              23.185667,
              48.103102
            ],
            [
              23.186278,
              48.101959
            ],
            [
              23.186522,
              48.101707
            ],
            [
              23.188122,
              48.100698
            ],
            [
              23.189894,
              48.099705
            ],
            [
              23.189827,
              48.099044
            ],
            [
              23.189427,
              48.098332
            ],
            [
              23.189316,
              48.097746
            ],
            [
              23.192394,
              48.097479
            ],
            [
              23.193083,
              48.097427
            ],
            [
              23.195383,
              48.09739
            ],
            [
              23.197449,
              48.097338
            ],
            [
              23.197238,
              48.096336
            ],
            [
              23.199205,
              48.096262
            ],
            [
              23.200761,
              48.09667
            ],
            [
              23.201099,
              48.096671
            ],
            [
              23.201688,
              48.096523
            ],
            [
              23.202332,
              48.096449
            ],
            [
              23.203166,
              48.096256
            ],
            [
              23.203866,
              48.096233
            ],
            [
              23.204721,
              48.095825
            ],
            [
              23.204988,
              48.095706
            ],
            [
              23.205355,
              48.095632
            ],
            [
              23.20591,
              48.095565
            ],
            [
              23.206477,
              48.095499
            ],
            [
              23.206788,
              48.095536
            ],
            [
              23.207399,
              48.095721
            ],
            [
              23.207955,
              48.095796
            ],
            [
              23.208544,
              48.095781
            ],
            [
              23.209077,
              48.095706
            ],
            [
              23.209711,
              48.095543
            ],
            [
              23.210799,
              48.095261
            ],
            [
              23.211822,
              48.094964
            ],
            [
              23.212488,
              48.09492
            ],
            [
              23.2131,
              48.09495
            ],
            [
              23.213644,
              48.094875
            ],
            [
              23.214644,
              48.094682
            ],
            [
              23.215566,
              48.094504
            ],
            [
              23.216476,
              48.094262
            ],
            [
              23.217298,
              48.094077
            ],
            [
              23.217698,
              48.094017
            ],
            [
              23.218054,
              48.094057
            ],
            [
              23.218387,
              48.094146
            ],
            [
              23.218854,
              48.094302
            ],
            [
              23.219343,
              48.094309
            ],
            [
              23.219587,
              48.09425
            ],
            [
              23.219921,
              48.094079
            ],
            [
              23.220632,
              48.093998
            ],
            [
              23.22181,
              48.093819
            ],
            [
              23.222832,
              48.093664
            ],
            [
              23.223899,
              48.093463
            ],
            [
              23.224954,
              48.093144
            ],
            [
              23.225932,
              48.093092
            ],
            [
              23.226943,
              48.093018
            ],
            [
              23.227621,
              48.092921
            ],
            [
              23.228821,
              48.092899
            ],
            [
              23.229277,
              48.093122
            ],
            [
              23.229765,
              48.093211
            ],
            [
              23.23011,
              48.093196
            ],
            [
              23.230688,
              48.093107
            ],
            [
              23.232766,
              48.092587
            ],
            [
              23.234066,
              48.092224
            ],
            [
              23.235121,
              48.091934
            ],
            [
              23.235488,
              48.091823
            ],
            [
              23.236399,
              48.092268
            ],
            [
              23.237266,
              48.092669
            ],
            [
              23.237777,
              48.093018
            ],
            [
              23.238321,
              48.093404
            ],
            [
              23.239244,
              48.093805
            ],
            [
              23.239933,
              48.094035
            ],
            [
              23.240466,
              48.094079
            ],
            [
              23.241433,
              48.09402
            ],
            [
              23.241755,
              48.094087
            ],
            [
              23.242077,
              48.094087
            ],
            [
              23.242199,
              48.094042
            ],
            [
              23.243233,
              48.093389
            ],
            [
              23.244622,
              48.092877
            ],
            [
              23.246322,
              48.092142
            ],
            [
              23.246666,
              48.092023
            ],
            [
              23.247088,
              48.092402
            ],
            [
              23.247455,
              48.092914
            ],
            [
              23.248,
              48.093634
            ],
            [
              23.248422,
              48.094242
            ],
            [
              23.248733,
              48.094844
            ],
            [
              23.248966,
              48.095333
            ],
            [
              23.249089,
              48.095615
            ],
            [
              23.249244,
              48.095868
            ],
            [
              23.249866,
              48.096793
            ],
            [
              23.2501,
              48.097186
            ],
            [
              23.250266,
              48.097527
            ],
            [
              23.250739,
              48.098255
            ],
            [
              23.251151,
              48.098796
            ],
            [
              23.251262,
              48.098982
            ],
            [
              23.251473,
              48.099353
            ],
            [
              23.251662,
              48.099791
            ],
            [
              23.251828,
              48.100199
            ],
            [
              23.251884,
              48.100466
            ],
            [
              23.251917,
              48.100689
            ],
            [
              23.251995,
              48.100941
            ],
            [
              23.252473,
              48.100986
            ],
            [
              23.255095,
              48.10103
            ],
            [
              23.255973,
              48.101075
            ],
            [
              23.257473,
              48.100904
            ],
            [
              23.259318,
              48.100718
            ],
            [
              23.260773,
              48.100614
            ],
            [
              23.261829,
              48.10054
            ],
            [
              23.262096,
              48.100577
            ],
            [
              23.263784,
              48.100948
            ],
            [
              23.26474,
              48.100763
            ],
            [
              23.266592,
              48.100431
            ],
            [
              23.267958,
              48.100171
            ],
            [
              23.268147,
              48.098783
            ],
            [
              23.268425,
              48.097106
            ],
            [
              23.268369,
              48.096371
            ],
            [
              23.268392,
              48.095844
            ],
            [
              23.268425,
              48.095169
            ],
            [
              23.268603,
              48.094368
            ],
            [
              23.268703,
              48.093818
            ],
            [
              23.268814,
              48.093165
            ],
            [
              23.268847,
              48.092668
            ],
            [
              23.268858,
              48.092275
            ],
            [
              23.268914,
              48.09154
            ],
            [
              23.268969,
              48.090805
            ],
            [
              23.268992,
              48.089937
            ],
            [
              23.268981,
              48.089328
            ],
            [
              23.268947,
              48.088927
            ],
            [
              23.268881,
              48.088452
            ],
            [
              23.268836,
              48.087955
            ],
            [
              23.268858,
              48.087532
            ],
            [
              23.268925,
              48.087072
            ],
            [
              23.269081,
              48.086634
            ],
            [
              23.269303,
              48.086092
            ],
            [
              23.269392,
              48.085869
            ],
            [
              23.269547,
              48.085558
            ],
            [
              23.269625,
              48.085305
            ],
            [
              23.270014,
              48.085023
            ],
            [
              23.270737,
              48.084348
            ],
            [
              23.271648,
              48.084132
            ],
            [
              23.272703,
              48.08388
            ],
            [
              23.273281,
              48.083739
            ],
            [
              23.274126,
              48.083442
            ],
            [
              23.274859,
              48.08319
            ],
            [
              23.275759,
              48.082989
            ],
            [
              23.276792,
              48.082818
            ],
            [
              23.278204,
              48.082566
            ],
            [
              23.279315,
              48.082366
            ],
            [
              23.280659,
              48.082091
            ],
            [
              23.280904,
              48.082017
            ],
            [
              23.281448,
              48.081683
            ],
            [
              23.281893,
              48.081453
            ],
            [
              23.281937,
              48.081311
            ],
            [
              23.282215,
              48.080458
            ],
            [
              23.28227,
              48.080257
            ],
            [
              23.282526,
              48.079908
            ],
            [
              23.282926,
              48.079567
            ],
            [
              23.283659,
              48.079107
            ],
            [
              23.284237,
              48.078758
            ],
            [
              23.28467,
              48.078431
            ],
            [
              23.285093,
              48.078082
            ],
            [
              23.285838,
              48.077394
            ],
            [
              23.286607,
              48.076426
            ],
            [
              23.287181,
              48.075689
            ],
            [
              23.287725,
              48.075225
            ],
            [
              23.287967,
              48.075055
            ],
            [
              23.289588,
              48.074691
            ],
            [
              23.29004,
              48.074657
            ],
            [
              23.290458,
              48.07452
            ],
            [
              23.291157,
              48.074229
            ],
            [
              23.291464,
              48.07399
            ],
            [
              23.291865,
              48.073585
            ],
            [
              23.29201,
              48.073425
            ],
            [
              23.292096,
              48.073192
            ],
            [
              23.292138,
              48.072109
            ],
            [
              23.290953,
              48.070992
            ],
            [
              23.290535,
              48.070769
            ],
            [
              23.289775,
              48.070536
            ],
            [
              23.286483,
              48.070627
            ],
            [
              23.285911,
              48.070456
            ],
            [
              23.285425,
              48.069755
            ],
            [
              23.285203,
              48.069196
            ],
            [
              23.284768,
              48.068638
            ],
            [
              23.284359,
              48.068176
            ],
            [
              23.28377,
              48.067657
            ],
            [
              23.283463,
              48.067258
            ],
            [
              23.283361,
              48.067121
            ],
            [
              23.283062,
              48.066551
            ],
            [
              23.282755,
              48.065514
            ],
            [
              23.283036,
              48.064887
            ],
            [
              23.28313,
              48.064499
            ],
            [
              23.283181,
              48.064208
            ],
            [
              23.283079,
              48.063803
            ],
            [
              23.282601,
              48.063176
            ],
            [
              23.282354,
              48.062943
            ],
            [
              23.281987,
              48.062658
            ],
            [
              23.281382,
              48.062281
            ],
            [
              23.281066,
              48.06215
            ],
            [
              23.280878,
              48.062088
            ],
            [
              23.280469,
              48.062025
            ],
            [
              23.280213,
              48.061939
            ],
            [
              23.28,
              48.061865
            ],
            [
              23.279599,
              48.06158
            ],
            [
              23.27907,
              48.061267
            ],
            [
              23.278746,
              48.061113
            ],
            [
              23.278396,
              48.06097
            ],
            [
              23.278012,
              48.060816
            ],
            [
              23.277543,
              48.060577
            ],
            [
              23.277185,
              48.060394
            ],
            [
              23.276937,
              48.060269
            ],
            [
              23.27675,
              48.060092
            ],
            [
              23.276647,
              48.059858
            ],
            [
              23.276818,
              48.059545
            ],
            [
              23.276971,
              48.059294
            ],
            [
              23.276946,
              48.058359
            ],
            [
              23.27692,
              48.058182
            ],
            [
              23.276877,
              48.057823
            ],
            [
              23.27686,
              48.057629
            ],
            [
              23.27698,
              48.057504
            ],
            [
              23.277244,
              48.057401
            ],
            [
              23.27762,
              48.057316
            ],
            [
              23.277884,
              48.057241
            ],
            [
              23.278294,
              48.057162
            ],
            [
              23.278669,
              48.057093
            ],
            [
              23.278942,
              48.056996
            ],
            [
              23.279087,
              48.056842
            ],
            [
              23.279172,
              48.056762
            ],
            [
              23.279266,
              48.056534
            ],
            [
              23.279599,
              48.055708
            ],
            [
              23.280102,
              48.055058
            ],
            [
              23.280494,
              48.054602
            ],
            [
              23.281032,
              48.0539
            ],
            [
              23.281475,
              48.053473
            ],
            [
              23.281945,
              48.053091
            ],
            [
              23.282328,
              48.052823
            ],
            [
              23.282729,
              48.052589
            ],
            [
              23.282925,
              48.052475
            ],
            [
              23.282985,
              48.052395
            ],
            [
              23.283156,
              48.052184
            ],
            [
              23.283369,
              48.051671
            ],
            [
              23.283702,
              48.050998
            ],
            [
              23.283966,
              48.050576
            ],
            [
              23.284017,
              48.050519
            ],
            [
              23.284342,
              48.050433
            ],
            [
              23.284512,
              48.050376
            ],
            [
              23.284905,
              48.050411
            ],
            [
              23.285433,
              48.05045
            ],
            [
              23.286471,
              48.050388
            ],
            [
              23.286906,
              48.050262
            ],
            [
              23.28712,
              48.050217
            ],
            [
              23.287674,
              48.049971
            ],
            [
              23.287776,
              48.04992
            ],
            [
              23.287759,
              48.04937
            ],
            [
              23.287811,
              48.049085
            ],
            [
              23.287802,
              48.04892
            ],
            [
              23.287785,
              48.048777
            ],
            [
              23.287657,
              48.048515
            ],
            [
              23.287503,
              48.048264
            ],
            [
              23.287393,
              48.047984
            ],
            [
              23.287358,
              48.047905
            ],
            [
              23.287393,
              48.047728
            ],
            [
              23.287444,
              48.047511
            ],
            [
              23.287563,
              48.047203
            ],
            [
              23.287751,
              48.047009
            ],
            [
              23.28787,
              48.046912
            ],
            [
              23.287904,
              48.046878
            ],
            [
              23.288211,
              48.046884
            ],
            [
              23.288553,
              48.046861
            ],
            [
              23.289064,
              48.04673
            ],
            [
              23.289329,
              48.046684
            ],
            [
              23.289909,
              48.046456
            ],
            [
              23.290353,
              48.046251
            ],
            [
              23.290813,
              48.045966
            ],
            [
              23.291454,
              48.04566
            ],
            [
              23.291855,
              48.045369
            ],
            [
              23.292998,
              48.044787
            ],
            [
              23.293587,
              48.044594
            ],
            [
              23.293783,
              48.044502
            ],
            [
              23.294431,
              48.044411
            ],
            [
              23.29554,
              48.044462
            ],
            [
              23.296112,
              48.044537
            ],
            [
              23.296717,
              48.044502
            ],
            [
              23.297571,
              48.0444
            ],
            [
              23.298219,
              48.044337
            ],
            [
              23.298935,
              48.044337
            ],
            [
              23.299533,
              48.044354
            ],
            [
              23.300181,
              48.04424
            ],
            [
              23.300505,
              48.044172
            ],
            [
              23.300983,
              48.04404
            ],
            [
              23.301204,
              48.043869
            ],
            [
              23.301529,
              48.043447
            ],
            [
              23.301742,
              48.043213
            ],
            [
              23.302023,
              48.042894
            ],
            [
              23.302372,
              48.042383
            ],
            [
              23.302713,
              48.042018
            ],
            [
              23.303984,
              48.042246
            ],
            [
              23.304086,
              48.042303
            ],
            [
              23.304453,
              48.042708
            ],
            [
              23.304615,
              48.042919
            ],
            [
              23.304786,
              48.042993
            ],
            [
              23.305187,
              48.043044
            ],
            [
              23.305938,
              48.043051
            ],
            [
              23.306416,
              48.043103
            ],
            [
              23.306919,
              48.043177
            ],
            [
              23.307423,
              48.043228
            ],
            [
              23.307994,
              48.043222
            ],
            [
              23.308429,
              48.043359
            ],
            [
              23.308745,
              48.043565
            ],
            [
              23.309077,
              48.043793
            ],
            [
              23.309424,
              48.044065
            ],
            [
              23.30961,
              48.04429
            ],
            [
              23.309772,
              48.044534
            ],
            [
              23.309865,
              48.044666
            ],
            [
              23.310086,
              48.044806
            ],
            [
              23.310329,
              48.044953
            ],
            [
              23.310341,
              48.044961
            ]
          ],
          [
            [
              23.310295,
              48.044982
            ],
            [
              23.310909,
              48.044769
            ],
            [
              23.311227,
              48.044684
            ],
            [
              23.311589,
              48.044684
            ],
            [
              23.312098,
              48.044776
            ],
            [
              23.312553,
              48.044883
            ],
            [
              23.312786,
              48.044812
            ],
            [
              23.313369,
              48.044614
            ],
            [
              23.313644,
              48.044599
            ],
            [
              23.313941,
              48.044578
            ],
            [
              23.314174,
              48.044592
            ],
            [
              23.31447,
              48.044536
            ],
            [
              23.314979,
              48.044337
            ],
            [
              23.315551,
              48.044153
            ],
            [
              23.316006,
              48.044019
            ],
            [
              23.316239,
              48.043955
            ],
            [
              23.316642,
              48.043728
            ],
            [
              23.316917,
              48.043481
            ],
            [
              23.317129,
              48.043148
            ],
            [
              23.317701,
              48.04273
            ],
            [
              23.318389,
              48.04227
            ],
            [
              23.319083,
              48.041812
            ],
            [
              23.320994,
              48.040993
            ],
            [
              23.321708,
              48.040723
            ],
            [
              23.321896,
              48.040561
            ],
            [
              23.322219,
              48.040336
            ],
            [
              23.322986,
              48.039688
            ],
            [
              23.323417,
              48.039193
            ],
            [
              23.323781,
              48.038617
            ],
            [
              23.323982,
              48.038095
            ],
            [
              23.324104,
              48.037645
            ],
            [
              23.324198,
              48.037159
            ],
            [
              23.324373,
              48.036736
            ],
            [
              23.324561,
              48.036466
            ],
            [
              23.324992,
              48.036097
            ],
            [
              23.325315,
              48.03598
            ],
            [
              23.325948,
              48.035871
            ],
            [
              23.326459,
              48.035781
            ],
            [
              23.326621,
              48.035763
            ],
            [
              23.326957,
              48.03588
            ],
            [
              23.32755,
              48.036151
            ],
            [
              23.328344,
              48.036376
            ],
            [
              23.328923,
              48.036619
            ],
            [
              23.329326,
              48.036907
            ],
            [
              23.32973,
              48.037267
            ],
            [
              23.330107,
              48.037492
            ],
            [
              23.330672,
              48.037708
            ],
            [
              23.331211,
              48.037951
            ],
            [
              23.331803,
              48.038257
            ],
            [
              23.33218,
              48.038383
            ],
            [
              23.332597,
              48.038482
            ],
            [
              23.333015,
              48.038446
            ],
            [
              23.333459,
              48.038356
            ],
            [
              23.333943,
              48.038167
            ],
            [
              23.334576,
              48.03778
            ],
            [
              23.335088,
              48.037492
            ],
            [
              23.335868,
              48.037168
            ],
            [
              23.336595,
              48.036826
            ],
            [
              23.336891,
              48.036664
            ],
            [
              23.337632,
              48.036214
            ],
            [
              23.338385,
              48.035673
            ],
            [
              23.338735,
              48.035358
            ],
            [
              23.338749,
              48.035277
            ],
            [
              23.338749,
              48.035115
            ],
            [
              23.338668,
              48.034899
            ],
            [
              23.338507,
              48.034755
            ],
            [
              23.338237,
              48.034665
            ],
            [
              23.33628,
              48.034395
            ],
            [
              23.335782,
              48.034377
            ],
            [
              23.334948,
              48.033981
            ],
            [
              23.33418,
              48.033621
            ],
            [
              23.333817,
              48.033468
            ],
            [
              23.332888,
              48.033405
            ],
            [
              23.332323,
              48.033297
            ],
            [
              23.331421,
              48.032793
            ],
            [
              23.330904,
              48.032508
            ],
            [
              23.33085,
              48.032436
            ],
            [
              23.330743,
              48.03231
            ],
            [
              23.330716,
              48.03204
            ],
            [
              23.330716,
              48.031734
            ],
            [
              23.330931,
              48.031158
            ],
            [
              23.331039,
              48.030798
            ],
            [
              23.330985,
              48.030177
            ],
            [
              23.330958,
              48.030249
            ],
            [
              23.330662,
              48.030024
            ],
            [
              23.330366,
              48.029826
            ],
            [
              23.330312,
              48.029754
            ],
            [
              23.330339,
              48.029502
            ],
            [
              23.330218,
              48.029232
            ],
            [
              23.33011,
              48.028854
            ],
            [
              23.329814,
              48.028566
            ],
            [
              23.32972,
              48.02844
            ],
            [
              23.329733,
              48.028386
            ],
            [
              23.329948,
              48.028134
            ],
            [
              23.330123,
              48.027963
            ],
            [
              23.330218,
              48.027647
            ],
            [
              23.330285,
              48.027413
            ],
            [
              23.330339,
              48.027089
            ],
            [
              23.330218,
              48.026954
            ],
            [
              23.329975,
              48.026747
            ],
            [
              23.329679,
              48.02645
            ],
            [
              23.329464,
              48.026351
            ],
            [
              23.329087,
              48.026207
            ],
            [
              23.328575,
              48.026045
            ],
            [
              23.328522,
              48.025676
            ],
            [
              23.328522,
              48.025127
            ],
            [
              23.328548,
              48.02447
            ],
            [
              23.328602,
              48.024254
            ],
            [
              23.328777,
              48.024164
            ],
            [
              23.329087,
              48.024092
            ],
            [
              23.329491,
              48.02402
            ],
            [
              23.329558,
              48.02392
            ],
            [
              23.32972,
              48.023677
            ],
            [
              23.329814,
              48.023443
            ],
            [
              23.33007,
              48.023164
            ],
            [
              23.330123,
              48.023056
            ],
            [
              23.330137,
              48.022975
            ],
            [
              23.330164,
              48.022633
            ],
            [
              23.330285,
              48.02239
            ],
            [
              23.33042,
              48.022264
            ],
            [
              23.330702,
              48.022174
            ],
            [
              23.330944,
              48.022102
            ],
            [
              23.331079,
              48.021985
            ],
            [
              23.331375,
              48.021751
            ],
            [
              23.331564,
              48.02149
            ],
            [
              23.331819,
              48.021112
            ],
            [
              23.332021,
              48.020679
            ],
            [
              23.332102,
              48.020445
            ],
            [
              23.332533,
              48.020499
            ],
            [
              23.333082,
              48.020883
            ],
            [
              23.333755,
              48.021189
            ],
            [
              23.334158,
              48.021369
            ],
            [
              23.334576,
              48.020793
            ],
            [
              23.335397,
              48.020973
            ],
            [
              23.336056,
              48.019929
            ],
            [
              23.336299,
              48.019532
            ],
            [
              23.336837,
              48.019379
            ],
            [
              23.337093,
              48.019289
            ],
            [
              23.337564,
              48.019127
            ],
            [
              23.337685,
              48.018929
            ],
            [
              23.337806,
              48.018713
            ],
            [
              23.33786,
              48.01856
            ],
            [
              23.338291,
              48.018272
            ],
            [
              23.33856,
              48.018119
            ],
            [
              23.339233,
              48.01811
            ],
            [
              23.33992,
              48.018137
            ],
            [
              23.340498,
              48.018146
            ],
            [
              23.341279,
              48.018209
            ],
            [
              23.342571,
              48.018326
            ],
            [
              23.343191,
              48.01838
            ],
            [
              23.343742,
              48.018569
            ],
            [
              23.344429,
              48.018794
            ],
            [
              23.345344,
              48.019113
            ],
            [
              23.346122,
              48.019393
            ],
            [
              23.34675,
              48.019753
            ],
            [
              23.347467,
              48.020153
            ],
            [
              23.348048,
              48.020449
            ],
            [
              23.348736,
              48.020649
            ],
            [
              23.348915,
              48.020619
            ],
            [
              23.349259,
              48.020439
            ],
            [
              23.349633,
              48.020319
            ],
            [
              23.35035,
              48.020219
            ],
            [
              23.350889,
              48.020059
            ],
            [
              23.351816,
              48.019709
            ],
            [
              23.352234,
              48.019549
            ],
            [
              23.352713,
              48.019399
            ],
            [
              23.352982,
              48.018819
            ],
            [
              23.353341,
              48.017969
            ],
            [
              23.35355,
              48.017479
            ],
            [
              23.353699,
              48.017319
            ],
            [
              23.353998,
              48.017139
            ],
            [
              23.354342,
              48.016939
            ],
            [
              23.354599,
              48.016802
            ],
            [
              23.355144,
              48.016327
            ],
            [
              23.355477,
              48.015962
            ],
            [
              23.356234,
              48.015223
            ],
            [
              23.356899,
              48.014616
            ],
            [
              23.357323,
              48.014312
            ],
            [
              23.357928,
              48.014332
            ],
            [
              23.358579,
              48.014332
            ],
            [
              23.359275,
              48.014231
            ],
            [
              23.35979,
              48.014201
            ],
            [
              23.360471,
              48.014251
            ],
            [
              23.360864,
              48.014322
            ],
            [
              23.361606,
              48.014292
            ],
            [
              23.362166,
              48.014282
            ],
            [
              23.362529,
              48.014191
            ],
            [
              23.363165,
              48.013958
            ],
            [
              23.363755,
              48.013735
            ],
            [
              23.364027,
              48.013563
            ],
            [
              23.364012,
              48.013492
            ],
            [
              23.363768,
              48.013158
            ],
            [
              23.363556,
              48.012985
            ],
            [
              23.363435,
              48.01258
            ],
            [
              23.363678,
              48.012317
            ],
            [
              23.36504,
              48.011447
            ],
            [
              23.365781,
              48.011021
            ],
            [
              23.366341,
              48.0109
            ],
            [
              23.367208,
              48.010735
            ],
            [
              23.367631,
              48.010694
            ],
            [
              23.368206,
              48.010907
            ],
            [
              23.36857,
              48.011008
            ],
            [
              23.368766,
              48.01115
            ],
            [
              23.368857,
              48.011089
            ],
            [
              23.369039,
              48.010927
            ],
            [
              23.369145,
              48.010704
            ],
            [
              23.369402,
              48.010532
            ],
            [
              23.369583,
              48.01036
            ],
            [
              23.369992,
              48.010158
            ],
            [
              23.370416,
              48.010016
            ],
            [
              23.370824,
              48.009864
            ],
            [
              23.371536,
              48.009722
            ],
            [
              23.371944,
              48.009631
            ],
            [
              23.372292,
              48.0096
            ],
            [
              23.372595,
              48.00961
            ],
            [
              23.373094,
              48.009741
            ],
            [
              23.373321,
              48.009863
            ],
            [
              23.373487,
              48.009903
            ],
            [
              23.37379,
              48.009822
            ],
            [
              23.374093,
              48.009478
            ],
            [
              23.374516,
              48.009023
            ],
            [
              23.37488,
              48.008749
            ],
            [
              23.375092,
              48.008466
            ],
            [
              23.375364,
              48.008192
            ],
            [
              23.37547,
              48.008
            ],
            [
              23.375878,
              48.007777
            ],
            [
              23.376136,
              48.007575
            ],
            [
              23.376544,
              48.007362
            ],
            [
              23.37665,
              48.00718
            ],
            [
              23.376756,
              48.006977
            ],
            [
              23.376817,
              48.006745
            ],
            [
              23.376741,
              48.00636
            ],
            [
              23.376756,
              48.005985
            ],
            [
              23.376681,
              48.005459
            ],
            [
              23.37662,
              48.005125
            ],
            [
              23.376423,
              48.004811
            ],
            [
              23.376302,
              48.004416
            ],
            [
              23.376181,
              48.004274
            ],
            [
              23.376062,
              48.00397
            ],
            [
              23.37588,
              48.003707
            ],
            [
              23.37582,
              48.003646
            ],
            [
              23.375805,
              48.003525
            ],
            [
              23.37588,
              48.003383
            ],
            [
              23.376228,
              48.003243
            ],
            [
              23.376697,
              48.003152
            ],
            [
              23.377136,
              48.003131
            ],
            [
              23.377409,
              48.003111
            ],
            [
              23.378811,
              48.003233
            ],
            [
              23.379446,
              48.003304
            ],
            [
              23.380778,
              48.003415
            ],
            [
              23.381353,
              48.003496
            ],
            [
              23.382165,
              48.003552
            ],
            [
              23.382694,
              48.003623
            ],
            [
              23.38333,
              48.003724
            ],
            [
              23.383708,
              48.003916
            ],
            [
              23.384087,
              48.004149
            ],
            [
              23.384283,
              48.00424
            ],
            [
              23.384904,
              48.00426
            ],
            [
              23.385978,
              48.004311
            ],
            [
              23.386553,
              48.004331
            ],
            [
              23.387204,
              48.004331
            ],
            [
              23.387704,
              48.004291
            ],
            [
              23.388158,
              48.00426
            ],
            [
              23.388581,
              48.004139
            ],
            [
              23.388793,
              48.004007
            ],
            [
              23.38902,
              48.003785
            ],
            [
              23.389232,
              48.003582
            ],
            [
              23.389701,
              48.00342
            ],
            [
              23.390609,
              48.003116
            ],
            [
              23.391033,
              48.002974
            ],
            [
              23.391714,
              48.002731
            ],
            [
              23.392001,
              48.0026
            ],
            [
              23.392319,
              48.002418
            ],
            [
              23.392743,
              48.002043
            ],
            [
              23.39297,
              48.001901
            ],
            [
              23.393273,
              48.001597
            ],
            [
              23.393484,
              48.001435
            ],
            [
              23.393636,
              48.001334
            ],
            [
              23.394302,
              48.001051
            ],
            [
              23.394937,
              48.000747
            ],
            [
              23.395055,
              48.000724
            ],
            [
              23.396054,
              48.000926
            ],
            [
              23.396811,
              48.000997
            ],
            [
              23.397537,
              48.000987
            ],
            [
              23.398324,
              48.001149
            ],
            [
              23.398823,
              48.00122
            ],
            [
              23.399081,
              48.00125
            ],
            [
              23.399353,
              48.001271
            ],
            [
              23.399641,
              48.001149
            ],
            [
              23.400125,
              48.000886
            ],
            [
              23.400352,
              48.000683
            ],
            [
              23.400624,
              48.00046
            ],
            [
              23.400881,
              48.000217
            ],
            [
              23.40123,
              47.999964
            ],
            [
              23.401799,
              47.999631
            ],
            [
              23.402299,
              47.999418
            ],
            [
              23.402859,
              47.999246
            ],
            [
              23.403313,
              47.999074
            ],
            [
              23.40357,
              47.998821
            ],
            [
              23.403347,
              47.998294
            ],
            [
              23.40312,
              47.997767
            ],
            [
              23.402893,
              47.99717
            ],
            [
              23.40265,
              47.996653
            ],
            [
              23.402469,
              47.996532
            ],
            [
              23.402306,
              47.996461
            ],
            [
              23.402079,
              47.996359
            ],
            [
              23.401973,
              47.996258
            ],
            [
              23.401837,
              47.996167
            ],
            [
              23.401791,
              47.995752
            ],
            [
              23.401806,
              47.995276
            ],
            [
              23.401822,
              47.995114
            ],
            [
              23.402018,
              47.99485
            ],
            [
              23.402684,
              47.994192
            ],
            [
              23.403259,
              47.993696
            ],
            [
              23.403592,
              47.993382
            ],
            [
              23.404182,
              47.992825
            ],
            [
              23.404651,
              47.992298
            ],
            [
              23.40509,
              47.991883
            ],
            [
              23.405272,
              47.991853
            ],
            [
              23.405786,
              47.991731
            ],
            [
              23.406694,
              47.991589
            ],
            [
              23.406952,
              47.991539
            ],
            [
              23.407088,
              47.991478
            ],
            [
              23.40733,
              47.991367
            ],
            [
              23.407542,
              47.991144
            ],
            [
              23.407845,
              47.991063
            ],
            [
              23.408117,
              47.990799
            ],
            [
              23.408465,
              47.990546
            ],
            [
              23.408904,
              47.990212
            ],
            [
              23.409297,
              47.989969
            ],
            [
              23.409676,
              47.989817
            ],
            [
              23.409903,
              47.989726
            ],
            [
              23.410205,
              47.989685
            ],
            [
              23.410417,
              47.989665
            ],
            [
              23.41075,
              47.989706
            ],
            [
              23.411038,
              47.989726
            ],
            [
              23.411325,
              47.989797
            ],
            [
              23.411583,
              47.989817
            ],
            [
              23.411688,
              47.989807
            ],
            [
              23.41181,
              47.989787
            ],
            [
              23.411885,
              47.989726
            ],
            [
              23.411991,
              47.989625
            ],
            [
              23.412279,
              47.989523
            ],
            [
              23.412596,
              47.989311
            ],
            [
              23.412763,
              47.989179
            ],
            [
              23.413353,
              47.988824
            ],
            [
              23.413717,
              47.988613
            ],
            [
              23.414353,
              47.988187
            ],
            [
              23.414716,
              47.988005
            ],
            [
              23.415261,
              47.987782
            ],
            [
              23.415715,
              47.98757
            ],
            [
              23.41632,
              47.987306
            ],
            [
              23.416834,
              47.987033
            ],
            [
              23.417243,
              47.98683
            ],
            [
              23.41747,
              47.986699
            ],
            [
              23.417879,
              47.986871
            ],
            [
              23.418287,
              47.98681
            ],
            [
              23.41862,
              47.987033
            ],
            [
              23.418953,
              47.987114
            ],
            [
              23.419286,
              47.987377
            ],
            [
              23.419513,
              47.987489
            ],
            [
              23.419906,
              47.98757
            ],
            [
              23.420799,
              47.987742
            ],
            [
              23.421344,
              47.987752
            ],
            [
              23.421919,
              47.987762
            ],
            [
              23.422131,
              47.987965
            ],
            [
              23.4226,
              47.98841
            ],
            [
              23.422888,
              47.988684
            ],
            [
              23.423006,
              47.988845
            ],
            [
              23.423187,
              47.988906
            ],
            [
              23.423566,
              47.988784
            ],
            [
              23.423974,
              47.988703
            ],
            [
              23.42461,
              47.988577
            ],
            [
              23.42523,
              47.988556
            ],
            [
              23.425957,
              47.988566
            ],
            [
              23.426971,
              47.988587
            ],
            [
              23.427409,
              47.988627
            ],
            [
              23.427742,
              47.988607
            ],
            [
              23.427833,
              47.988607
            ],
            [
              23.428045,
              47.988668
            ],
            [
              23.428438,
              47.98881
            ],
            [
              23.428862,
              47.988961
            ],
            [
              23.429437,
              47.989012
            ],
            [
              23.429876,
              47.989073
            ],
            [
              23.430406,
              47.989063
            ],
            [
              23.430648,
              47.989063
            ],
            [
              23.431299,
              47.989184
            ],
            [
              23.431707,
              47.989356
            ],
            [
              23.432101,
              47.989589
            ],
            [
              23.432434,
              47.989863
            ],
            [
              23.432782,
              47.990076
            ],
            [
              23.433432,
              47.990379
            ],
            [
              23.433508,
              47.99045
            ],
            [
              23.43369,
              47.990501
            ],
            [
              23.433902,
              47.9904
            ],
            [
              23.434446,
              47.989832
            ],
            [
              23.434628,
              47.98963
            ],
            [
              23.434628,
              47.989508
            ],
            [
              23.434643,
              47.989387
            ],
            [
              23.434537,
              47.989184
            ],
            [
              23.434431,
              47.989022
            ],
            [
              23.434386,
              47.988921
            ],
            [
              23.434401,
              47.98881
            ],
            [
              23.434598,
              47.988688
            ],
            [
              23.434749,
              47.988506
            ],
            [
              23.434931,
              47.988354
            ],
            [
              23.435173,
              47.988182
            ],
            [
              23.435294,
              47.988009
            ],
            [
              23.435657,
              47.987604
            ],
            [
              23.43605,
              47.986956
            ],
            [
              23.43652,
              47.986146
            ],
            [
              23.436898,
              47.985589
            ],
            [
              23.437201,
              47.984768
            ],
            [
              23.437322,
              47.984312
            ],
            [
              23.437247,
              47.984061
            ],
            [
              23.437141,
              47.983716
            ],
            [
              23.437005,
              47.983504
            ],
            [
              23.436823,
              47.983189
            ],
            [
              23.436823,
              47.983078
            ],
            [
              23.437186,
              47.982896
            ],
            [
              23.437973,
              47.982764
            ],
            [
              23.438715,
              47.982561
            ],
            [
              23.439017,
              47.98246
            ],
            [
              23.439169,
              47.982379
            ],
            [
              23.439804,
              47.98242
            ],
            [
              23.440289,
              47.98246
            ],
            [
              23.440712,
              47.982318
            ],
            [
              23.44097,
              47.982227
            ],
            [
              23.441227,
              47.982116
            ],
            [
              23.441514,
              47.981944
            ],
            [
              23.441741,
              47.981863
            ],
            [
              23.442226,
              47.981863
            ],
            [
              23.443315,
              47.981873
            ],
            [
              23.444859,
              47.981549
            ],
            [
              23.445464,
              47.981467
            ],
            [
              23.445847,
              47.981398
            ],
            [
              23.44627,
              47.981297
            ],
            [
              23.446361,
              47.981013
            ],
            [
              23.446497,
              47.980942
            ],
            [
              23.446573,
              47.98075
            ],
            [
              23.446739,
              47.980416
            ],
            [
              23.446921,
              47.980193
            ],
            [
              23.447103,
              47.97997
            ],
            [
              23.447315,
              47.979808
            ],
            [
              23.44739,
              47.979666
            ],
            [
              23.447572,
              47.979332
            ],
            [
              23.447784,
              47.979008
            ],
            [
              23.44795,
              47.978764
            ],
            [
              23.448223,
              47.978521
            ],
            [
              23.448707,
              47.978136
            ],
            [
              23.448964,
              47.977984
            ],
            [
              23.449191,
              47.97764
            ],
            [
              23.449463,
              47.977356
            ],
            [
              23.449796,
              47.97688
            ],
            [
              23.449872,
              47.976698
            ],
            [
              23.449917,
              47.976515
            ],
            [
              23.449902,
              47.976404
            ],
            [
              23.449812,
              47.976323
            ],
            [
              23.449842,
              47.976232
            ],
            [
              23.449993,
              47.976151
            ],
            [
              23.450674,
              47.9761
            ],
            [
              23.451143,
              47.976009
            ],
            [
              23.451885,
              47.975908
            ],
            [
              23.452354,
              47.975877
            ],
            [
              23.452959,
              47.975897
            ],
            [
              23.453504,
              47.975887
            ],
            [
              23.453807,
              47.975908
            ],
            [
              23.454352,
              47.97613
            ],
            [
              23.454473,
              47.976141
            ],
            [
              23.454669,
              47.975968
            ],
            [
              23.454927,
              47.975705
            ],
            [
              23.455138,
              47.975513
            ],
            [
              23.455744,
              47.975452
            ],
            [
              23.456561,
              47.975381
            ],
            [
              23.457302,
              47.9753
            ],
            [
              23.457681,
              47.97529
            ],
            [
              23.458863,
              47.974675
            ],
            [
              23.459771,
              47.974259
            ],
            [
              23.460331,
              47.973955
            ],
            [
              23.461178,
              47.973824
            ],
            [
              23.461647,
              47.973783
            ],
            [
              23.462253,
              47.973844
            ],
            [
              23.463131,
              47.973905
            ],
            [
              23.464039,
              47.973976
            ],
            [
              23.464886,
              47.974036
            ],
            [
              23.465643,
              47.974067
            ],
            [
              23.467528,
              47.974121
            ],
            [
              23.468521,
              47.974146
            ],
            [
              23.470676,
              47.973804
            ],
            [
              23.471967,
              47.97368
            ],
            [
              23.472561,
              47.973779
            ],
            [
              23.473694,
              47.974009
            ],
            [
              23.474939,
              47.974028
            ],
            [
              23.476434,
              47.9735
            ],
            [
              23.476926,
              47.973263
            ],
            [
              23.478821,
              47.973394
            ],
            [
              23.479871,
              47.973375
            ],
            [
              23.480456,
              47.973207
            ],
            [
              23.481682,
              47.972946
            ],
            [
              23.483781,
              47.972107
            ],
            [
              23.484923,
              47.971958
            ],
            [
              23.485397,
              47.971852
            ],
            [
              23.4864,
              47.971522
            ],
            [
              23.487208,
              47.970907
            ],
            [
              23.488146,
              47.970683
            ],
            [
              23.48835,
              47.970546
            ],
            [
              23.488443,
              47.970422
            ],
            [
              23.488508,
              47.969862
            ],
            [
              23.488889,
              47.969203
            ],
            [
              23.490124,
              47.96878
            ],
            [
              23.491433,
              47.96842
            ],
            [
              23.492501,
              47.968233
            ],
            [
              23.493161,
              47.967885
            ],
            [
              23.493783,
              47.967754
            ],
            [
              23.494563,
              47.967941
            ],
            [
              23.494972,
              47.968034
            ],
            [
              23.496142,
              47.968376
            ],
            [
              23.496736,
              47.968457
            ],
            [
              23.497451,
              47.968476
            ],
            [
              23.498594,
              47.968625
            ],
            [
              23.499086,
              47.968681
            ],
            [
              23.499653,
              47.968743
            ],
            [
              23.500553,
              47.968699
            ],
            [
              23.501092,
              47.968699
            ],
            [
              23.501594,
              47.968948
            ],
            [
              23.501928,
              47.969116
            ],
            [
              23.502448,
              47.96952
            ],
            [
              23.502847,
              47.969806
            ],
            [
              23.503247,
              47.970154
            ],
            [
              23.503571,
              47.970398
            ],
            [
              23.503906,
              47.970976
            ],
            [
              23.503971,
              47.971038
            ],
            [
              23.504361,
              47.971324
            ],
            [
              23.504751,
              47.971616
            ],
            [
              23.504909,
              47.971859
            ],
            [
              23.504946,
              47.972045
            ],
            [
              23.504612,
              47.972294
            ],
            [
              23.504184,
              47.972474
            ],
            [
              23.503581,
              47.973046
            ],
            [
              23.503098,
              47.973475
            ],
            [
              23.502791,
              47.973917
            ],
            [
              23.50281,
              47.974414
            ],
            [
              23.502866,
              47.974501
            ],
            [
              23.502977,
              47.974669
            ],
            [
              23.503217,
              47.974983
            ],
            [
              23.503347,
              47.975654
            ],
            [
              23.503663,
              47.976686
            ],
            [
              23.503895,
              47.977538
            ],
            [
              23.504555,
              47.979207
            ],
            [
              23.504797,
              47.979674
            ],
            [
              23.505075,
              47.980221
            ],
            [
              23.505196,
              47.980469
            ],
            [
              23.505484,
              47.980681
            ],
            [
              23.506738,
              47.981588
            ],
            [
              23.5071,
              47.981812
            ],
            [
              23.508391,
              47.982316
            ],
            [
              23.508539,
              47.982397
            ],
            [
              23.508929,
              47.982658
            ],
            [
              23.50944,
              47.983031
            ],
            [
              23.509868,
              47.983323
            ],
            [
              23.51022,
              47.983559
            ],
            [
              23.510898,
              47.98416
            ],
            [
              23.511353,
              47.984583
            ],
            [
              23.512245,
              47.985522
            ],
            [
              23.512833,
              47.986863
            ],
            [
              23.513112,
              47.987311
            ],
            [
              23.513344,
              47.987752
            ],
            [
              23.513611,
              47.988236
            ],
            [
              23.514391,
              47.988827
            ],
            [
              23.515198,
              47.9897
            ],
            [
              23.515476,
              47.990222
            ],
            [
              23.516104,
              47.991405
            ],
            [
              23.51668,
              47.992045
            ],
            [
              23.517042,
              47.992623
            ],
            [
              23.517868,
              47.992928
            ],
            [
              23.518509,
              47.993108
            ],
            [
              23.518808,
              47.993201
            ],
            [
              23.519429,
              47.993522
            ],
            [
              23.5198,
              47.993789
            ],
            [
              23.520237,
              47.99405
            ],
            [
              23.520515,
              47.994274
            ],
            [
              23.520775,
              47.994492
            ],
            [
              23.520915,
              47.994858
            ],
            [
              23.52097,
              47.995324
            ],
            [
              23.520961,
              47.995542
            ],
            [
              23.52084,
              47.995666
            ],
            [
              23.520831,
              47.995728
            ],
            [
              23.520738,
              47.995901
            ],
            [
              23.520729,
              47.996105
            ],
            [
              23.52072,
              47.996204
            ],
            [
              23.52058,
              47.996446
            ],
            [
              23.520803,
              47.996571
            ],
            [
              23.520887,
              47.996689
            ],
            [
              23.520868,
              47.996832
            ],
            [
              23.520822,
              47.996968
            ],
            [
              23.520952,
              47.997341
            ],
            [
              23.521091,
              47.997385
            ],
            [
              23.521397,
              47.997503
            ],
            [
              23.521528,
              47.997633
            ],
            [
              23.521639,
              47.997758
            ],
            [
              23.52175,
              47.997932
            ],
            [
              23.521815,
              47.998093
            ],
            [
              23.521815,
              47.998267
            ],
            [
              23.521806,
              47.998435
            ],
            [
              23.521788,
              47.998535
            ],
            [
              23.521685,
              47.998665
            ],
            [
              23.521713,
              47.998715
            ],
            [
              23.521788,
              47.998789
            ],
            [
              23.521834,
              47.998889
            ],
            [
              23.521806,
              47.999026
            ],
            [
              23.521774,
              47.999185
            ],
            [
              23.521746,
              47.99931
            ],
            [
              23.521709,
              47.999403
            ],
            [
              23.521579,
              47.99949
            ],
            [
              23.521598,
              47.999595
            ],
            [
              23.521607,
              47.999745
            ],
            [
              23.521653,
              47.9999
            ],
            [
              23.521793,
              47.99995
            ],
            [
              23.521867,
              48.000074
            ],
            [
              23.521886,
              48.000198
            ],
            [
              23.521997,
              48.000347
            ],
            [
              23.522053,
              48.000459
            ],
            [
              23.522192,
              48.000546
            ],
            [
              23.522313,
              48.000677
            ],
            [
              23.522313,
              48.000807
            ],
            [
              23.52235,
              48.000863
            ],
            [
              23.522452,
              48.000963
            ],
            [
              23.522498,
              48.000987
            ],
            [
              23.522471,
              48.001068
            ],
            [
              23.52248,
              48.001124
            ],
            [
              23.522461,
              48.001199
            ],
            [
              23.52248,
              48.001286
            ],
            [
              23.522498,
              48.001366
            ],
            [
              23.522536,
              48.001441
            ],
            [
              23.522573,
              48.001534
            ],
            [
              23.522601,
              48.001659
            ],
            [
              23.522666,
              48.001733
            ],
            [
              23.522731,
              48.001888
            ],
            [
              23.522814,
              48.002038
            ],
            [
              23.522926,
              48.002174
            ],
            [
              23.522981,
              48.002311
            ],
            [
              23.523037,
              48.002448
            ],
            [
              23.523009,
              48.002566
            ],
            [
              23.523186,
              48.002647
            ],
            [
              23.523241,
              48.002796
            ],
            [
              23.523474,
              48.002976
            ],
            [
              23.523492,
              48.003113
            ],
            [
              23.523642,
              48.003316
            ],
            [
              23.523726,
              48.003627
            ],
            [
              23.523841,
              48.003757
            ],
            [
              23.523915,
              48.003819
            ],
            [
              23.524018,
              48.003856
            ],
            [
              23.524148,
              48.003869
            ],
            [
              23.524389,
              48.003831
            ],
            [
              23.524549,
              48.003966
            ],
            [
              23.524614,
              48.004109
            ],
            [
              23.524697,
              48.004209
            ],
            [
              23.524781,
              48.004308
            ],
            [
              23.524892,
              48.004383
            ],
            [
              23.525004,
              48.004433
            ],
            [
              23.525134,
              48.004433
            ],
            [
              23.525282,
              48.004464
            ],
            [
              23.525366,
              48.004507
            ],
            [
              23.525431,
              48.004563
            ],
            [
              23.52557,
              48.004718
            ],
            [
              23.525645,
              48.004731
            ],
            [
              23.525793,
              48.004743
            ],
            [
              23.525821,
              48.004774
            ],
            [
              23.525784,
              48.005085
            ],
            [
              23.525821,
              48.005135
            ],
            [
              23.525905,
              48.005166
            ],
            [
              23.526007,
              48.005234
            ],
            [
              23.52597,
              48.005352
            ],
            [
              23.525802,
              48.005389
            ],
            [
              23.52583,
              48.005489
            ],
            [
              23.52583,
              48.005551
            ],
            [
              23.525821,
              48.005688
            ],
            [
              23.525905,
              48.005868
            ],
            [
              23.525979,
              48.005967
            ],
            [
              23.526025,
              48.006005
            ],
            [
              23.525988,
              48.006061
            ],
            [
              23.52596,
              48.006141
            ],
            [
              23.526035,
              48.00621
            ],
            [
              23.526016,
              48.006284
            ],
            [
              23.525979,
              48.006315
            ],
            [
              23.525849,
              48.006259
            ],
            [
              23.525784,
              48.006365
            ],
            [
              23.525793,
              48.006452
            ],
            [
              23.525914,
              48.006502
            ],
            [
              23.525979,
              48.006551
            ],
            [
              23.52597,
              48.006651
            ],
            [
              23.52597,
              48.006843
            ],
            [
              23.526035,
              48.006918
            ],
            [
              23.526044,
              48.007005
            ],
            [
              23.526016,
              48.007204
            ],
            [
              23.525979,
              48.007334
            ],
            [
              23.525877,
              48.007446
            ],
            [
              23.525933,
              48.007483
            ],
            [
              23.525951,
              48.007527
            ],
            [
              23.525914,
              48.007639
            ],
            [
              23.525914,
              48.007732
            ],
            [
              23.525933,
              48.007764
            ],
            [
              23.525822,
              48.00782
            ],
            [
              23.52584,
              48.007976
            ],
            [
              23.525831,
              48.008336
            ],
            [
              23.526006,
              48.008843
            ],
            [
              23.526089,
              48.00916
            ],
            [
              23.526117,
              48.009328
            ],
            [
              23.526043,
              48.009968
            ],
            [
              23.526024,
              48.010309
            ],
            [
              23.526191,
              48.010893
            ],
            [
              23.526331,
              48.011291
            ],
            [
              23.526433,
              48.011645
            ],
            [
              23.526433,
              48.011763
            ],
            [
              23.526396,
              48.011993
            ],
            [
              23.526238,
              48.012229
            ],
            [
              23.525838,
              48.012652
            ],
            [
              23.526024,
              48.012956
            ],
            [
              23.526266,
              48.013441
            ],
            [
              23.527422,
              48.015615
            ],
            [
              23.527803,
              48.016336
            ],
            [
              23.528081,
              48.016839
            ],
            [
              23.528276,
              48.017442
            ],
            [
              23.528583,
              48.018473
            ],
            [
              23.528954,
              48.019652
            ],
            [
              23.529057,
              48.020068
            ],
            [
              23.530171,
              48.019726
            ],
            [
              23.530719,
              48.019577
            ],
            [
              23.531091,
              48.019323
            ],
            [
              23.53136,
              48.018944
            ],
            [
              23.531638,
              48.018372
            ],
            [
              23.531843,
              48.018186
            ],
            [
              23.532939,
              48.017521
            ],
            [
              23.533319,
              48.017242
            ],
            [
              23.533849,
              48.016707
            ],
            [
              23.534313,
              48.016148
            ],
            [
              23.534805,
              48.015589
            ],
            [
              23.535818,
              48.014322
            ],
            [
              23.536728,
              48.013253
            ],
            [
              23.537211,
              48.01275
            ],
            [
              23.537647,
              48.012352
            ],
            [
              23.53853,
              48.011712
            ],
            [
              23.539059,
              48.011253
            ],
            [
              23.539403,
              48.010929
            ],
            [
              23.539867,
              48.010296
            ],
            [
              23.540285,
              48.00965
            ],
            [
              23.540415,
              48.009451
            ],
            [
              23.540517,
              48.00937
            ],
            [
              23.540935,
              48.009196
            ],
            [
              23.541585,
              48.009003
            ],
            [
              23.543238,
              48.00873
            ],
            [
              23.544083,
              48.008606
            ],
            [
              23.545291,
              48.008394
            ],
            [
              23.546312,
              48.008214
            ],
            [
              23.546693,
              48.00814
            ],
            [
              23.547863,
              48.008078
            ],
            [
              23.548634,
              48.007916
            ],
            [
              23.549034,
              48.007829
            ],
            [
              23.549693,
              48.00781
            ],
            [
              23.550064,
              48.007829
            ],
            [
              23.550761,
              48.007904
            ],
            [
              23.551662,
              48.008022
            ],
            [
              23.552284,
              48.008065
            ],
            [
              23.552879,
              48.00796
            ],
            [
              23.554123,
              48.007736
            ],
            [
              23.554894,
              48.007518
            ],
            [
              23.555145,
              48.007469
            ],
            [
              23.555813,
              48.007462
            ],
            [
              23.55624,
              48.007444
            ],
            [
              23.556658,
              48.007388
            ],
            [
              23.557215,
              48.007301
            ],
            [
              23.557791,
              48.007164
            ],
            [
              23.558079,
              48.007089
            ],
            [
              23.558571,
              48.006915
            ],
            [
              23.55911,
              48.00663
            ],
            [
              23.559611,
              48.006369
            ],
            [
              23.560633,
              48.005822
            ],
            [
              23.56159,
              48.005294
            ],
            [
              23.563048,
              48.004455
            ],
            [
              23.563577,
              48.004144
            ],
            [
              23.564496,
              48.00374
            ],
            [
              23.565435,
              48.003324
            ],
            [
              23.56641,
              48.003063
            ],
            [
              23.567329,
              48.002951
            ],
            [
              23.567914,
              48.002951
            ],
            [
              23.568457,
              48.00303
            ],
            [
              23.56946,
              48.00326
            ],
            [
              23.570918,
              48.003627
            ],
            [
              23.572061,
              48.003869
            ],
            [
              23.573268,
              48.004099
            ],
            [
              23.574485,
              48.00436
            ],
            [
              23.575683,
              48.004633
            ],
            [
              23.575943,
              48.004671
            ],
            [
              23.576825,
              48.004708
            ],
            [
              23.577819,
              48.004658
            ],
            [
              23.579147,
              48.004584
            ],
            [
              23.58054,
              48.004354
            ],
            [
              23.582119,
              48.004068
            ],
            [
              23.583085,
              48.003913
            ],
            [
              23.58455,
              48.003724
            ],
            [
              23.585042,
              48.003712
            ],
            [
              23.585321,
              48.003712
            ],
            [
              23.585822,
              48.003823
            ],
            [
              23.585943,
              48.003923
            ],
            [
              23.586268,
              48.00424
            ],
            [
              23.586612,
              48.004656
            ],
            [
              23.587169,
              48.005234
            ],
            [
              23.587401,
              48.005476
            ],
            [
              23.58794,
              48.005905
            ],
            [
              23.588265,
              48.00616
            ],
            [
              23.588673,
              48.006446
            ],
            [
              23.589175,
              48.006744
            ],
            [
              23.589908,
              48.007129
            ],
            [
              23.590716,
              48.007477
            ],
            [
              23.591459,
              48.007813
            ],
            [
              23.592072,
              48.008036
            ],
            [
              23.592583,
              48.008204
            ],
            [
              23.593243,
              48.008328
            ],
            [
              23.593883,
              48.008378
            ],
            [
              23.594394,
              48.008347
            ],
            [
              23.594701,
              48.00831
            ],
            [
              23.595016,
              48.008254
            ],
            [
              23.595481,
              48.008098
            ],
            [
              23.595945,
              48.0079
            ],
            [
              23.59628,
              48.007719
            ],
            [
              23.597171,
              48.007253
            ],
            [
              23.59797,
              48.006812
            ],
            [
              23.598323,
              48.006626
            ],
            [
              23.599121,
              48.006334
            ],
            [
              23.599753,
              48.006203
            ],
            [
              23.60032,
              48.006116
            ],
            [
              23.601285,
              48.006197
            ],
            [
              23.601963,
              48.006427
            ],
            [
              23.602781,
              48.006707
            ],
            [
              23.603514,
              48.006831
            ],
            [
              23.604239,
              48.00693
            ],
            [
              23.604777,
              48.006967
            ],
            [
              23.605455,
              48.00703
            ],
            [
              23.605799,
              48.007079
            ],
            [
              23.606421,
              48.007228
            ],
            [
              23.607146,
              48.007458
            ],
            [
              23.608269,
              48.007831
            ],
            [
              23.608901,
              48.008049
            ],
            [
              23.609533,
              48.00826
            ],
            [
              23.610396,
              48.008459
            ],
            [
              23.611214,
              48.008533
            ],
            [
              23.612198,
              48.008633
            ],
            [
              23.612867,
              48.008707
            ],
            [
              23.613526,
              48.008726
            ],
            [
              23.614232,
              48.008713
            ],
            [
              23.614566,
              48.008713
            ],
            [
              23.615532,
              48.008527
            ],
            [
              23.616517,
              48.008291
            ],
            [
              23.617065,
              48.008142
            ],
            [
              23.617622,
              48.007955
            ],
            [
              23.618095,
              48.007726
            ],
            [
              23.618439,
              48.007489
            ],
            [
              23.618829,
              48.007098
            ],
            [
              23.619071,
              48.006663
            ],
            [
              23.619368,
              48.006023
            ],
            [
              23.619646,
              48.005464
            ],
            [
              23.620046,
              48.005085
            ],
            [
              23.620557,
              48.004836
            ],
            [
              23.621716,
              48.004414
            ],
            [
              23.622338,
              48.004265
            ],
            [
              23.622886,
              48.004178
            ],
            [
              23.62335,
              48.004141
            ],
            [
              23.623694,
              48.00416
            ],
            [
              23.623973,
              48.004178
            ],
            [
              23.624344,
              48.004327
            ],
            [
              23.625096,
              48.00447
            ],
            [
              23.625477,
              48.004495
            ],
            [
              23.626424,
              48.004551
            ],
            [
              23.62739,
              48.004489
            ],
            [
              23.628449,
              48.004383
            ],
            [
              23.629656,
              48.004178
            ],
            [
              23.631755,
              48.003805
            ],
            [
              23.633587,
              48.00348
            ],
            [
              23.633959,
              48.0033
            ],
            [
              23.634479,
              48.003151
            ],
            [
              23.634804,
              48.003064
            ],
            [
              23.635491,
              48.002952
            ],
            [
              23.635937,
              48.002884
            ],
            [
              23.636346,
              48.002797
            ],
            [
              23.637079,
              48.002616
            ],
            [
              23.637535,
              48.002504
            ],
            [
              23.638621,
              48.00215
            ],
            [
              23.639253,
              48.001939
            ],
            [
              23.639931,
              48.001641
            ],
            [
              23.640534,
              48.001336
            ],
            [
              23.640776,
              48.001243
            ],
            [
              23.641556,
              48.00074
            ],
            [
              23.642113,
              48.000298
            ],
            [
              23.642795,
              47.999473
            ],
            [
              23.643213,
              47.998665
            ],
            [
              23.643872,
              47.997298
            ],
            [
              23.644123,
              47.995968
            ],
            [
              23.644383,
              47.994501
            ],
            [
              23.64456,
              47.993954
            ],
            [
              23.644773,
              47.99324
            ],
            [
              23.645358,
              47.992115
            ],
            [
              23.645516,
              47.991854
            ],
            [
              23.646027,
              47.991282
            ],
            [
              23.646482,
              47.990909
            ],
            [
              23.647838,
              47.990337
            ],
            [
              23.649677,
              47.989548
            ],
            [
              23.650466,
              47.989287
            ],
            [
              23.651247,
              47.989112
            ],
            [
              23.652157,
              47.988945
            ],
            [
              23.652881,
              47.988876
            ],
            [
              23.653476,
              47.988851
            ],
            [
              23.654228,
              47.988827
            ],
            [
              23.654841,
              47.988752
            ],
            [
              23.656104,
              47.988597
            ],
            [
              23.657488,
              47.98828
            ],
            [
              23.658964,
              47.987826
            ],
            [
              23.660051,
              47.98736
            ],
            [
              23.660534,
              47.987142
            ],
            [
              23.661658,
              47.986676
            ],
            [
              23.663255,
              47.986067
            ],
            [
              23.664212,
              47.985625
            ],
            [
              23.665159,
              47.985004
            ],
            [
              23.666069,
              47.98445
            ],
            [
              23.667193,
              47.983997
            ],
            [
              23.667453,
              47.983966
            ],
            [
              23.668372,
              47.983941
            ],
            [
              23.668725,
              47.983997
            ],
            [
              23.669431,
              47.984065
            ],
            [
              23.670267,
              47.98414
            ],
            [
              23.670453,
              47.984189
            ],
            [
              23.670629,
              47.984289
            ],
            [
              23.670768,
              47.984482
            ],
            [
              23.67101,
              47.984799
            ],
            [
              23.671131,
              47.984973
            ],
            [
              23.671381,
              47.985153
            ],
            [
              23.671818,
              47.985476
            ],
            [
              23.672143,
              47.985681
            ],
            [
              23.672728,
              47.985911
            ],
            [
              23.673155,
              47.986066
            ],
            [
              23.674,
              47.986209
            ],
            [
              23.6744,
              47.986247
            ],
            [
              23.675034,
              47.986304
            ],
            [
              23.675619,
              47.986317
            ],
            [
              23.678405,
              47.986379
            ],
            [
              23.679204,
              47.986435
            ],
            [
              23.680253,
              47.986522
            ],
            [
              23.683632,
              47.986865
            ],
            [
              23.684226,
              47.986946
            ],
            [
              23.685173,
              47.98712
            ],
            [
              23.686065,
              47.987257
            ],
            [
              23.686761,
              47.987481
            ],
            [
              23.687727,
              47.987779
            ],
            [
              23.689873,
              47.988575
            ],
            [
              23.691628,
              47.989165
            ],
            [
              23.692557,
              47.989475
            ],
            [
              23.693086,
              47.989593
            ],
            [
              23.694089,
              47.989798
            ],
            [
              23.695287,
              47.990053
            ],
            [
              23.696383,
              47.990333
            ],
            [
              23.697776,
              47.990706
            ],
            [
              23.698742,
              47.991004
            ],
            [
              23.699531,
              47.991246
            ],
            [
              23.702012,
              47.991776
            ],
            [
              23.702672,
              47.991932
            ],
            [
              23.70321,
              47.992131
            ],
            [
              23.703721,
              47.992373
            ],
            [
              23.704602,
              47.992901
            ],
            [
              23.705307,
              47.993311
            ],
            [
              23.705707,
              47.993492
            ],
            [
              23.706385,
              47.993753
            ],
            [
              23.706868,
              47.993933
            ],
            [
              23.707202,
              47.994101
            ],
            [
              23.707471,
              47.994256
            ],
            [
              23.707624,
              47.994345
            ],
            [
              23.708051,
              47.994543
            ],
            [
              23.70885,
              47.994606
            ],
            [
              23.709639,
              47.994531
            ],
            [
              23.710392,
              47.994432
            ],
            [
              23.710995,
              47.99427
            ],
            [
              23.711432,
              47.994096
            ],
            [
              23.711701,
              47.993903
            ],
            [
              23.712054,
              47.993679
            ],
            [
              23.712296,
              47.993394
            ],
            [
              23.712676,
              47.992511
            ],
            [
              23.712946,
              47.99166
            ],
            [
              23.713317,
              47.990423
            ],
            [
              23.713484,
              47.990087
            ],
            [
              23.713689,
              47.989745
            ],
            [
              23.714048,
              47.989214
            ],
            [
              23.714502,
              47.988676
            ],
            [
              23.715023,
              47.988418
            ],
            [
              23.715657,
              47.988198
            ],
            [
              23.716326,
              47.988122
            ],
            [
              23.717153,
              47.988183
            ],
            [
              23.71781,
              47.988365
            ],
            [
              23.718263,
              47.988653
            ],
            [
              23.718739,
              47.989244
            ],
            [
              23.719011,
              47.989677
            ],
            [
              23.71926,
              47.990276
            ],
            [
              23.719328,
              47.990837
            ],
            [
              23.71942,
              47.992226
            ],
            [
              23.719499,
              47.992765
            ],
            [
              23.719658,
              47.993159
            ],
            [
              23.720213,
              47.993788
            ],
            [
              23.720859,
              47.994076
            ],
            [
              23.721437,
              47.994258
            ],
            [
              23.722762,
              47.994357
            ],
            [
              23.72334,
              47.994342
            ],
            [
              23.724711,
              47.994129
            ],
            [
              23.725255,
              47.993917
            ],
            [
              23.725549,
              47.993773
            ],
            [
              23.725889,
              47.993591
            ],
            [
              23.72641,
              47.993409
            ],
            [
              23.727022,
              47.99328
            ],
            [
              23.727498,
              47.993273
            ],
            [
              23.728144,
              47.993318
            ],
            [
              23.728971,
              47.993417
            ],
            [
              23.729639,
              47.993508
            ],
            [
              23.73067,
              47.993788
            ],
            [
              23.731305,
              47.99394
            ],
            [
              23.731747,
              47.993985
            ],
            [
              23.732847,
              47.994031
            ],
            [
              23.734424,
              47.994054
            ],
            [
              23.734911,
              47.994122
            ],
            [
              23.735523,
              47.994327
            ],
            [
              23.736089,
              47.994486
            ],
            [
              23.736814,
              47.994638
            ],
            [
              23.737585,
              47.994842
            ],
            [
              23.738378,
              47.994964
            ],
            [
              23.739182,
              47.995108
            ],
            [
              23.740077,
              47.995252
            ],
            [
              23.740915,
              47.995343
            ],
            [
              23.741573,
              47.995434
            ],
            [
              23.742139,
              47.99554
            ],
            [
              23.742683,
              47.995646
            ],
            [
              23.743215,
              47.995881
            ],
            [
              23.743725,
              47.996048
            ],
            [
              23.744201,
              47.996018
            ],
            [
              23.744337,
              47.996018
            ],
            [
              23.744847,
              47.995851
            ],
            [
              23.745425,
              47.995669
            ],
            [
              23.745991,
              47.995517
            ],
            [
              23.746713,
              47.995343
            ],
            [
              23.747381,
              47.995298
            ],
            [
              23.74797,
              47.99532
            ],
            [
              23.748356,
              47.995366
            ],
            [
              23.749013,
              47.995487
            ],
            [
              23.749488,
              47.995639
            ],
            [
              23.750032,
              47.995859
            ],
            [
              23.751584,
              47.996625
            ],
            [
              23.752423,
              47.996761
            ],
            [
              23.752751,
              47.996784
            ],
            [
              23.753318,
              47.996723
            ],
            [
              23.75368,
              47.996594
            ],
            [
              23.753975,
              47.996458
            ],
            [
              23.75419,
              47.996208
            ],
            [
              23.754451,
              47.995692
            ],
            [
              23.754802,
              47.99501
            ],
            [
              23.75538,
              47.994092
            ],
            [
              23.755969,
              47.993273
            ],
            [
              23.756932,
              47.992068
            ],
            [
              23.757249,
              47.991939
            ],
            [
              23.757555,
              47.991909
            ],
            [
              23.757804,
              47.991947
            ],
            [
              23.75845,
              47.992166
            ],
            [
              23.758756,
              47.992227
            ],
            [
              23.759425,
              47.992523
            ],
            [
              23.759798,
              47.99269
            ],
            [
              23.760252,
              47.992902
            ],
            [
              23.761566,
              47.99369
            ],
            [
              23.761815,
              47.99388
            ],
            [
              23.762314,
              47.99416
            ],
            [
              23.763039,
              47.994486
            ],
            [
              23.764013,
              47.994797
            ],
            [
              23.764908,
              47.995078
            ],
            [
              23.765679,
              47.995305
            ],
            [
              23.76637,
              47.995457
            ],
            [
              23.767299,
              47.995639
            ],
            [
              23.767865,
              47.995593
            ],
            [
              23.768602,
              47.995525
            ],
            [
              23.76961,
              47.995389
            ],
            [
              23.77012,
              47.995267
            ],
            [
              23.770958,
              47.994979
            ],
            [
              23.771321,
              47.994911
            ],
            [
              23.771899,
              47.994805
            ],
            [
              23.772748,
              47.994691
            ],
            [
              23.775141,
              47.994261
            ],
            [
              23.776218,
              47.994042
            ],
            [
              23.777124,
              47.993822
            ],
            [
              23.778144,
              47.993503
            ],
            [
              23.779129,
              47.993177
            ],
            [
              23.779968,
              47.992851
            ],
            [
              23.78041,
              47.992669
            ],
            [
              23.781044,
              47.992336
            ],
            [
              23.781531,
              47.991949
            ],
            [
              23.782925,
              47.990683
            ],
            [
              23.784398,
              47.989431
            ],
            [
              23.785644,
              47.988461
            ],
            [
              23.786981,
              47.987756
            ],
            [
              23.788329,
              47.98702
            ],
            [
              23.788692,
              47.986808
            ],
            [
              23.788975,
              47.986535
            ],
            [
              23.789302,
              47.986365
            ],
            [
              23.789756,
              47.986244
            ],
            [
              23.790265,
              47.986206
            ],
            [
              23.790809,
              47.986123
            ],
            [
              23.791262,
              47.986001
            ],
            [
              23.791784,
              47.985941
            ],
            [
              23.792101,
              47.985888
            ],
            [
              23.792565,
              47.985971
            ],
            [
              23.793143,
              47.986161
            ],
            [
              23.793619,
              47.986282
            ],
            [
              23.794254,
              47.986441
            ],
            [
              23.794741,
              47.986479
            ],
            [
              23.795443,
              47.986593
            ],
            [
              23.796123,
              47.986638
            ],
            [
              23.797165,
              47.986502
            ],
            [
              23.798491,
              47.98635
            ],
            [
              23.799918,
              47.986092
            ],
            [
              23.801822,
              47.985721
            ],
            [
              23.80453,
              47.985106
            ],
            [
              23.807283,
              47.984439
            ],
            [
              23.808801,
              47.984075
            ],
            [
              23.810104,
              47.983923
            ],
            [
              23.812019,
              47.983658
            ],
            [
              23.814607,
              47.983391
            ],
            [
              23.815287,
              47.98336
            ],
            [
              23.816374,
              47.983345
            ],
            [
              23.817247,
              47.983315
            ],
            [
              23.817995,
              47.98336
            ],
            [
              23.818232,
              47.983391
            ],
            [
              23.818835,
              47.983256
            ],
            [
              23.819243,
              47.982983
            ],
            [
              23.819764,
              47.982535
            ],
            [
              23.820443,
              47.981746
            ],
            [
              23.821021,
              47.980973
            ],
            [
              23.821248,
              47.980624
            ],
            [
              23.82144,
              47.980177
            ],
            [
              23.821576,
              47.979752
            ],
            [
              23.82161,
              47.979471
            ],
            [
              23.821576,
              47.979342
            ],
            [
              23.821486,
              47.979236
            ],
            [
              23.821293,
              47.979138
            ],
            [
              23.81956,
              47.978387
            ],
            [
              23.818498,
              47.977955
            ],
            [
              23.817501,
              47.977439
            ],
            [
              23.817207,
              47.977287
            ],
            [
              23.816946,
              47.97706
            ],
            [
              23.816754,
              47.976787
            ],
            [
              23.816674,
              47.976499
            ],
            [
              23.81664,
              47.97621
            ],
            [
              23.816674,
              47.976021
            ],
            [
              23.816731,
              47.975839
            ],
            [
              23.816992,
              47.975535
            ],
            [
              23.817966,
              47.974815
            ],
            [
              23.819428,
              47.974003
            ],
            [
              23.819665,
              47.973935
            ],
            [
              23.820085,
              47.973867
            ],
            [
              23.820345,
              47.973867
            ],
            [
              23.820878,
              47.973806
            ],
            [
              23.821263,
              47.973662
            ],
            [
              23.821693,
              47.973533
            ],
            [
              23.822011,
              47.973442
            ],
            [
              23.82226,
              47.97329
            ],
            [
              23.8226,
              47.973108
            ],
            [
              23.822928,
              47.97279
            ],
            [
              23.823234,
              47.972547
            ],
            [
              23.823515,
              47.972355
            ],
            [
              23.823696,
              47.972309
            ],
            [
              23.824274,
              47.972279
            ],
            [
              23.824546,
              47.972264
            ],
            [
              23.824908,
              47.972188
            ],
            [
              23.825259,
              47.972052
            ],
            [
              23.826098,
              47.971703
            ],
            [
              23.82663,
              47.971574
            ],
            [
              23.827072,
              47.97149
            ],
            [
              23.827571,
              47.97143
            ],
            [
              23.827899,
              47.971384
            ],
            [
              23.828046,
              47.971377
            ],
            [
              23.828364,
              47.971179
            ],
            [
              23.828602,
              47.971028
            ],
            [
              23.829191,
              47.970519
            ],
            [
              23.830233,
              47.969662
            ],
            [
              23.831117,
              47.968926
            ],
            [
              23.831763,
              47.968426
            ],
            [
              23.832363,
              47.968069
            ],
            [
              23.832998,
              47.967804
            ],
            [
              23.833337,
              47.967622
            ],
            [
              23.833417,
              47.967538
            ],
            [
              23.83336,
              47.967409
            ],
            [
              23.833213,
              47.96706
            ],
            [
              23.832975,
              47.966575
            ],
            [
              23.832748,
              47.966029
            ],
            [
              23.83259,
              47.965756
            ],
            [
              23.832529,
              47.965221
            ],
            [
              23.832371,
              47.964675
            ],
            [
              23.832303,
              47.964326
            ],
            [
              23.832258,
              47.963931
            ],
            [
              23.832212,
              47.963431
            ],
            [
              23.832099,
              47.963006
            ],
            [
              23.832054,
              47.962657
            ],
            [
              23.832008,
              47.962194
            ],
            [
              23.832042,
              47.961944
            ],
            [
              23.832054,
              47.961322
            ],
            [
              23.832212,
              47.959979
            ],
            [
              23.832269,
              47.959463
            ],
            [
              23.832269,
              47.958795
            ],
            [
              23.832461,
              47.957414
            ],
            [
              23.832801,
              47.957027
            ],
            [
              23.833153,
              47.956565
            ],
            [
              23.833458,
              47.956132
            ],
            [
              23.833719,
              47.955859
            ],
            [
              23.834116,
              47.955677
            ],
            [
              23.834875,
              47.955616
            ],
            [
              23.83552,
              47.955677
            ],
            [
              23.8362,
              47.955783
            ],
            [
              23.83688,
              47.955882
            ],
            [
              23.837152,
              47.955935
            ],
            [
              23.837435,
              47.955935
            ],
            [
              23.837639,
              47.955836
            ],
            [
              23.837752,
              47.955502
            ],
            [
              23.837594,
              47.955199
            ],
            [
              23.83739,
              47.954895
            ],
            [
              23.837118,
              47.954599
            ],
            [
              23.836661,
              47.953671
            ],
            [
              23.836559,
              47.953405
            ],
            [
              23.836604,
              47.953117
            ],
            [
              23.836649,
              47.952912
            ],
            [
              23.836876,
              47.95248
            ],
            [
              23.837703,
              47.951546
            ],
            [
              23.838224,
              47.951197
            ],
            [
              23.839278,
              47.950666
            ],
            [
              23.840263,
              47.950325
            ],
            [
              23.841034,
              47.950142
            ],
            [
              23.842099,
              47.949793
            ],
            [
              23.842915,
              47.949414
            ],
            [
              23.843504,
              47.949171
            ],
            [
              23.843934,
              47.948959
            ],
            [
              23.844274,
              47.948572
            ],
            [
              23.844501,
              47.948215
            ],
            [
              23.844557,
              47.947866
            ],
            [
              23.844671,
              47.94735
            ],
            [
              23.844659,
              47.946986
            ],
            [
              23.844535,
              47.946819
            ],
            [
              23.844263,
              47.946538
            ],
            [
              23.843798,
              47.94606
            ],
            [
              23.843458,
              47.945802
            ],
            [
              23.842953,
              47.945314
            ],
            [
              23.842632,
              47.945051
            ],
            [
              23.842396,
              47.944766
            ],
            [
              23.842279,
              47.944507
            ],
            [
              23.8422,
              47.944187
            ],
            [
              23.842213,
              47.944016
            ],
            [
              23.842207,
              47.943779
            ],
            [
              23.842305,
              47.943451
            ],
            [
              23.842501,
              47.943104
            ],
            [
              23.842855,
              47.942788
            ],
            [
              23.843326,
              47.942403
            ],
            [
              23.843851,
              47.942019
            ],
            [
              23.844864,
              47.941593
            ],
            [
              23.845537,
              47.941292
            ],
            [
              23.84621,
              47.94089
            ],
            [
              23.846452,
              47.94074
            ],
            [
              23.846658,
              47.940547
            ],
            [
              23.847061,
              47.940283
            ],
            [
              23.847474,
              47.939965
            ],
            [
              23.847967,
              47.939646
            ],
            [
              23.848478,
              47.939406
            ],
            [
              23.848855,
              47.939214
            ],
            [
              23.849214,
              47.938955
            ],
            [
              23.849644,
              47.938601
            ],
            [
              23.849895,
              47.938325
            ],
            [
              23.850066,
              47.93806
            ],
            [
              23.850209,
              47.93773
            ],
            [
              23.850406,
              47.937315
            ],
            [
              23.850505,
              47.937117
            ],
            [
              23.850917,
              47.936576
            ],
            [
              23.851563,
              47.935873
            ],
            [
              23.852424,
              47.934966
            ],
            [
              23.852774,
              47.934612
            ],
            [
              23.852953,
              47.93451
            ],
            [
              23.853222,
              47.934437
            ],
            [
              23.8535,
              47.934401
            ],
            [
              23.853868,
              47.934383
            ],
            [
              23.854227,
              47.934431
            ],
            [
              23.854738,
              47.934522
            ],
            [
              23.855742,
              47.934684
            ],
            [
              23.855975,
              47.934762
            ],
            [
              23.856406,
              47.934744
            ],
            [
              23.856956,
              47.934638
            ],
            [
              23.857719,
              47.934325
            ],
            [
              23.85884,
              47.933706
            ],
            [
              23.859297,
              47.933448
            ],
            [
              23.860337,
              47.933015
            ],
            [
              23.860983,
              47.932745
            ],
            [
              23.861826,
              47.932463
            ],
            [
              23.862687,
              47.932192
            ],
            [
              23.863655,
              47.931946
            ],
            [
              23.864166,
              47.931844
            ],
            [
              23.864615,
              47.931796
            ],
            [
              23.865135,
              47.931796
            ],
            [
              23.865538,
              47.931814
            ],
            [
              23.866327,
              47.931958
            ],
            [
              23.866667,
              47.932042
            ],
            [
              23.867062,
              47.932217
            ],
            [
              23.867438,
              47.932385
            ],
            [
              23.867806,
              47.932607
            ],
            [
              23.868182,
              47.932794
            ],
            [
              23.869581,
              47.933545
            ],
            [
              23.869841,
              47.933725
            ],
            [
              23.870308,
              47.933989
            ],
            [
              23.870613,
              47.934278
            ],
            [
              23.870909,
              47.934638
            ],
            [
              23.871187,
              47.934866
            ],
            [
              23.871994,
              47.935485
            ],
            [
              23.873079,
              47.936242
            ],
            [
              23.873877,
              47.936873
            ],
            [
              23.874639,
              47.93757
            ],
            [
              23.875213,
              47.938087
            ],
            [
              23.875895,
              47.938627
            ],
            [
              23.876217,
              47.938988
            ],
            [
              23.876558,
              47.939324
            ],
            [
              23.877168,
              47.940129
            ],
            [
              23.877446,
              47.940508
            ],
            [
              23.877805,
              47.940988
            ],
            [
              23.878065,
              47.941229
            ],
            [
              23.878558,
              47.941577
            ],
            [
              23.879392,
              47.942172
            ],
            [
              23.880513,
              47.942869
            ],
            [
              23.88149,
              47.943337
            ],
            [
              23.882602,
              47.943752
            ],
            [
              23.883311,
              47.943914
            ],
            [
              23.883501,
              47.943968
            ],
            [
              23.884227,
              47.943992
            ],
            [
              23.884971,
              47.943908
            ],
            [
              23.885303,
              47.943794
            ],
            [
              23.885895,
              47.943559
            ],
            [
              23.886137,
              47.943427
            ],
            [
              23.886469,
              47.943247
            ],
            [
              23.886908,
              47.943091
            ],
            [
              23.887965,
              47.942735
            ],
            [
              23.888252,
              47.942669
            ],
            [
              23.888584,
              47.942633
            ],
            [
              23.889229,
              47.942669
            ],
            [
              23.889866,
              47.942705
            ],
            [
              23.890458,
              47.942687
            ],
            [
              23.891149,
              47.942657
            ],
            [
              23.891588,
              47.942651
            ],
            [
              23.89223,
              47.942711
            ],
            [
              23.892679,
              47.942825
            ],
            [
              23.893271,
              47.943011
            ],
            [
              23.893836,
              47.943264
            ],
            [
              23.895073,
              47.943846
            ],
            [
              23.895683,
              47.944165
            ],
            [
              23.89605,
              47.944363
            ],
            [
              23.897001,
              47.944657
            ],
            [
              23.898239,
              47.945054
            ],
            [
              23.898974,
              47.945276
            ],
            [
              23.899691,
              47.945438
            ],
            [
              23.900669,
              47.945612
            ],
            [
              23.901915,
              47.945757
            ],
            [
              23.903,
              47.945829
            ],
            [
              23.906587,
              47.946119
            ],
            [
              23.908084,
              47.946282
            ],
            [
              23.909429,
              47.946438
            ],
            [
              23.910739,
              47.94657
            ],
            [
              23.911447,
              47.946696
            ],
            [
              23.912128,
              47.946924
            ],
            [
              23.91272,
              47.947062
            ],
            [
              23.912882,
              47.947111
            ],
            [
              23.913375,
              47.947123
            ],
            [
              23.91368,
              47.94705
            ],
            [
              23.913814,
              47.946966
            ],
            [
              23.914613,
              47.946678
            ],
            [
              23.914899,
              47.946492
            ],
            [
              23.915115,
              47.9463
            ],
            [
              23.915393,
              47.946131
            ],
            [
              23.915913,
              47.946011
            ],
            [
              23.917655,
              47.945703
            ],
            [
              23.918803,
              47.945631
            ],
            [
              23.919637,
              47.945612
            ],
            [
              23.920094,
              47.945612
            ],
            [
              23.92074,
              47.945727
            ],
            [
              23.921314,
              47.945823
            ],
            [
              23.92239,
              47.946165
            ],
            [
              23.924542,
              47.946761
            ],
            [
              23.92638,
              47.947151
            ],
            [
              23.927708,
              47.947476
            ],
            [
              23.928111,
              47.947644
            ],
            [
              23.929008,
              47.948142
            ],
            [
              23.92977,
              47.948581
            ],
            [
              23.930317,
              47.948815
            ],
            [
              23.93155,
              47.948971
            ],
            [
              23.932249,
              47.948923
            ],
            [
              23.932572,
              47.948863
            ],
            [
              23.933747,
              47.948551
            ],
            [
              23.935773,
              47.948004
            ],
            [
              23.936365,
              47.947836
            ],
            [
              23.936859,
              47.94768
            ],
            [
              23.938371,
              47.947482
            ],
            [
              23.938613,
              47.947476
            ],
            [
              23.939285,
              47.947548
            ],
            [
              23.9402,
              47.947878
            ],
            [
              23.94081,
              47.948118
            ],
            [
              23.941455,
              47.948497
            ],
            [
              23.94211,
              47.949194
            ],
            [
              23.942433,
              47.949608
            ],
            [
              23.94293,
              47.949924
            ],
            [
              23.944003,
              47.950513
            ],
            [
              23.944585,
              47.950837
            ],
            [
              23.945043,
              47.951258
            ],
            [
              23.945437,
              47.9516
            ],
            [
              23.946274,
              47.95262
            ],
            [
              23.94665,
              47.953059
            ],
            [
              23.947224,
              47.953984
            ],
            [
              23.947852,
              47.954993
            ],
            [
              23.948345,
              47.956086
            ],
            [
              23.948713,
              47.957131
            ],
            [
              23.948749,
              47.957365
            ],
            [
              23.948767,
              47.958308
            ],
            [
              23.94874,
              47.958398
            ],
            [
              23.948605,
              47.958867
            ],
            [
              23.948219,
              47.960129
            ],
            [
              23.948274,
              47.96075
            ],
            [
              23.948525,
              47.961351
            ],
            [
              23.94876,
              47.961844
            ],
            [
              23.949414,
              47.962432
            ],
            [
              23.950311,
              47.963171
            ],
            [
              23.950903,
              47.963673
            ],
            [
              23.951028,
              47.963775
            ],
            [
              23.951773,
              47.964021
            ],
            [
              23.952338,
              47.964201
            ],
            [
              23.95319,
              47.964417
            ],
            [
              23.954445,
              47.964813
            ],
            [
              23.955171,
              47.964976
            ],
            [
              23.955557,
              47.964976
            ],
            [
              23.956391,
              47.96509
            ],
            [
              23.95736,
              47.965306
            ],
            [
              23.957593,
              47.965276
            ],
            [
              23.957763,
              47.9653
            ],
            [
              23.95822,
              47.965234
            ],
            [
              23.958418,
              47.965168
            ],
            [
              23.958866,
              47.96506
            ],
            [
              23.959153,
              47.964813
            ],
            [
              23.959404,
              47.964477
            ],
            [
              23.959619,
              47.964099
            ],
            [
              23.959781,
              47.963829
            ],
            [
              23.960122,
              47.963486
            ],
            [
              23.960283,
              47.963324
            ],
            [
              23.960758,
              47.963126
            ],
            [
              23.961269,
              47.962898
            ],
            [
              23.961718,
              47.96273
            ],
            [
              23.962274,
              47.962586
            ],
            [
              23.963135,
              47.96243
            ],
            [
              23.963842,
              47.962335
            ],
            [
              23.964631,
              47.962287
            ],
            [
              23.965348,
              47.962299
            ],
            [
              23.965833,
              47.962305
            ],
            [
              23.966263,
              47.962359
            ],
            [
              23.966945,
              47.962444
            ],
            [
              23.967187,
              47.962504
            ],
            [
              23.967474,
              47.962624
            ],
            [
              23.967635,
              47.962774
            ],
            [
              23.967689,
              47.963008
            ],
            [
              23.967635,
              47.963176
            ],
            [
              23.967384,
              47.963867
            ],
            [
              23.967268,
              47.964239
            ],
            [
              23.967259,
              47.964527
            ],
            [
              23.967294,
              47.96487
            ],
            [
              23.967465,
              47.965194
            ],
            [
              23.96759,
              47.965482
            ],
            [
              23.967779,
              47.965722
            ],
            [
              23.968236,
              47.966101
            ],
            [
              23.968649,
              47.966365
            ],
            [
              23.969088,
              47.966671
            ],
            [
              23.970765,
              47.967319
            ],
            [
              23.97141,
              47.967578
            ],
            [
              23.972182,
              47.967782
            ],
            [
              23.973506,
              47.967998
            ],
            [
              23.974618,
              47.968058
            ],
            [
              23.975721,
              47.968094
            ],
            [
              23.976142,
              47.968088
            ],
            [
              23.977362,
              47.968016
            ],
            [
              23.978268,
              47.9678
            ],
            [
              23.978564,
              47.967716
            ],
            [
              23.978967,
              47.967566
            ],
            [
              23.979584,
              47.967224
            ],
            [
              23.980122,
              47.966779
            ],
            [
              23.980364,
              47.966431
            ],
            [
              23.980516,
              47.965987
            ],
            [
              23.980624,
              47.965374
            ],
            [
              23.980543,
              47.964954
            ],
            [
              23.98014,
              47.964329
            ],
            [
              23.979548,
              47.963525
            ],
            [
              23.979064,
              47.962768
            ],
            [
              23.978786,
              47.962264
            ],
            [
              23.978687,
              47.961898
            ],
            [
              23.978651,
              47.961465
            ],
            [
              23.97866,
              47.961081
            ],
            [
              23.978875,
              47.960576
            ],
            [
              23.979153,
              47.960186
            ],
            [
              23.97944,
              47.959832
            ],
            [
              23.979619,
              47.959646
            ],
            [
              23.980113,
              47.959345
            ],
            [
              23.980543,
              47.959195
            ],
            [
              23.981664,
              47.959009
            ],
            [
              23.982767,
              47.959027
            ],
            [
              23.983574,
              47.959105
            ],
            [
              23.98413,
              47.959255
            ],
            [
              23.984812,
              47.959484
            ],
            [
              23.985664,
              47.959814
            ],
            [
              23.986659,
              47.96015
            ],
            [
              23.987161,
              47.960342
            ],
            [
              23.988121,
              47.960997
            ],
            [
              23.988641,
              47.961285
            ],
            [
              23.989161,
              47.961453
            ],
            [
              23.990156,
              47.961621
            ],
            [
              23.990874,
              47.961609
            ],
            [
              23.991609,
              47.961519
            ],
            [
              23.992354,
              47.961429
            ],
            [
              23.992963,
              47.961375
            ],
            [
              23.993295,
              47.961339
            ],
            [
              23.993699,
              47.961333
            ],
            [
              23.994308,
              47.961405
            ],
            [
              23.995026,
              47.961477
            ],
            [
              23.995725,
              47.961597
            ],
            [
              23.996147,
              47.961687
            ],
            [
              23.996694,
              47.961825
            ],
            [
              23.997196,
              47.961976
            ],
            [
              23.9976,
              47.962168
            ],
            [
              23.997976,
              47.962432
            ],
            [
              23.998272,
              47.962678
            ],
            [
              23.99864,
              47.962942
            ],
            [
              23.999043,
              47.963237
            ],
            [
              23.999797,
              47.963765
            ],
            [
              24.000424,
              47.964191
            ],
            [
              24.000944,
              47.964636
            ],
            [
              24.001438,
              47.965098
            ],
            [
              24.001922,
              47.965506
            ],
            [
              24.003294,
              47.966215
            ],
            [
              24.004191,
              47.966683
            ],
            [
              24.00481,
              47.967031
            ],
            [
              24.005491,
              47.967278
            ],
            [
              24.006038,
              47.967452
            ],
            [
              24.00663,
              47.967512
            ],
            [
              24.00706,
              47.96753
            ],
            [
              24.007365,
              47.967542
            ],
            [
              24.007939,
              47.967452
            ],
            [
              24.008567,
              47.96729
            ],
            [
              24.009428,
              47.966953
            ],
            [
              24.010522,
              47.966425
            ],
            [
              24.011365,
              47.965945
            ],
            [
              24.011993,
              47.96559
            ],
            [
              24.012786,
              47.965173
            ],
            [
              24.013791,
              47.964582
            ],
            [
              24.014973,
              47.963968
            ],
            [
              24.015749,
              47.96352
            ],
            [
              24.017971,
              47.962067
            ],
            [
              24.019858,
              47.960921
            ],
            [
              24.021463,
              47.959906
            ],
            [
              24.022151,
              47.95948
            ],
            [
              24.023827,
              47.958252
            ],
            [
              24.025626,
              47.956787
            ],
            [
              24.026808,
              47.95576
            ],
            [
              24.027725,
              47.954898
            ],
            [
              24.028607,
              47.953964
            ],
            [
              24.029312,
              47.953055
            ],
            [
              24.029859,
              47.952181
            ],
            [
              24.030106,
              47.951484
            ],
            [
              24.0303,
              47.950562
            ],
            [
              24.030794,
              47.949877
            ],
            [
              24.031376,
              47.949346
            ],
            [
              24.032081,
              47.949098
            ],
            [
              24.032663,
              47.948979
            ],
            [
              24.033421,
              47.94892
            ],
            [
              24.034127,
              47.94892
            ],
            [
              24.034885,
              47.948979
            ],
            [
              24.036226,
              47.949357
            ],
            [
              24.038025,
              47.95022
            ],
            [
              24.039771,
              47.95107
            ],
            [
              24.041006,
              47.951472
            ],
            [
              24.042417,
              47.951803
            ],
            [
              24.044445,
              47.952063
            ],
            [
              24.046226,
              47.952275
            ],
            [
              24.047187,
              47.952508
            ],
            [
              24.04821,
              47.952721
            ],
            [
              24.04918,
              47.953087
            ],
            [
              24.049991,
              47.953252
            ],
            [
              24.050679,
              47.953311
            ],
            [
              24.051491,
              47.953347
            ],
            [
              24.051561,
              47.95324
            ],
            [
              24.052196,
              47.953051
            ],
            [
              24.053277,
              47.952581
            ],
            [
              24.054688,
              47.952404
            ],
            [
              24.055199,
              47.952463
            ],
            [
              24.05557,
              47.952557
            ],
            [
              24.056081,
              47.952876
            ],
            [
              24.056558,
              47.953112
            ],
            [
              24.056981,
              47.953301
            ],
            [
              24.057581,
              47.953443
            ],
            [
              24.058074,
              47.953502
            ],
            [
              24.058974,
              47.953585
            ],
            [
              24.059521,
              47.953632
            ],
            [
              24.060685,
              47.953597
            ],
            [
              24.06259,
              47.953408
            ],
            [
              24.063313,
              47.953301
            ],
            [
              24.063842,
              47.953207
            ],
            [
              24.064459,
              47.952734
            ],
            [
              24.064918,
              47.952522
            ],
            [
              24.065535,
              47.951884
            ],
            [
              24.065941,
              47.951506
            ],
            [
              24.066346,
              47.951057
            ],
            [
              24.066752,
              47.950455
            ],
            [
              24.067158,
              47.949781
            ],
            [
              24.067546,
              47.949309
            ],
            [
              24.067969,
              47.948919
            ],
            [
              24.068639,
              47.948387
            ],
            [
              24.069415,
              47.947962
            ],
            [
              24.069944,
              47.947643
            ],
            [
              24.070456,
              47.947466
            ],
            [
              24.071232,
              47.947371
            ],
            [
              24.072412,
              47.947208
            ],
            [
              24.073241,
              47.947031
            ],
            [
              24.073981,
              47.94683
            ],
            [
              24.074546,
              47.946641
            ],
            [
              24.076133,
              47.946062
            ],
            [
              24.07996,
              47.94455
            ],
            [
              24.08213,
              47.943558
            ],
            [
              24.083841,
              47.942825
            ],
            [
              24.085216,
              47.942093
            ],
            [
              24.086592,
              47.941289
            ],
            [
              24.087174,
              47.940982
            ],
            [
              24.087932,
              47.940722
            ],
            [
              24.088902,
              47.940391
            ],
            [
              24.090261,
              47.939316
            ],
            [
              24.091989,
              47.938477
            ],
            [
              24.092853,
              47.938099
            ],
            [
              24.093911,
              47.93765
            ],
            [
              24.094952,
              47.937378
            ],
            [
              24.096751,
              47.937213
            ],
            [
              24.097891,
              47.936942
            ],
            [
              24.098438,
              47.93654
            ],
            [
              24.098737,
              47.936174
            ],
            [
              24.09902,
              47.935784
            ],
            [
              24.099125,
              47.935311
            ],
            [
              24.099178,
              47.93485
            ],
            [
              24.099072,
              47.933822
            ],
            [
              24.098949,
              47.932924
            ],
            [
              24.098861,
              47.932239
            ],
            [
              24.099002,
              47.931459
            ],
            [
              24.099108,
              47.930986
            ],
            [
              24.099531,
              47.929792
            ],
            [
              24.100439,
              47.927934
            ],
            [
              24.102062,
              47.926055
            ],
            [
              24.102644,
              47.925499
            ],
            [
              24.103738,
              47.924318
            ],
            [
              24.104337,
              47.923857
            ],
            [
              24.104866,
              47.923207
            ],
            [
              24.10536,
              47.922497
            ],
            [
              24.105695,
              47.9218
            ],
            [
              24.106383,
              47.921044
            ],
            [
              24.107635,
              47.919631
            ],
            [
              24.108164,
              47.919051
            ],
            [
              24.108341,
              47.91872
            ],
            [
              24.108394,
              47.918212
            ],
            [
              24.108411,
              47.91768
            ],
            [
              24.108905,
              47.917137
            ],
            [
              24.109593,
              47.916569
            ],
            [
              24.110034,
              47.916144
            ],
            [
              24.110845,
              47.915671
            ],
            [
              24.111269,
              47.915352
            ],
            [
              24.111798,
              47.914985
            ],
            [
              24.112362,
              47.914808
            ],
            [
              24.112997,
              47.914654
            ],
            [
              24.113836,
              47.91465
            ],
            [
              24.114559,
              47.914733
            ],
            [
              24.115881,
              47.914945
            ],
            [
              24.116816,
              47.914863
            ],
            [
              24.117839,
              47.914815
            ],
            [
              24.118792,
              47.914934
            ],
            [
              24.121684,
              47.915678
            ],
            [
              24.122742,
              47.915773
            ],
            [
              24.124189,
              47.91584
            ],
            [
              24.125441,
              47.915686
            ],
            [
              24.12609,
              47.915635
            ],
            [
              24.126937,
              47.915434
            ],
            [
              24.127589,
              47.915327
            ],
            [
              24.128189,
              47.915363
            ],
            [
              24.128559,
              47.915481
            ],
            [
              24.129141,
              47.915729
            ],
            [
              24.129706,
              47.915907
            ],
            [
              24.130253,
              47.915942
            ],
            [
              24.130817,
              47.915918
            ],
            [
              24.132087,
              47.915469
            ],
            [
              24.132634,
              47.915233
            ],
            [
              24.133251,
              47.914925
            ],
            [
              24.134397,
              47.914039
            ],
            [
              24.135156,
              47.913566
            ],
            [
              24.135826,
              47.913282
            ],
            [
              24.136373,
              47.913129
            ],
            [
              24.136884,
              47.912869
            ],
            [
              24.137449,
              47.912526
            ],
            [
              24.137925,
              47.912289
            ],
            [
              24.138595,
              47.912159
            ],
            [
              24.140145,
              47.912073
            ],
            [
              24.140763,
              47.912014
            ],
            [
              24.141415,
              47.912014
            ],
            [
              24.142033,
              47.912073
            ],
            [
              24.143338,
              47.912392
            ],
            [
              24.144061,
              47.912629
            ],
            [
              24.144713,
              47.912794
            ],
            [
              24.14526,
              47.912818
            ],
            [
              24.145525,
              47.912865
            ],
            [
              24.145666,
              47.912984
            ],
            [
              24.146019,
              47.913362
            ],
            [
              24.146477,
              47.914012
            ],
            [
              24.146742,
              47.914402
            ],
            [
              24.147059,
              47.914757
            ],
            [
              24.147571,
              47.91517
            ],
            [
              24.148188,
              47.915702
            ],
            [
              24.148735,
              47.916187
            ],
            [
              24.149193,
              47.916435
            ],
            [
              24.149899,
              47.916707
            ],
            [
              24.150975,
              47.916991
            ],
            [
              24.15228,
              47.917074
            ],
            [
              24.152756,
              47.917074
            ],
            [
              24.154061,
              47.916955
            ],
            [
              24.154873,
              47.916837
            ],
            [
              24.155701,
              47.916719
            ],
            [
              24.156777,
              47.916494
            ],
            [
              24.157201,
              47.916376
            ],
            [
              24.157483,
              47.916211
            ],
            [
              24.1578,
              47.916163
            ],
            [
              24.158453,
              47.915738
            ],
            [
              24.159282,
              47.915241
            ],
            [
              24.159881,
              47.914887
            ],
            [
              24.16034,
              47.914733
            ],
            [
              24.160721,
              47.914674
            ],
            [
              24.16118,
              47.914745
            ],
            [
              24.161621,
              47.914863
            ],
            [
              24.162009,
              47.9151
            ],
            [
              24.162609,
              47.915667
            ],
            [
              24.163032,
              47.916246
            ],
            [
              24.163561,
              47.917251
            ],
            [
              24.164355,
              47.918658
            ],
            [
              24.164972,
              47.91984
            ],
            [
              24.16543,
              47.920336
            ],
            [
              24.165836,
              47.920277
            ],
            [
              24.166083,
              47.920111
            ],
            [
              24.166453,
              47.919981
            ],
            [
              24.1667,
              47.919922
            ],
            [
              24.166947,
              47.919721
            ],
            [
              24.167424,
              47.91965
            ],
            [
              24.167723,
              47.919532
            ],
            [
              24.168041,
              47.919438
            ],
            [
              24.168217,
              47.919237
            ],
            [
              24.168429,
              47.918977
            ],
            [
              24.169187,
              47.918575
            ],
            [
              24.169808,
              47.918361
            ],
            [
              24.170531,
              47.918302
            ],
            [
              24.171113,
              47.918266
            ],
            [
              24.171907,
              47.918065
            ],
            [
              24.172718,
              47.917865
            ],
            [
              24.173035,
              47.917699
            ],
            [
              24.173265,
              47.917557
            ],
            [
              24.173741,
              47.917451
            ],
            [
              24.174835,
              47.917403
            ],
            [
              24.175329,
              47.917214
            ],
            [
              24.17584,
              47.917108
            ],
            [
              24.176246,
              47.917001
            ],
            [
              24.17674,
              47.916942
            ],
            [
              24.176969,
              47.916895
            ],
            [
              24.177251,
              47.916954
            ],
            [
              24.177798,
              47.916765
            ],
            [
              24.178027,
              47.916446
            ],
            [
              24.178468,
              47.915937
            ],
            [
              24.178962,
              47.915583
            ],
            [
              24.179403,
              47.915465
            ],
            [
              24.179773,
              47.915275
            ],
            [
              24.180408,
              47.915205
            ],
            [
              24.181064,
              47.915108
            ],
            [
              24.181311,
              47.915013
            ],
            [
              24.181452,
              47.914872
            ],
            [
              24.181575,
              47.91486
            ],
            [
              24.181928,
              47.915084
            ],
            [
              24.182616,
              47.915084
            ],
            [
              24.18311,
              47.914943
            ],
            [
              24.183392,
              47.914931
            ],
            [
              24.18408,
              47.915061
            ],
            [
              24.184397,
              47.915049
            ],
            [
              24.185403,
              47.915297
            ],
            [
              24.185561,
              47.915285
            ],
            [
              24.185932,
              47.915368
            ],
            [
              24.187061,
              47.915368
            ],
            [
              24.187695,
              47.915439
            ],
            [
              24.188083,
              47.91538
            ],
            [
              24.188277,
              47.915427
            ],
            [
              24.188965,
              47.915274
            ],
            [
              24.188983,
              47.915344
            ],
            [
              24.189477,
              47.915439
            ],
            [
              24.189724,
              47.915415
            ],
            [
              24.189988,
              47.915356
            ],
            [
              24.190165,
              47.915451
            ],
            [
              24.190447,
              47.915463
            ],
            [
              24.1908,
              47.915404
            ],
            [
              24.191082,
              47.915404
            ],
            [
              24.191258,
              47.915404
            ],
            [
              24.191364,
              47.91551
            ],
            [
              24.191505,
              47.915581
            ],
            [
              24.191611,
              47.915699
            ],
            [
              24.191805,
              47.915817
            ],
            [
              24.192105,
              47.915903
            ],
            [
              24.192388,
              47.915976
            ],
            [
              24.19247,
              47.915987
            ],
            [
              24.192711,
              47.916147
            ],
            [
              24.193157,
              47.916359
            ],
            [
              24.193555,
              47.91645
            ],
            [
              24.19386,
              47.916439
            ],
            [
              24.194366,
              47.91633
            ],
            [
              24.19509,
              47.916177
            ],
            [
              24.195368,
              47.916224
            ],
            [
              24.195962,
              47.916202
            ],
            [
              24.196349,
              47.916136
            ],
            [
              24.196517,
              47.916089
            ],
            [
              24.196713,
              47.91591
            ],
            [
              24.197078,
              47.915844
            ],
            [
              24.197449,
              47.915571
            ],
            [
              24.197628,
              47.91533
            ],
            [
              24.198031,
              47.91503
            ],
            [
              24.198336,
              47.914676
            ],
            [
              24.198631,
              47.914417
            ],
            [
              24.198946,
              47.914027
            ],
            [
              24.19905,
              47.91391
            ],
            [
              24.19923,
              47.913848
            ],
            [
              24.199856,
              47.913742
            ],
            [
              24.20035,
              47.913652
            ],
            [
              24.200589,
              47.912823
            ],
            [
              24.200774,
              47.912466
            ],
            [
              24.201123,
              47.911881
            ],
            [
              24.201492,
              47.911354
            ],
            [
              24.201928,
              47.911022
            ],
            [
              24.20232,
              47.910814
            ],
            [
              24.202467,
              47.910762
            ],
            [
              24.202728,
              47.910726
            ],
            [
              24.203463,
              47.910697
            ],
            [
              24.204063,
              47.910649
            ],
            [
              24.204476,
              47.910591
            ],
            [
              24.204858,
              47.910532
            ],
            [
              24.205277,
              47.910434
            ],
            [
              24.205653,
              47.910335
            ],
            [
              24.205963,
              47.910237
            ],
            [
              24.206508,
              47.91004
            ],
            [
              24.206775,
              47.909923
            ],
            [
              24.207325,
              47.909537
            ],
            [
              24.207537,
              47.909402
            ],
            [
              24.207717,
              47.909336
            ],
            [
              24.207891,
              47.909329
            ],
            [
              24.208202,
              47.909227
            ],
            [
              24.208469,
              47.909168
            ],
            [
              24.208813,
              47.90902
            ],
            [
              24.209101,
              47.908837
            ],
            [
              24.210332,
              47.907924
            ],
            [
              24.210779,
              47.907545
            ],
            [
              24.211264,
              47.907136
            ],
            [
              24.211634,
              47.906829
            ],
            [
              24.212004,
              47.906672
            ],
            [
              24.212363,
              47.90657
            ],
            [
              24.213186,
              47.906388
            ],
            [
              24.213529,
              47.90638
            ],
            [
              24.213616,
              47.906296
            ],
            [
              24.213649,
              47.90611
            ],
            [
              24.21366,
              47.905953
            ],
            [
              24.213856,
              47.90565
            ],
            [
              24.214008,
              47.905519
            ],
            [
              24.214564,
              47.905106
            ],
            [
              24.214792,
              47.904894
            ],
            [
              24.215234,
              47.90446
            ],
            [
              24.215729,
              47.904036
            ],
            [
              24.215931,
              47.903868
            ],
            [
              24.21617,
              47.903741
            ],
            [
              24.216535,
              47.903576
            ],
            [
              24.216797,
              47.90346
            ],
            [
              24.217075,
              47.903324
            ],
            [
              24.217266,
              47.903178
            ],
            [
              24.217396,
              47.902901
            ],
            [
              24.217576,
              47.902557
            ],
            [
              24.217843,
              47.902108
            ],
            [
              24.217946,
              47.901853
            ],
            [
              24.218077,
              47.901553
            ],
            [
              24.218164,
              47.901411
            ],
            [
              24.218344,
              47.901181
            ],
            [
              24.218393,
              47.901024
            ],
            [
              24.218306,
              47.900717
            ],
            [
              24.218269,
              47.900454
            ],
            [
              24.218279,
              47.900308
            ],
            [
              24.218334,
              47.900023
            ],
            [
              24.218399,
              47.899793
            ],
            [
              24.218345,
              47.899537
            ],
            [
              24.218318,
              47.899267
            ],
            [
              24.218296,
              47.899037
            ],
            [
              24.218356,
              47.898748
            ],
            [
              24.218432,
              47.898497
            ],
            [
              24.218497,
              47.898277
            ],
            [
              24.218503,
              47.898128
            ],
            [
              24.218508,
              47.897956
            ],
            [
              24.218503,
              47.897865
            ],
            [
              24.218552,
              47.897686
            ],
            [
              24.218644,
              47.897565
            ],
            [
              24.218742,
              47.897507
            ],
            [
              24.218955,
              47.897463
            ],
            [
              24.219777,
              47.897292
            ],
            [
              24.220872,
              47.897033
            ],
            [
              24.221128,
              47.896953
            ],
            [
              24.221264,
              47.896942
            ],
            [
              24.221552,
              47.89703
            ],
            [
              24.221803,
              47.897106
            ],
            [
              24.222271,
              47.897296
            ],
            [
              24.222751,
              47.897468
            ],
            [
              24.22317,
              47.897603
            ],
            [
              24.223241,
              47.89761
            ],
            [
              24.223584,
              47.897661
            ],
            [
              24.22402,
              47.897632
            ],
            [
              24.224129,
              47.897552
            ],
            [
              24.224183,
              47.897362
            ],
            [
              24.224232,
              47.897282
            ],
            [
              24.224352,
              47.897208
            ],
            [
              24.224624,
              47.897143
            ],
            [
              24.224787,
              47.897015
            ],
            [
              24.224994,
              47.896851
            ],
            [
              24.225245,
              47.89669
            ],
            [
              24.225387,
              47.896635
            ],
            [
              24.22567,
              47.896595
            ],
            [
              24.225953,
              47.896551
            ],
            [
              24.226492,
              47.896537
            ],
            [
              24.227527,
              47.896555
            ],
            [
              24.227914,
              47.896515
            ],
            [
              24.228126,
              47.896511
            ],
            [
              24.2283,
              47.896544
            ],
            [
              24.228578,
              47.896719
            ],
            [
              24.228785,
              47.896821
            ],
            [
              24.228981,
              47.896902
            ],
            [
              24.229807,
              47.897217
            ],
            [
              24.230313,
              47.897422
            ],
            [
              24.230569,
              47.897535
            ],
            [
              24.230896,
              47.897706
            ],
            [
              24.231103,
              47.897885
            ],
            [
              24.231223,
              47.897958
            ],
            [
              24.231511,
              47.898115
            ],
            [
              24.231615,
              47.898185
            ],
            [
              24.232468,
              47.898273
            ],
            [
              24.232752,
              47.898298
            ],
            [
              24.233961,
              47.898653
            ],
            [
              24.234603,
              47.898784
            ],
            [
              24.234886,
              47.898839
            ],
            [
              24.235213,
              47.898842
            ],
            [
              24.236166,
              47.898796
            ],
            [
              24.236384,
              47.898796
            ],
            [
              24.236743,
              47.898858
            ],
            [
              24.237075,
              47.898986
            ],
            [
              24.237505,
              47.899133
            ],
            [
              24.237734,
              47.899188
            ],
            [
              24.237957,
              47.899242
            ],
            [
              24.238549,
              47.899272
            ],
            [
              24.238941,
              47.899294
            ],
            [
              24.239135,
              47.8993
            ],
            [
              24.239603,
              47.899347
            ],
            [
              24.240322,
              47.899435
            ],
            [
              24.240518,
              47.899508
            ],
            [
              24.240976,
              47.899913
            ],
            [
              24.241488,
              47.900322
            ],
            [
              24.241896,
              47.900603
            ],
            [
              24.242136,
              47.900833
            ],
            [
              24.242294,
              47.90095
            ],
            [
              24.242571,
              47.901261
            ],
            [
              24.242718,
              47.901421
            ],
            [
              24.242795,
              47.901469
            ],
            [
              24.242996,
              47.901458
            ],
            [
              24.243432,
              47.901396
            ],
            [
              24.24378,
              47.901356
            ],
            [
              24.244331,
              47.901345
            ],
            [
              24.244701,
              47.901323
            ],
            [
              24.244995,
              47.901323
            ],
            [
              24.245104,
              47.901323
            ],
            [
              24.245235,
              47.901337
            ],
            [
              24.245436,
              47.901578
            ],
            [
              24.245741,
              47.901903
            ],
            [
              24.246068,
              47.902086
            ],
            [
              24.246542,
              47.902258
            ],
            [
              24.24747,
              47.902591
            ],
            [
              24.247906,
              47.902769
            ],
            [
              24.248417,
              47.902945
            ],
            [
              24.248777,
              47.903065
            ],
            [
              24.248962,
              47.90316
            ],
            [
              24.249131,
              47.903324
            ],
            [
              24.249289,
              47.903449
            ],
            [
              24.24948,
              47.903565
            ],
            [
              24.249842,
              47.903769
            ],
            [
              24.250203,
              47.903981
            ],
            [
              24.250655,
              47.904157
            ],
            [
              24.251085,
              47.904321
            ],
            [
              24.251494,
              47.904449
            ],
            [
              24.251695,
              47.90454
            ],
            [
              24.252,
              47.904708
            ],
            [
              24.252637,
              47.905208
            ],
            [
              24.253171,
              47.905635
            ],
            [
              24.253942,
              47.905983
            ],
            [
              24.254279,
              47.906122
            ],
            [
              24.25459,
              47.906242
            ],
            [
              24.254857,
              47.906384
            ],
            [
              24.255313,
              47.906666
            ],
            [
              24.255454,
              47.906739
            ],
            [
              24.255574,
              47.906786
            ],
            [
              24.255857,
              47.906819
            ],
            [
              24.256151,
              47.906834
            ],
            [
              24.256255,
              47.906848
            ],
            [
              24.256625,
              47.906837
            ],
            [
              24.256946,
              47.906805
            ],
            [
              24.257208,
              47.906794
            ],
            [
              24.257415,
              47.906794
            ],
            [
              24.25772,
              47.906816
            ],
            [
              24.258063,
              47.906834
            ],
            [
              24.258395,
              47.906859
            ],
            [
              24.258733,
              47.906881
            ],
            [
              24.259054,
              47.906954
            ],
            [
              24.25937,
              47.907078
            ],
            [
              24.259735,
              47.907144
            ],
            [
              24.260154,
              47.907166
            ],
            [
              24.260497,
              47.907173
            ],
            [
              24.261919,
              47.907291
            ],
            [
              24.262207,
              47.907258
            ],
            [
              24.26236,
              47.907251
            ],
            [
              24.262964,
              47.907276
            ],
            [
              24.263498,
              47.907273
            ],
            [
              24.263672,
              47.907254
            ],
            [
              24.263803,
              47.907258
            ],
            [
              24.263961,
              47.907273
            ],
            [
              24.264157,
              47.907302
            ],
            [
              24.264429,
              47.907397
            ],
            [
              24.264593,
              47.907433
            ],
            [
              24.264952,
              47.907459
            ],
            [
              24.26529,
              47.907448
            ],
            [
              24.265535,
              47.907448
            ],
            [
              24.265644,
              47.907426
            ],
            [
              24.265786,
              47.907389
            ],
            [
              24.266096,
              47.907243
            ],
            [
              24.266248,
              47.907185
            ],
            [
              24.266532,
              47.90713
            ],
            [
              24.266662,
              47.907101
            ],
            [
              24.26688,
              47.907057
            ],
            [
              24.267196,
              47.907068
            ],
            [
              24.267294,
              47.907068
            ],
            [
              24.267425,
              47.907039
            ],
            [
              24.267599,
              47.906999
            ],
            [
              24.267812,
              47.906911
            ],
            [
              24.268068,
              47.906802
            ],
            [
              24.268307,
              47.906718
            ],
            [
              24.26853,
              47.906637
            ],
            [
              24.268879,
              47.906542
            ],
            [
              24.269081,
              47.90648
            ],
            [
              24.269418,
              47.906415
            ],
            [
              24.269914,
              47.906345
            ],
            [
              24.270339,
              47.90628
            ],
            [
              24.270747,
              47.906207
            ],
            [
              24.270889,
              47.906203
            ],
            [
              24.271433,
              47.906214
            ],
            [
              24.271651,
              47.906218
            ],
            [
              24.272223,
              47.90625
            ],
            [
              24.27286,
              47.906287
            ],
            [
              24.273525,
              47.906316
            ],
            [
              24.274244,
              47.906345
            ],
            [
              24.27469,
              47.906367
            ],
            [
              24.274962,
              47.906342
            ],
            [
              24.275208,
              47.906287
            ],
            [
              24.275431,
              47.906199
            ],
            [
              24.275758,
              47.906082
            ],
            [
              24.275954,
              47.906017
            ],
            [
              24.276471,
              47.905896
            ],
            [
              24.276798,
              47.905816
            ],
            [
              24.277037,
              47.905758
            ],
            [
              24.277332,
              47.905706
            ],
            [
              24.277506,
              47.905692
            ],
            [
              24.277843,
              47.905692
            ],
            [
              24.278094,
              47.905688
            ],
            [
              24.27823,
              47.905703
            ],
            [
              24.278633,
              47.905644
            ],
            [
              24.278829,
              47.905593
            ],
            [
              24.279232,
              47.905414
            ],
            [
              24.279417,
              47.905308
            ],
            [
              24.279586,
              47.905287
            ],
            [
              24.279761,
              47.905319
            ],
            [
              24.279886,
              47.905363
            ],
            [
              24.280109,
              47.905476
            ],
            [
              24.280218,
              47.90556
            ],
            [
              24.280327,
              47.905641
            ],
            [
              24.28049,
              47.905867
            ],
            [
              24.280599,
              47.905977
            ],
            [
              24.280779,
              47.906145
            ],
            [
              24.281057,
              47.906393
            ],
            [
              24.28134,
              47.906605
            ],
            [
              24.281634,
              47.906798
            ],
            [
              24.282026,
              47.907054
            ],
            [
              24.282386,
              47.907211
            ],
            [
              24.282947,
              47.907306
            ],
            [
              24.283246,
              47.907371
            ],
            [
              24.283497,
              47.907444
            ],
            [
              24.284214,
              47.907626
            ],
            [
              24.284884,
              47.907845
            ],
            [
              24.285238,
              47.908005
            ],
            [
              24.285646,
              47.908356
            ],
            [
              24.286137,
              47.908692
            ],
            [
              24.286686,
              47.909055
            ],
            [
              24.287656,
              47.909573
            ],
            [
              24.288261,
              47.909851
            ],
            [
              24.28874,
              47.910008
            ],
            [
              24.289633,
              47.910179
            ],
            [
              24.290711,
              47.910438
            ],
            [
              24.291942,
              47.910723
            ],
            [
              24.293622,
              47.910968
            ],
            [
              24.294297,
              47.911183
            ],
            [
              24.294411,
              47.911227
            ],
            [
              24.2947,
              47.911271
            ],
            [
              24.295246,
              47.911277
            ],
            [
              24.29572,
              47.911219
            ],
            [
              24.296417,
              47.911241
            ],
            [
              24.297098,
              47.911241
            ],
            [
              24.297386,
              47.911193
            ],
            [
              24.297729,
              47.911234
            ],
            [
              24.297964,
              47.911329
            ],
            [
              24.298127,
              47.911438
            ],
            [
              24.298394,
              47.911679
            ],
            [
              24.298585,
              47.91181
            ],
            [
              24.298966,
              47.912234
            ],
            [
              24.299206,
              47.912511
            ],
            [
              24.299494,
              47.912811
            ],
            [
              24.299723,
              47.913066
            ],
            [
              24.300012,
              47.913271
            ],
            [
              24.300461,
              47.913515
            ],
            [
              24.300696,
              47.913673
            ],
            [
              24.301354,
              47.913882
            ],
            [
              24.301526,
              47.913961
            ],
            [
              24.301605,
              47.914092
            ],
            [
              24.301612,
              47.914218
            ],
            [
              24.301753,
              47.914333
            ],
            [
              24.302176,
              47.914601
            ],
            [
              24.302285,
              47.914653
            ],
            [
              24.302567,
              47.915126
            ],
            [
              24.302692,
              47.915314
            ],
            [
              24.302786,
              47.91575
            ],
            [
              24.302864,
              47.916027
            ],
            [
              24.303084,
              47.916384
            ],
            [
              24.30353,
              47.916741
            ],
            [
              24.30367,
              47.916893
            ],
            [
              24.303804,
              47.917066
            ],
            [
              24.304703,
              47.917249
            ],
            [
              24.305259,
              47.917276
            ],
            [
              24.305932,
              47.917307
            ],
            [
              24.306488,
              47.917412
            ],
            [
              24.306906,
              47.917538
            ],
            [
              24.307205,
              47.917654
            ],
            [
              24.307775,
              47.917816
            ],
            [
              24.308277,
              47.917991
            ],
            [
              24.308441,
              47.918068
            ],
            [
              24.309049,
              47.918139
            ],
            [
              24.309261,
              47.918191
            ],
            [
              24.309416,
              47.918308
            ],
            [
              24.30956,
              47.918547
            ],
            [
              24.309744,
              47.918722
            ],
            [
              24.309908,
              47.91889
            ],
            [
              24.31012,
              47.919032
            ],
            [
              24.310572,
              47.919226
            ],
            [
              24.310714,
              47.919328
            ],
            [
              24.310914,
              47.919675
            ],
            [
              24.311417,
              47.920374
            ],
            [
              24.311549,
              47.920466
            ],
            [
              24.311782,
              47.920524
            ],
            [
              24.312067,
              47.92054
            ],
            [
              24.312479,
              47.920613
            ],
            [
              24.312712,
              47.920772
            ],
            [
              24.31284,
              47.920803
            ],
            [
              24.313162,
              47.92095
            ],
            [
              24.313338,
              47.921029
            ],
            [
              24.313409,
              47.92107
            ],
            [
              24.313566,
              47.921198
            ],
            [
              24.313846,
              47.921417
            ],
            [
              24.314002,
              47.92151
            ],
            [
              24.314472,
              47.92178
            ],
            [
              24.314657,
              47.921929
            ],
            [
              24.314894,
              47.922053
            ],
            [
              24.314999,
              47.922111
            ],
            [
              24.315127,
              47.922276
            ],
            [
              24.315222,
              47.922422
            ],
            [
              24.31535,
              47.922661
            ],
            [
              24.315411,
              47.922794
            ],
            [
              24.315468,
              47.922956
            ],
            [
              24.315525,
              47.923004
            ],
            [
              24.315691,
              47.923023
            ],
            [
              24.316124,
              47.923115
            ],
            [
              24.316399,
              47.923115
            ],
            [
              24.31657,
              47.923137
            ],
            [
              24.316731,
              47.92316
            ],
            [
              24.316978,
              47.923188
            ],
            [
              24.317177,
              47.923201
            ],
            [
              24.317372,
              47.923239
            ],
            [
              24.317889,
              47.923207
            ],
            [
              24.318093,
              47.923182
            ],
            [
              24.318363,
              47.923169
            ],
            [
              24.318624,
              47.923115
            ],
            [
              24.318919,
              47.923068
            ],
            [
              24.319142,
              47.922991
            ],
            [
              24.319398,
              47.923017
            ],
            [
              24.31964,
              47.923122
            ],
            [
              24.319939,
              47.92329
            ],
            [
              24.319943,
              47.923277
            ],
            [
              24.320119,
              47.923357
            ],
            [
              24.320404,
              47.923522
            ],
            [
              24.321114,
              47.923841
            ],
            [
              24.321494,
              47.924006
            ],
            [
              24.321821,
              47.924146
            ],
            [
              24.322001,
              47.924238
            ],
            [
              24.322115,
              47.924394
            ],
            [
              24.322296,
              47.924521
            ],
            [
              24.322992,
              47.925088
            ],
            [
              24.3233,
              47.925305
            ],
            [
              24.323827,
              47.925638
            ],
            [
              24.324097,
              47.925712
            ],
            [
              24.324339,
              47.925848
            ],
            [
              24.324519,
              47.925871
            ],
            [
              24.324802,
              47.925998
            ],
            [
              24.324954,
              47.925998
            ],
            [
              24.32502,
              47.925883
            ],
            [
              24.32502,
              47.9258
            ],
            [
              24.325115,
              47.925578
            ],
            [
              24.325334,
              47.925381
            ],
            [
              24.32559,
              47.9252
            ],
            [
              24.325969,
              47.924968
            ],
            [
              24.326311,
              47.924681
            ],
            [
              24.32651,
              47.924494
            ],
            [
              24.326761,
              47.924335
            ],
            [
              24.32697,
              47.924211
            ],
            [
              24.327089,
              47.924106
            ],
            [
              24.327288,
              47.924001
            ],
            [
              24.327516,
              47.923922
            ],
            [
              24.327649,
              47.923877
            ],
            [
              24.327853,
              47.923775
            ],
            [
              24.327933,
              47.923731
            ],
            [
              24.328,
              47.923632
            ],
            [
              24.327976,
              47.923537
            ],
            [
              24.327995,
              47.923407
            ],
            [
              24.327976,
              47.923244
            ],
            [
              24.327928,
              47.923143
            ],
            [
              24.327881,
              47.922981
            ],
            [
              24.327881,
              47.922812
            ],
            [
              24.327947,
              47.922507
            ],
            [
              24.328033,
              47.922408
            ],
            [
              24.32808,
              47.922227
            ],
            [
              24.328151,
              47.922151
            ],
            [
              24.328336,
              47.922036
            ],
            [
              24.328393,
              47.922005
            ],
            [
              24.328526,
              47.921896
            ],
            [
              24.328807,
              47.921723
            ],
            [
              24.328892,
              47.921634
            ],
            [
              24.329049,
              47.921497
            ],
            [
              24.329428,
              47.9213
            ],
            [
              24.329618,
              47.921198
            ],
            [
              24.329731,
              47.921183
            ],
            [
              24.329887,
              47.921107
            ],
            [
              24.33002,
              47.921034
            ],
            [
              24.330243,
              47.920977
            ],
            [
              24.330409,
              47.920961
            ],
            [
              24.330542,
              47.920951
            ],
            [
              24.330737,
              47.920869
            ],
            [
              24.330903,
              47.920792
            ],
            [
              24.331126,
              47.920726
            ],
            [
              24.331301,
              47.920675
            ],
            [
              24.331538,
              47.92064
            ],
            [
              24.331643,
              47.920582
            ],
            [
              24.331804,
              47.920493
            ],
            [
              24.332018,
              47.920198
            ],
            [
              24.332193,
              47.919883
            ],
            [
              24.332378,
              47.9196
            ],
            [
              24.332449,
              47.919562
            ],
            [
              24.332687,
              47.919336
            ],
            [
              24.332924,
              47.919082
            ],
            [
              24.333151,
              47.918853
            ],
            [
              24.333531,
              47.918586
            ],
            [
              24.333854,
              47.91835
            ],
            [
              24.334024,
              47.918214
            ],
            [
              24.334314,
              47.917982
            ],
            [
              24.334532,
              47.917861
            ],
            [
              24.334826,
              47.917788
            ],
            [
              24.335044,
              47.917718
            ],
            [
              24.335324,
              47.917746
            ],
            [
              24.335642,
              47.917785
            ],
            [
              24.336325,
              47.917915
            ],
            [
              24.336667,
              47.917969
            ],
            [
              24.337013,
              47.918134
            ],
            [
              24.337341,
              47.918185
            ],
            [
              24.337673,
              47.918198
            ],
            [
              24.337848,
              47.918226
            ],
            [
              24.338237,
              47.91823
            ],
            [
              24.338508,
              47.918217
            ],
            [
              24.338731,
              47.918204
            ],
            [
              24.33892,
              47.918204
            ],
            [
              24.339072,
              47.918134
            ],
            [
              24.339362,
              47.91788
            ],
            [
              24.339551,
              47.917727
            ],
            [
              24.339604,
              47.917603
            ],
            [
              24.340054,
              47.917352
            ],
            [
              24.340538,
              47.91704
            ],
            [
              24.340894,
              47.916792
            ],
            [
              24.341046,
              47.916684
            ],
            [
              24.341444,
              47.916516
            ],
            [
              24.341729,
              47.916392
            ],
            [
              24.341952,
              47.916265
            ],
            [
              24.34209,
              47.916039
            ],
            [
              24.342412,
              47.915832
            ],
            [
              24.342725,
              47.915641
            ],
            [
              24.34291,
              47.91554
            ],
            [
              24.343138,
              47.915447
            ],
            [
              24.343821,
              47.91514
            ],
            [
              24.344448,
              47.91488
            ],
            [
              24.344685,
              47.914682
            ],
            [
              24.344875,
              47.914638
            ],
            [
              24.345017,
              47.91453
            ],
            [
              24.345259,
              47.914628
            ],
            [
              24.345956,
              47.914826
            ],
            [
              24.346592,
              47.914994
            ],
            [
              24.346924,
              47.915051
            ],
            [
              24.347346,
              47.915099
            ],
            [
              24.347844,
              47.915134
            ],
            [
              24.348518,
              47.915188
            ],
            [
              24.34896,
              47.915213
            ],
            [
              24.349358,
              47.915302
            ],
            [
              24.349747,
              47.915455
            ],
            [
              24.350178,
              47.915618
            ],
            [
              24.350519,
              47.915701
            ],
            [
              24.351677,
              47.916013
            ],
            [
              24.35218,
              47.916146
            ],
            [
              24.352863,
              47.91634
            ],
            [
              24.353551,
              47.916413
            ],
            [
              24.354049,
              47.916496
            ],
            [
              24.354973,
              47.916449
            ],
            [
              24.355177,
              47.916443
            ],
            [
              24.355286,
              47.916433
            ],
            [
              24.355689,
              47.916468
            ],
            [
              24.356088,
              47.91658
            ],
            [
              24.35641,
              47.916672
            ],
            [
              24.356704,
              47.916818
            ],
            [
              24.357003,
              47.916964
            ],
            [
              24.357264,
              47.917114
            ],
            [
              24.357425,
              47.917222
            ],
            [
              24.357715,
              47.917391
            ],
            [
              24.35796,
              47.917533
            ],
            [
              24.358378,
              47.917845
            ],
            [
              24.358786,
              47.918153
            ],
            [
              24.359084,
              47.918373
            ],
            [
              24.359478,
              47.918665
            ],
            [
              24.36,
              47.919072
            ],
            [
              24.360541,
              47.919371
            ],
            [
              24.360883,
              47.919555
            ],
            [
              24.361433,
              47.919883
            ],
            [
              24.361888,
              47.920153
            ],
            [
              24.362694,
              47.920537
            ],
            [
              24.362941,
              47.920619
            ],
            [
              24.363539,
              47.920842
            ],
            [
              24.364023,
              47.921061
            ],
            [
              24.364734,
              47.92144
            ],
            [
              24.365752,
              47.921959
            ],
            [
              24.366184,
              47.922125
            ],
            [
              24.36663,
              47.9223
            ],
            [
              24.366886,
              47.922401
            ],
            [
              24.367256,
              47.922611
            ],
            [
              24.367526,
              47.92274
            ],
            [
              24.367768,
              47.922874
            ],
            [
              24.368034,
              47.923112
            ],
            [
              24.368314,
              47.923274
            ],
            [
              24.368964,
              47.923319
            ],
            [
              24.369753,
              47.923378
            ],
            [
              24.370389,
              47.923521
            ],
            [
              24.372008,
              47.923883
            ],
            [
              24.372397,
              47.923965
            ],
            [
              24.37263,
              47.924007
            ],
            [
              24.373347,
              47.924335
            ],
            [
              24.37421,
              47.924433
            ],
            [
              24.374466,
              47.924481
            ],
            [
              24.37579,
              47.924786
            ],
            [
              24.375799,
              47.924789
            ],
            [
              24.376919,
              47.925085
            ],
            [
              24.37756,
              47.92526
            ],
            [
              24.378858,
              47.925638
            ],
            [
              24.379959,
              47.925994
            ],
            [
              24.380542,
              47.926188
            ],
            [
              24.381548,
              47.926528
            ],
            [
              24.381643,
              47.927295
            ],
            [
              24.381541,
              47.92831
            ],
            [
              24.381408,
              47.928968
            ],
            [
              24.381095,
              47.92983
            ],
            [
              24.381062,
              47.930147
            ],
            [
              24.381105,
              47.930519
            ],
            [
              24.381138,
              47.930755
            ],
            [
              24.381138,
              47.930806
            ],
            [
              24.381062,
              47.931047
            ],
            [
              24.380782,
              47.931352
            ],
            [
              24.380631,
              47.931611
            ],
            [
              24.38064,
              47.93205
            ],
            [
              24.380683,
              47.932646
            ],
            [
              24.380588,
              47.932865
            ],
            [
              24.380401,
              47.933189
            ],
            [
              24.380359,
              47.933459
            ],
            [
              24.380373,
              47.933866
            ],
            [
              24.380401,
              47.934111
            ],
            [
              24.380506,
              47.934588
            ],
            [
              24.380677,
              47.934953
            ],
            [
              24.380786,
              47.935153
            ],
            [
              24.380914,
              47.935335
            ],
            [
              24.38105,
              47.935563
            ],
            [
              24.381192,
              47.935703
            ],
            [
              24.381377,
              47.935919
            ],
            [
              24.381591,
              47.936106
            ],
            [
              24.381828,
              47.936332
            ],
            [
              24.381932,
              47.93644
            ],
            [
              24.382151,
              47.936663
            ],
            [
              24.382446,
              47.937327
            ],
            [
              24.38256,
              47.937756
            ],
            [
              24.382654,
              47.938074
            ],
            [
              24.382777,
              47.938494
            ],
            [
              24.382863,
              47.938888
            ],
            [
              24.383029,
              47.939943
            ],
            [
              24.383598,
              47.940124
            ],
            [
              24.38485,
              47.940566
            ],
            [
              24.385619,
              47.940846
            ],
            [
              24.386104,
              47.941024
            ],
            [
              24.386351,
              47.941189
            ],
            [
              24.386707,
              47.941606
            ],
            [
              24.386896,
              47.941857
            ],
            [
              24.38711,
              47.942206
            ],
            [
              24.387376,
              47.942626
            ],
            [
              24.387575,
              47.942972
            ],
            [
              24.387744,
              47.943229
            ],
            [
              24.388019,
              47.943903
            ],
            [
              24.388214,
              47.944427
            ],
            [
              24.38837,
              47.944608
            ],
            [
              24.388646,
              47.94484
            ],
            [
              24.389106,
              47.945263
            ],
            [
              24.389537,
              47.945625
            ],
            [
              24.390112,
              47.945909
            ],
            [
              24.390216,
              47.945969
            ],
            [
              24.390881,
              47.94649
            ],
            [
              24.391137,
              47.946693
            ],
            [
              24.391374,
              47.947122
            ],
            [
              24.391589,
              47.947626
            ],
            [
              24.391712,
              47.947797
            ],
            [
              24.391883,
              47.948029
            ],
            [
              24.392196,
              47.948347
            ],
            [
              24.392381,
              47.948538
            ],
            [
              24.392466,
              47.948773
            ],
            [
              24.392466,
              47.949056
            ],
            [
              24.392462,
              47.949224
            ],
            [
              24.3924,
              47.949669
            ],
            [
              24.392302,
              47.950247
            ],
            [
              24.392302,
              47.950924
            ],
            [
              24.392292,
              47.951937
            ],
            [
              24.392273,
              47.952849
            ],
            [
              24.392972,
              47.953325
            ],
            [
              24.393475,
              47.95396
            ],
            [
              24.393959,
              47.954329
            ],
            [
              24.394812,
              47.954561
            ],
            [
              24.3955,
              47.954974
            ],
            [
              24.395875,
              47.955123
            ],
            [
              24.396625,
              47.955676
            ],
            [
              24.397381,
              47.956003
            ],
            [
              24.398468,
              47.956104
            ],
            [
              24.399364,
              47.956241
            ],
            [
              24.400067,
              47.956155
            ],
            [
              24.40056,
              47.956034
            ],
            [
              24.401129,
              47.955965
            ],
            [
              24.401409,
              47.95606
            ],
            [
              24.401684,
              47.956228
            ],
            [
              24.402711,
              47.956905
            ],
            [
              24.403157,
              47.957201
            ],
            [
              24.403707,
              47.95762
            ],
            [
              24.404248,
              47.957919
            ],
            [
              24.405015,
              47.958198
            ],
            [
              24.405731,
              47.958643
            ],
            [
              24.405878,
              47.958732
            ],
            [
              24.40649,
              47.959046
            ],
            [
              24.406974,
              47.959272
            ],
            [
              24.407833,
              47.959536
            ],
            [
              24.408628,
              47.959821
            ],
            [
              24.409767,
              47.960102
            ],
            [
              24.410488,
              47.960257
            ],
            [
              24.411277,
              47.960389
            ],
            [
              24.41193,
              47.960343
            ],
            [
              24.414444,
              47.959826
            ],
            [
              24.415731,
              47.959642
            ],
            [
              24.415986,
              47.959626
            ],
            [
              24.41659,
              47.959782
            ],
            [
              24.416997,
              47.959891
            ],
            [
              24.417926,
              47.959953
            ],
            [
              24.418495,
              47.960256
            ],
            [
              24.419007,
              47.960544
            ],
            [
              24.41982,
              47.961268
            ],
            [
              24.420435,
              47.961921
            ],
            [
              24.42083,
              47.962232
            ],
            [
              24.421376,
              47.96259
            ],
            [
              24.422062,
              47.963103
            ],
            [
              24.422596,
              47.963523
            ],
            [
              24.423084,
              47.963897
            ],
            [
              24.42437,
              47.964456
            ],
            [
              24.425264,
              47.965062
            ],
            [
              24.426054,
              47.965607
            ],
            [
              24.42667,
              47.966081
            ],
            [
              24.427076,
              47.966462
            ],
            [
              24.427762,
              47.966906
            ],
            [
              24.428354,
              47.967271
            ],
            [
              24.429307,
              47.967808
            ],
            [
              24.430364,
              47.968306
            ],
            [
              24.43149,
              47.968788
            ],
            [
              24.432513,
              47.969192
            ],
            [
              24.433581,
              47.969534
            ],
            [
              24.434487,
              47.969799
            ],
            [
              24.435266,
              47.970079
            ],
            [
              24.435626,
              47.970211
            ],
            [
              24.435951,
              47.970382
            ],
            [
              24.436648,
              47.970211
            ],
            [
              24.437136,
              47.969908
            ],
            [
              24.438785,
              47.96899
            ],
            [
              24.439505,
              47.968593
            ],
            [
              24.441022,
              47.967696
            ],
            [
              24.441579,
              47.967339
            ],
            [
              24.44187,
              47.967152
            ],
            [
              24.442834,
              47.966576
            ],
            [
              24.443949,
              47.965923
            ],
            [
              24.444228,
              47.965736
            ],
            [
              24.445436,
              47.965091
            ],
            [
              24.446342,
              47.964609
            ],
            [
              24.446737,
              47.964445
            ],
            [
              24.447457,
              47.96401
            ],
            [
              24.44762,
              47.963916
            ],
            [
              24.448862,
              47.963496
            ],
            [
              24.449943,
              47.963185
            ],
            [
              24.450686,
              47.96309
            ],
            [
              24.451488,
              47.963074
            ],
            [
              24.452672,
              47.963043
            ],
            [
              24.453404,
              47.963059
            ],
            [
              24.454508,
              47.963097
            ],
            [
              24.454891,
              47.963035
            ],
            [
              24.455553,
              47.962872
            ],
            [
              24.456029,
              47.962779
            ],
            [
              24.456401,
              47.962763
            ],
            [
              24.456703,
              47.962747
            ],
            [
              24.456959,
              47.962747
            ],
            [
              24.457865,
              47.96281
            ],
            [
              24.458318,
              47.96281
            ],
            [
              24.460246,
              47.962522
            ],
            [
              24.461059,
              47.96239
            ],
            [
              24.462116,
              47.962164
            ],
            [
              24.464028,
              47.961809
            ],
            [
              24.464679,
              47.961902
            ],
            [
              24.466247,
              47.962182
            ],
            [
              24.466607,
              47.962213
            ],
            [
              24.467315,
              47.962244
            ],
            [
              24.46785,
              47.962237
            ],
            [
              24.468291,
              47.962322
            ],
            [
              24.468605,
              47.962353
            ],
            [
              24.469081,
              47.962361
            ],
            [
              24.469627,
              47.962369
            ],
            [
              24.469987,
              47.9624
            ],
            [
              24.470394,
              47.962602
            ],
            [
              24.470649,
              47.96282
            ],
            [
              24.471044,
              47.962898
            ],
            [
              24.471451,
              47.962952
            ],
            [
              24.471799,
              47.9631
            ],
            [
              24.472426,
              47.963123
            ],
            [
              24.472694,
              47.963084
            ],
            [
              24.473216,
              47.962836
            ],
            [
              24.473762,
              47.96261
            ],
            [
              24.474041,
              47.962439
            ],
            [
              24.474448,
              47.96233
            ],
            [
              24.474773,
              47.962229
            ],
            [
              24.474854,
              47.96219
            ],
            [
              24.475098,
              47.961824
            ],
            [
              24.475133,
              47.961661
            ],
            [
              24.475377,
              47.961373
            ],
            [
              24.47547,
              47.961288
            ],
            [
              24.475714,
              47.961225
            ],
            [
              24.476353,
              47.961264
            ],
            [
              24.476957,
              47.961124
            ],
            [
              24.478037,
              47.960908
            ],
            [
              24.478269,
              47.960901
            ],
            [
              24.478478,
              47.960885
            ],
            [
              24.478815,
              47.960768
            ],
            [
              24.47935,
              47.960372
            ],
            [
              24.479849,
              47.95996
            ],
            [
              24.480256,
              47.959827
            ],
            [
              24.48072,
              47.959656
            ],
            [
              24.481069,
              47.959555
            ],
            [
              24.482271,
              47.958971
            ],
            [
              24.482887,
              47.958722
            ],
            [
              24.48363,
              47.95841
            ],
            [
              24.484478,
              47.958014
            ],
            [
              24.485257,
              47.957601
            ],
            [
              24.485779,
              47.957337
            ],
            [
              24.486418,
              47.956925
            ],
            [
              24.486729,
              47.956609
            ],
            [
              24.487159,
              47.956305
            ],
            [
              24.487193,
              47.956204
            ],
            [
              24.487368,
              47.955987
            ],
            [
              24.487577,
              47.955784
            ],
            [
              24.487844,
              47.955598
            ],
            [
              24.488134,
              47.955512
            ],
            [
              24.488564,
              47.95545
            ],
            [
              24.489064,
              47.955458
            ],
            [
              24.489877,
              47.955496
            ],
            [
              24.49055,
              47.955598
            ],
            [
              24.491271,
              47.955636
            ],
            [
              24.491944,
              47.95566
            ],
            [
              24.493036,
              47.955535
            ],
            [
              24.493803,
              47.955481
            ],
            [
              24.494453,
              47.955403
            ],
            [
              24.495475,
              47.955209
            ],
            [
              24.496312,
              47.95468
            ],
            [
              24.497148,
              47.954197
            ],
            [
              24.497566,
              47.954049
            ],
            [
              24.49831,
              47.953933
            ],
            [
              24.498716,
              47.953824
            ],
            [
              24.499181,
              47.953606
            ],
            [
              24.499994,
              47.952859
            ],
            [
              24.50025,
              47.952626
            ],
            [
              24.500621,
              47.952455
            ],
            [
              24.501574,
              47.952237
            ],
            [
              24.502933,
              47.951926
            ],
            [
              24.504187,
              47.951646
            ],
            [
              24.504466,
              47.951568
            ],
            [
              24.504976,
              47.951558
            ],
            [
              24.505592,
              47.951372
            ],
            [
              24.505863,
              47.951322
            ],
            [
              24.506235,
              47.951338
            ],
            [
              24.507211,
              47.951478
            ],
            [
              24.508012,
              47.951587
            ],
            [
              24.508918,
              47.951649
            ],
            [
              24.510092,
              47.951711
            ],
            [
              24.511567,
              47.951571
            ],
            [
              24.512647,
              47.951517
            ],
            [
              24.513112,
              47.951618
            ],
            [
              24.513623,
              47.951836
            ],
            [
              24.514006,
              47.952178
            ],
            [
              24.514273,
              47.952707
            ],
            [
              24.514482,
              47.953011
            ],
            [
              24.514598,
              47.953228
            ],
            [
              24.514993,
              47.953578
            ],
            [
              24.515342,
              47.953827
            ],
            [
              24.515667,
              47.954037
            ],
            [
              24.515958,
              47.954201
            ],
            [
              24.516201,
              47.954419
            ],
            [
              24.516469,
              47.954808
            ],
            [
              24.516968,
              47.955134
            ],
            [
              24.517363,
              47.955414
            ],
            [
              24.517688,
              47.955679
            ],
            [
              24.518025,
              47.955881
            ],
            [
              24.518339,
              47.956099
            ],
            [
              24.518743,
              47.956506
            ],
            [
              24.519092,
              47.956794
            ],
            [
              24.51951,
              47.957082
            ],
            [
              24.519998,
              47.957401
            ],
            [
              24.520509,
              47.957696
            ],
            [
              24.521514,
              47.958242
            ],
            [
              24.522095,
              47.958561
            ],
            [
              24.522455,
              47.958802
            ],
            [
              24.522978,
              47.959152
            ],
            [
              24.523466,
              47.959463
            ],
            [
              24.523803,
              47.959743
            ],
            [
              24.524,
              47.95993
            ],
            [
              24.524372,
              47.960171
            ],
            [
              24.524755,
              47.960405
            ],
            [
              24.525301,
              47.960685
            ],
            [
              24.527206,
              47.961548
            ],
            [
              24.527624,
              47.961486
            ],
            [
              24.528368,
              47.961276
            ],
            [
              24.53001,
              47.960867
            ],
            [
              24.530567,
              47.960735
            ],
            [
              24.530892,
              47.960626
            ],
            [
              24.531032,
              47.960634
            ],
            [
              24.531431,
              47.960817
            ],
            [
              24.531838,
              47.96102
            ],
            [
              24.532244,
              47.961175
            ],
            [
              24.532721,
              47.961354
            ],
            [
              24.533104,
              47.961486
            ],
            [
              24.533441,
              47.961595
            ],
            [
              24.533696,
              47.961642
            ],
            [
              24.534242,
              47.961634
            ],
            [
              24.534838,
              47.961603
            ],
            [
              24.535639,
              47.96165
            ],
            [
              24.536673,
              47.961766
            ],
            [
              24.536882,
              47.961797
            ],
            [
              24.537439,
              47.961805
            ],
            [
              24.538369,
              47.96172
            ],
            [
              24.539646,
              47.961525
            ],
            [
              24.540947,
              47.961331
            ],
            [
              24.542574,
              47.96109
            ],
            [
              24.546388,
              47.960561
            ],
            [
              24.547152,
              47.960413
            ],
            [
              24.547965,
              47.96032
            ],
            [
              24.548302,
              47.960289
            ],
            [
              24.548929,
              47.96011
            ],
            [
              24.549533,
              47.95983
            ],
            [
              24.549835,
              47.959387
            ],
            [
              24.550021,
              47.95899
            ],
            [
              24.550206,
              47.95864
            ],
            [
              24.550346,
              47.958609
            ],
            [
              24.550834,
              47.95857
            ],
            [
              24.552413,
              47.958484
            ],
            [
              24.552669,
              47.958578
            ],
            [
              24.553285,
              47.959068
            ],
            [
              24.553842,
              47.95948
            ],
            [
              24.55469,
              47.960126
            ],
            [
              24.555341,
              47.960577
            ],
            [
              24.555852,
              47.960935
            ],
            [
              24.556107,
              47.961121
            ],
            [
              24.5562,
              47.961238
            ],
            [
              24.556212,
              47.961658
            ],
            [
              24.556177,
              47.962071
            ],
            [
              24.55627,
              47.962514
            ],
            [
              24.556433,
              47.963428
            ],
            [
              24.558665,
              47.965805
            ],
            [
              24.558955,
              47.966093
            ],
            [
              24.559501,
              47.966435
            ],
            [
              24.560274,
              47.966988
            ],
            [
              24.560808,
              47.96733
            ],
            [
              24.561401,
              47.967688
            ],
            [
              24.561923,
              47.968007
            ],
            [
              24.562469,
              47.968364
            ],
            [
              24.562748,
              47.96852
            ],
            [
              24.562794,
              47.968644
            ]
          ],
          [
            [
              22.155162,
              48.403406
            ],
            [
              22.153836,
              48.403601
            ],
            [
              22.152466,
              48.403963
            ],
            [
              22.149844,
              48.403914
            ],
            [
              22.146765,
              48.403679
            ],
            [
              22.144011,
              48.403855
            ],
            [
              22.142317,
              48.405244
            ],
            [
              22.142096,
              48.407552
            ],
            [
              22.142479,
              48.409361
            ],
            [
              22.142811,
              48.411281
            ],
            [
              22.141235,
              48.41178
            ],
            [
              22.13823,
              48.414644
            ],
            [
              22.137125,
              48.418682
            ],
            [
              22.137081,
              48.418936
            ],
            [
              22.137434,
              48.420354
            ],
            [
              22.137724,
              48.421631
            ],
            [
              22.137931,
              48.425062
            ],
            [
              22.140258,
              48.428522
            ],
            [
              22.138046,
              48.431733
            ],
            [
              22.137692,
              48.432779
            ],
            [
              22.138237,
              48.435447
            ],
            [
              22.139283,
              48.440816
            ],
            [
              22.140196,
              48.445535
            ],
            [
              22.140889,
              48.449264
            ],
            [
              22.141566,
              48.452849
            ],
            [
              22.142288,
              48.455849
            ],
            [
              22.142568,
              48.457158
            ],
            [
              22.143584,
              48.461329
            ],
            [
              22.144659,
              48.465919
            ],
            [
              22.145985,
              48.471744
            ],
            [
              22.146795,
              48.474996
            ],
            [
              22.148135,
              48.480826
            ],
            [
              22.149549,
              48.486762
            ],
            [
              22.151018,
              48.493173
            ],
            [
              22.151474,
              48.495438
            ],
            [
              22.152427,
              48.499836
            ],
            [
              22.153193,
              48.503564
            ],
            [
              22.154339,
              48.508719
            ],
            [
              22.154575,
              48.509802
            ],
            [
              22.154074,
              48.511051
            ],
            [
              22.153175,
              48.512856
            ],
            [
              22.155576,
              48.515003
            ],
            [
              22.156475,
              48.518915
            ],
            [
              22.157433,
              48.523116
            ],
            [
              22.15814,
              48.526481
            ],
            [
              22.158287,
              48.527028
            ],
            [
              22.158405,
              48.529271
            ],
            [
              22.158729,
              48.533631
            ],
            [
              22.159053,
              48.538566
            ],
            [
              22.159406,
              48.5439
            ],
            [
              22.159671,
              48.547528
            ],
            [
              22.15997,
              48.552562
            ],
            [
              22.160249,
              48.556677
            ],
            [
              22.16047,
              48.560128
            ],
            [
              22.160794,
              48.564339
            ],
            [
              22.160986,
              48.56736
            ],
            [
              22.162975,
              48.57123
            ],
            [
              22.165552,
              48.576191
            ],
            [
              22.168497,
              48.58194
            ],
            [
              22.170736,
              48.586266
            ],
            [
              22.171397,
              48.587561
            ],
            [
              22.1767,
              48.593913
            ],
            [
              22.180629,
              48.598561
            ],
            [
              22.183825,
              48.602418
            ],
            [
              22.184253,
              48.602136
            ],
            [
              22.184665,
              48.602087
            ],
            [
              22.185107,
              48.602155
            ],
            [
              22.185448,
              48.602239
            ],
            [
              22.186626,
              48.60276
            ],
            [
              22.187157,
              48.603208
            ],
            [
              22.187594,
              48.60373
            ],
            [
              22.188109,
              48.604577
            ],
            [
              22.188463,
              48.604967
            ],
            [
              22.188698,
              48.605327
            ],
            [
              22.188846,
              48.605765
            ],
            [
              22.188993,
              48.606379
            ],
            [
              22.18889,
              48.606691
            ],
            [
              22.188625,
              48.607275
            ],
            [
              22.18836,
              48.60782
            ]
          ]
        ]
      },
      "properties": {
        "stroke": "#312E81",
        "stroke-opacity": 1,
        "stroke-width": 1,
        "fill": "#312E81",
        "fill-opacity": 0.3
      },
      "bbox": [
        22.137081,
        47.896511,
        24.627091,
        49.097322
      ]
    }
  ]
}
